{
    "latency": 2.5625316765957447,
    "energy": 595407349185288.4,
    "energy_rsts": {
        "DRAM": 28944643601203.2,
        "L3": 56881144611666.39,
        "reg_file": 22242928467.64032,
        "PE": 509559318043951.1,
        "total": 595407349185288.4
    },
    "tl_rsts": {
        "Q": {
            "tl_rst": {
                "comp_latency": 0.6425316765957447,
                "mem_latency": 0.96,
                "traffic": 412316860416,
                "energy": 540972915005.33,
                "traffic_energy": 23642961080127.062,
                "traffic_energy_foreach": {
                    "DRAM": 12864286044979.2,
                    "L3": 10771260725658.648,
                    "reg_file": 7414309489.21344,
                    "traffic": {
                        "DRAM": {
                            "read": 48318382080.0,
                            "write": 3221225472.0,
                            "update": 0,
                            "leak": 0
                        },
                        "L3": {
                            "read": 754974720.0,
                            "write": 805306368.0,
                            "update": 0,
                            "leak": 0
                        },
                        "reg_file_2d": {
                            "read": 1811152896.0,
                            "write": 1811939328.0,
                            "update": 0,
                            "leak": 0
                        },
                        "reg_file_1d": {
                            "read": 0,
                            "write": 0,
                            "update": 0,
                            "leak": 0
                        }
                    }
                },
                "mac_instances": 65536,
                "mac_utilized_instances": 16384
            },
            "factors": {
                "DRAM": {
                    "B": 64,
                    "E": 1,
                    "H": 12,
                    "P": 1024,
                    "D": 768
                },
                "L3": {
                    "B": 1,
                    "E": 1,
                    "H": 1,
                    "P": 1,
                    "D": 1
                },
                "PE": {
                    "B": 1,
                    "E": 1,
                    "H": 1,
                    "P": 256,
                    "D": 1
                },
                "PE_col": {
                    "B": 1,
                    "E": 64,
                    "H": 1,
                    "P": 1,
                    "D": 1
                },
                "reg_file": {
                    "B": 1,
                    "E": 1,
                    "H": 1,
                    "P": 1,
                    "D": 1
                }
            }
        },
        "BK": {
            "tl_rst": {
                "comp_latency": 0.6425316765957447,
                "mem_latency": 0.96,
                "traffic": 412316860416,
                "energy": 540972915005.33,
                "traffic_energy": 23642961080127.062,
                "traffic_energy_foreach": {
                    "DRAM": 12864286044979.2,
                    "L3": 10771260725658.648,
                    "reg_file": 7414309489.21344,
                    "traffic": {
                        "DRAM": {
                            "read": 48318382080.0,
                            "write": 3221225472.0,
                            "update": 0,
                            "leak": 0
                        },
                        "L3": {
                            "read": 754974720.0,
                            "write": 805306368.0,
                            "update": 0,
                            "leak": 0
                        },
                        "reg_file_2d": {
                            "read": 1811152896.0,
                            "write": 1811939328.0,
                            "update": 0,
                            "leak": 0
                        },
                        "reg_file_1d": {
                            "read": 0,
                            "write": 0,
                            "update": 0,
                            "leak": 0
                        }
                    }
                },
                "mac_instances": 65536,
                "mac_utilized_instances": 16384
            },
            "factors": {
                "DRAM": {
                    "B": 64,
                    "E": 1,
                    "H": 12,
                    "M": 1024,
                    "N": 1,
                    "D": 768
                },
                "L3": {
                    "B": 1,
                    "E": 1,
                    "H": 1,
                    "M": 1,
                    "N": 1,
                    "D": 1
                },
                "PE": {
                    "B": 1,
                    "E": 1,
                    "H": 1,
                    "M": 1,
                    "N": 256,
                    "D": 1
                },
                "PE_col": {
                    "B": 1,
                    "E": 64,
                    "H": 1,
                    "M": 1,
                    "N": 1,
                    "D": 1
                },
                "reg_file": {
                    "B": 1,
                    "E": 1,
                    "H": 1,
                    "M": 1,
                    "N": 1,
                    "D": 1
                }
            }
        },
        "BV": {
            "tl_rst": {
                "comp_latency": 0.6425316765957447,
                "mem_latency": 0.24,
                "traffic": 103079215104,
                "energy": 540972915005.33,
                "traffic_energy": 9234373308011.248,
                "traffic_energy_foreach": {
                    "DRAM": 3216071511244.8,
                    "L3": 6010887487277.236,
                    "reg_file": 7414309489.21344,
                    "traffic": {
                        "DRAM": {
                            "read": 9663676416.0,
                            "write": 3221225472.0,
                            "update": 0,
                            "leak": 0
                        },
                        "L3": {
                            "read": 754974720.0,
                            "write": 201326592.0,
                            "update": 0,
                            "leak": 0
                        },
                        "reg_file_2d": {
                            "read": 1811152896.0,
                            "write": 1811939328.0,
                            "update": 0,
                            "leak": 0
                        },
                        "reg_file_1d": {
                            "read": 0,
                            "write": 0,
                            "update": 0,
                            "leak": 0
                        }
                    }
                },
                "mac_instances": 65536,
                "mac_utilized_instances": 16384
            },
            "factors": {
                "DRAM": {
                    "B": 64,
                    "F": 1,
                    "H": 12,
                    "M": 1024,
                    "N": 1,
                    "D": 768
                },
                "L3": {
                    "B": 1,
                    "F": 1,
                    "H": 1,
                    "M": 1,
                    "N": 1,
                    "D": 1
                },
                "PE": {
                    "B": 1,
                    "F": 1,
                    "H": 1,
                    "M": 1,
                    "N": 256,
                    "D": 1
                },
                "PE_col": {
                    "B": 1,
                    "F": 64,
                    "H": 1,
                    "M": 1,
                    "N": 1,