{
    "latency": 4.502278536170213,
    "energy": 1056372869941607.5,
    "energy_rsts": {
        "DRAM": 50385120342835.195,
        "L3": 100064972239857.0,
        "reg_file": 39545280780.04224,
        "PE": 905883232078135.2,
        "total": 1056372869941607.5
    },
    "tl_rsts": {
        "Q": {
            "tl_rst": {
                "comp_latency": 1.1422785361702128,
                "mem_latency": 1.68,
                "traffic": 721554505728,
                "energy": 961729626676.13,
                "traffic_energy": 41498280175760.05,
                "traffic_energy_foreach": {
                    "DRAM": 22512500578713.6,
                    "L3": 18972597836786.434,
                    "reg_file": 13181760260.01408,
                    "traffic": {
                        "DRAM": {
                            "read": 85899345920.0,
                            "write": 4294967296.0,
                            "update": 0,
                            "leak": 0
                        },
                        "L3": {
                            "read": 1342177280.0,
                            "write": 1409286144.0,
                            "update": 0,
                            "leak": 0
                        },
                        "reg_file_2d": {
                            "read": 3220176896.0,
                            "write": 3221225472.0,
                            "update": 0,
                            "leak": 0
                        },
                        "reg_file_1d": {
                            "read": 0,
                            "write": 0,
                            "update": 0,
                            "leak": 0
                        }
                    }
                },
                "mac_instances": 65536,
                "mac_utilized_instances": 16384
            },
            "factors": {
                "DRAM": {
                    "B": 64,
                    "E": 1,
                    "H": 16,
                    "P": 1024,
                    "D": 1024
                },
                "L3": {
                    "B": 1,
                    "E": 1,
                    "H": 1,
                    "P": 1,
                    "D": 1
                },
                "PE": {
                    "B": 1,
                    "E": 1,
                    "H": 1,
                    "P": 256,
                    "D": 1
                },
                "PE_col": {
                    "B": 1,
                    "E": 64,
                    "H": 1,
                    "P": 1,
                    "D": 1
                },
                "reg_file": {
                    "B": 1,
                    "E": 1,
                    "H": 1,
                    "P": 1,
                    "D": 1
                }
            }
        },
        "BK": {
            "tl_rst": {
                "comp_latency": 1.1422785361702128,
                "mem_latency": 1.68,
                "traffic": 721554505728,
                "energy": 961729626676.13,
                "traffic_energy": 41498280175760.05,
                "traffic_energy_foreach": {
                    "DRAM": 22512500578713.6,
                    "L3": 18972597836786.434,
                    "reg_file": 13181760260.01408,
                    "traffic": {
                        "DRAM": {
                            "read": 85899345920.0,
                            "write": 4294967296.0,
                            "update": 0,
                            "leak": 0
                        },
                        "L3": {
                            "read": 1342177280.0,
                            "write": 1409286144.0,
                            "update": 0,
                            "leak": 0
                        },
                        "reg_file_2d": {
                            "read": 3220176896.0,
                            "write": 3221225472.0,
                            "update": 0,
                            "leak": 0
                        },
                        "reg_file_1d": {
                            "read": 0,
                            "write": 0,
                            "update": 0,
                            "leak": 0
                        }
                    }
                },
                "mac_instances": 65536,
                "mac_utilized_instances": 16384
            },
            "factors": {
                "DRAM": {
                    "B": 64,
                    "E": 1,
                    "H": 16,
                    "M": 1024,
                    "N": 1,
                    "D": 1024
                },
                "L3": {
                    "B": 1,
                    "E": 1,
                    "H": 1,
                    "M": 1,
                    "N": 1,
                    "D": 1
                },
                "PE": {
                    "B": 1,
                    "E": 1,
                    "H": 1,
                    "M": 1,
                    "N": 256,
                    "D": 1
                },
                "PE_col": {
                    "B": 1,
                    "E": 64,
                    "H": 1,
                    "M": 1,
                    "N": 1,
                    "D": 1
                },
                "reg_file": {
                    "B": 1,
                    "E": 1,
                    "H": 1,
                    "M": 1,
                    "N": 1,
                    "D": 1
                }
            }
        },
        "BV": {
            "tl_rst": {
                "comp_latency": 1.1422785361702128,
                "mem_latency": 0.4,
                "traffic": 171798691840,
                "energy": 961729626676.13,
                "traffic_energy": 15883013025331.938,
                "traffic_energy_foreach": {
                    "DRAM": 5360119185408.0,
                    "L3": 10509712079663.924,
                    "reg_file": 13181760260.01408,
                    "traffic": {
                        "DRAM": {
                            "read": 17179869184.0,
                            "write": 4294967296.0,
                            "update": 0,
                            "leak": 0
                        },
                        "L3": {
                            "read": 1342177280.0,
                            "write": 335544320.0,
                            "update": 0,
                            "leak": 0
                        },
                        "reg_file_2d": {
                            "read": 3220176896.0,
                            "write": 3221225472.0,
                            "update": 0,
                            "leak": 0
                        },
                        "reg_file_1d": {
                            "read": 0,
                            "write": 0,
                            "update": 0,
                            "leak": 0
                        }
                    }
                },
                "mac_instances": 65536,
                "mac_utilized_instances": 16384
            },
            "factors": {
                "DRAM": {
                    "B": 64,
                    "F": 1,
                    "H": 16,
                    "M": 1024,
                    "N": 1,
                    "D": 1024
                },
                "L3": {
                    "B": 1,
                    "F": 1,
                    "H": 1,
                    "M": 1,
                    "N": 1,
                    "D": 1
                },
                "PE": {
                    "B": 1,
                    "F": 1,
                    "H": 1,
                    "M": 1,
                    "N": 256,
                    "D": 1
                },
                "PE_col": {
                    "B": 1,
                    "F": 64,
                    "H": 1,
                    "M": 1,
                    "N": 1,