{
    "latency": 41.138228289361706,
    "energy": 1.5983053990270414e+16,
    "energy_rsts": {
        "DRAM": 505995251102515.2,
        "L3": 982610636109443.5,
        "reg_file": 316389808291.18463,
        "PE": 1.4494131713250164e+16,
        "total": 1.5983053990270414e+16
    },
    "tl_rsts": {
        "Q": {
            "tl_rst": {
                "comp_latency": 9.138228289361702,
                "mem_latency": 16.0,
                "traffic": 6871947673600,
                "energy": 15387674026818.14,
                "traffic_energy": 395800881343187.9,
                "traffic_energy_foreach": {
                    "DRAM": 214404767416320.0,
                    "L3": 181290650657437.5,
                    "reg_file": 105463269430.39487,
                    "traffic": {
                        "DRAM": {
                            "read": 824633720832.0,
                            "write": 34359738368.0,
                            "update": 0,
                            "leak": 0
                        },
                        "L3": {
                            "read": 12884901888.0,
                            "write": 13421772800.0,
                            "update": 0,
                            "leak": 0
                        },
                        "reg_file_2d": {
                            "read": 25765609472.0,
                            "write": 25769803776.0,
                            "update": 0,
                            "leak": 0
                        },
                        "reg_file_1d": {
                            "read": 0,
                            "write": 0,
                            "update": 0,
                            "leak": 0
                        }
                    }
                },
                "mac_instances": 65536,
                "mac_utilized_instances": 32768
            },
            "factors": {
                "DRAM": {
                    "B": 64,
                    "E": 1,
                    "H": 16,
                    "P": 4096,
                    "D": 2048
                },
                "L3": {
                    "B": 1,
                    "E": 1,
                    "H": 1,
                    "P": 1,
                    "D": 1
                },
                "PE": {
                    "B": 1,
                    "E": 1,
                    "H": 1,
                    "P": 256,
                    "D": 1
                },
                "PE_col": {
                    "B": 1,
                    "E": 128,
                    "H": 1,
                    "P": 1,
                    "D": 1
                },
                "reg_file": {
                    "B": 1,
                    "E": 1,
                    "H": 1,
                    "P": 1,
                    "D": 1
                }
            }
        },
        "BK": {
            "tl_rst": {
                "comp_latency": 9.138228289361702,
                "mem_latency": 16.0,
                "traffic": 6871947673600,
                "energy": 15387674026818.14,
                "traffic_energy": 395800881343187.9,
                "traffic_energy_foreach": {
                    "DRAM": 214404767416320.0,
                    "L3": 181290650657437.5,
                    "reg_file": 105463269430.39487,
                    "traffic": {
                        "DRAM": {
                            "read": 824633720832.0,
                            "write": 34359738368.0,
                            "update": 0,
                            "leak": 0
                        },
                        "L3": {
                            "read": 12884901888.0,
                            "write": 13421772800.0,
                            "update": 0,
                            "leak": 0
                        },
                        "reg_file_2d": {
                            "read": 25765609472.0,
                            "write": 25769803776.0,
                            "update": 0,
                            "leak": 0
                        },
                        "reg_file_1d": {
                            "read": 0,
                            "write": 0,
                            "update": 0,
                            "leak": 0
                        }
                    }
                },
                "mac_instances": 65536,
                "mac_utilized_instances": 32768
            },
            "factors": {
                "DRAM": {
                    "B": 64,
                    "E": 1,
                    "H": 16,
                    "M": 4096,
                    "N": 1,
                    "D": 2048
                },
                "L3": {
                    "B": 1,
                    "E": 1,
                    "H": 1,
                    "M": 1,
                    "N": 1,
                    "D": 1
                },
                "PE": {
                    "B": 1,
                    "E": 1,
                    "H": 1,
                    "M": 1,
                    "N": 256,
                    "D": 1
                },
                "PE_col": {
                    "B": 1,
                    "E": 128,
                    "H": 1,
                    "M": 1,
                    "N": 1,
                    "D": 1
                },
                "reg_file": {
                    "B": 1,
                    "E": 1,
                    "H": 1,
                    "M": 1,
                    "N": 1,
                    "D": 1
                }
            }
        },
        "BV": {
            "tl_rst": {
                "comp_latency": 9.138228289361702,
                "mem_latency": 5.76,
                "traffic": 2473901162496,
                "energy": 15387674026818.14,
                "traffic_energy": 190878744139763.03,
                "traffic_energy_foreach": {
                    "DRAM": 77185716269875.2,
                    "L3": 113587564600457.42,
                    "reg_file": 105463269430.39487,
                    "traffic": {
                        "DRAM": {
                            "read": 274877906944.0,
                            "write": 34359738368.0,
                            "update": 0,
                            "leak": 0
                        },
                        "L3": {
                            "read": 12884901888.0,
                            "write": 4831838208.0,
                            "update": 0,
                            "leak": 0
                        },
                        "reg_file_2d": {
                            "read": 25765609472.0,
                            "write": 25769803776.0,
                            "update": 0,
                            "leak": 0
                        },
                        "reg_file_1d": {
                            "read": 0,
                            "write": 0,
                            "update": 0,
                            "leak": 0
                        }
                    }
                },
                "mac_instances": 65536,
                "mac_utilized_instances": 32768
            },
            "factors": {
                "DRAM": {
                    "B": 64,
                    "F": 1,
                    "H": 16,
                    "M": 4096,
                    "N": 1,
                    "D": 2048
                },
                "L3": {
                    "B": 1,
                    "F": 1,
                    "H": 1,
                    "M": 1,
                    "N": 1,
                    "D": 1
                },
                "PE": {
                    "B": 1,
                    "F": 1,
                    "H": 1,
                    "M": 1,
                    "N": 256,
                    "D": 1
                },
                "PE_col": {
                    "B": 1,
                    "F": 128,
                    "H": 1,
                    "M": 1,