{
    "latency": 0.07034810212765957,
    "energy": 16505826092837.617,
    "energy_rsts": {
        "DRAM": 787267505356.7999,
        "L3": 1563515191247.7656,
        "reg_file": 617895012.18816,
        "PE": 14154425501220.863,
        "total": 16505826092837.617
    },
    "tl_rsts": {
        "Q": {
            "tl_rst": {
                "comp_latency": 0.017848102127659575,
                "mem_latency": 0.02625,
                "traffic": 11274289152,
                "energy": 15027025416.81,
                "traffic_energy": 648410627746.2507,
                "traffic_energy_foreach": {
                    "DRAM": 351757821542.4,
                    "L3": 296446841199.788,
                    "reg_file": 205965004.06272,
                    "traffic": {
                        "DRAM": {
                            "read": 1342177280.0,
                            "write": 67108864.0,
                            "update": 0,
                            "leak": 0
                        },
                        "L3": {
                            "read": 20971520.0,
                            "write": 22020096.0,
                            "update": 0,
                            "leak": 0
                        },
                        "reg_file_2d": {
                            "read": 50315264.0,
                            "write": 50331648.0,
                            "update": 0,
                            "leak": 0
                        },
                        "reg_file_1d": {
                            "read": 0,
                            "write": 0,
                            "update": 0,
                            "leak": 0
                        }
                    }
                },
                "mac_instances": 65536,
                "mac_utilized_instances": 16384
            },
            "factors": {
                "DRAM": {
                    "B": 64,
                    "E": 1,
                    "H": 16,
                    "P": 16,
                    "D": 1024
                },
                "L3": {
                    "B": 1,
                    "E": 1,
                    "H": 1,
                    "P": 1,
                    "D": 1
                },
                "PE": {
                    "B": 1,
                    "E": 1,
                    "H": 1,
                    "P": 256,
                    "D": 1
                },
                "PE_col": {
                    "B": 1,
                    "E": 64,
                    "H": 1,
                    "P": 1,
                    "D": 1
                },
                "reg_file": {
                    "B": 1,
                    "E": 1,
                    "H": 1,
                    "P": 1,
                    "D": 1
                }
            }
        },
        "BK": {
            "tl_rst": {
                "comp_latency": 0.017848102127659575,
                "mem_latency": 0.02625,
                "traffic": 11274289152,
                "energy": 15027025416.81,
                "traffic_energy": 648410627746.2507,
                "traffic_energy_foreach": {
                    "DRAM": 351757821542.4,
                    "L3": 296446841199.788,
                    "reg_file": 205965004.06272,
                    "traffic": {
                        "DRAM": {
                            "read": 1342177280.0,
                            "write": 67108864.0,
                            "update": 0,
                            "leak": 0
                        },
                        "L3": {
                            "read": 20971520.0,
                            "write": 22020096.0,
                            "update": 0,
                            "leak": 0
                        },
                        "reg_file_2d": {
                            "read": 50315264.0,
                            "write": 50331648.0,
                            "update": 0,
                            "leak": 0
                        },
                        "reg_file_1d": {
                            "read": 0,
                            "write": 0,
                            "update": 0,
                            "leak": 0
                        }
                    }
                },
                "mac_instances": 65536,
                "mac_utilized_instances": 16384
            },
            "factors": {
                "DRAM": {
                    "B": 64,
                    "E": 1,
                    "H": 16,
                    "M": 16,
                    "N": 1,
                    "D": 1024
                },
                "L3": {
                    "B": 1,
                    "E": 1,
                    "H": 1,
                    "M": 1,
                    "N": 1,
                    "D": 1
                },
                "PE": {
                    "B": 1,
                    "E": 1,
                    "H": 1,
                    "M": 1,
                    "N": 256,
                    "D": 1
                },
                "PE_col": {
                    "B": 1,
                    "E": 64,
                    "H": 1,
                    "M": 1,
                    "N": 1,
                    "D": 1
                },
                "reg_file": {
                    "B": 1,
                    "E": 1,
                    "H": 1,
                    "M": 1,
                    "N": 1,
                    "D": 1
                }
            }
        },
        "BV": {
            "tl_rst": {
                "comp_latency": 0.017848102127659575,
                "mem_latency": 0.00625,
                "traffic": 2684354560,
                "energy": 15027025416.81,
                "traffic_energy": 248172078520.81152,
                "traffic_energy_foreach": {
                    "DRAM": 83751862272.0,
                    "L3": 164214251244.7488,
                    "reg_file": 205965004.06272,
                    "traffic": {
                        "DRAM": {
                            "read": 268435456.0,
                            "write": 67108864.0,
                            "update": 0,
                            "leak": 0
                        },
                        "L3": {
                            "read": 20971520.0,
                            "write": 5242880.0,
                            "update": 0,
                            "leak": 0
                        },
                        "reg_file_2d": {
                            "read": 50315264.0,
                            "write": 50331648.0,
                            "update": 0,
                            "leak": 0
                        },
                        "reg_file_1d": {
                            "read": 0,
                            "write": 0,
                            "update": 0,
                            "leak": 0
                        }
                    }
                },
                "mac_instances": 65536,
                "mac_utilized_instances": 16384
            },
            "factors": {
                "DRAM": {
                    "B": 64,
                    "F": 1,
                    "H": 16,
                    "M": 16,
                    "N": 1,
                    "D": 1024
                },
                "L3": {
                    "B": 1,
                    "F": 1,
                    "H": 1,
                    "M": 1,
                    "N": 1,
                    "D": 1
                },
                "PE": {
                    "B": 1,
                    "F": 1,
                    "H": 1,
                    "M": 1,
                    "N": 256,
                    "D": 1
                },
                "PE_col": {
                    "B": 1,
                    "F": 64,
                    "H": 1,
                    "M": 1,
                    "N": 1,
                    "D": 1
                },