{
    "latency": 1.1255696340425532,
    "energy": 264093217485401.88,
    "energy_rsts": {
        "DRAM": 12596280085708.799,
        "L3": 25016243059964.25,
        "reg_file": 9886320195.01056,
        "PE": 226470808019533.8,
        "total": 264093217485401.88
    },
    "tl_rsts": {
        "Q": {
            "tl_rst": {
                "comp_latency": 0.2855696340425532,
                "mem_latency": 0.42,
                "traffic": 180388626432,
                "energy": 240432406669.03,
                "traffic_energy": 10374570043940.012,
                "traffic_energy_foreach": {
                    "DRAM": 5628125144678.4,
                    "L3": 4743149459196.608,
                    "reg_file": 3295440065.00352,
                    "traffic": {
                        "DRAM": {
                            "read": 21474836480.0,
                            "write": 1073741824.0,
                            "update": 0,
                            "leak": 0
                        },
                        "L3": {
                            "read": 335544320.0,
                            "write": 352321536.0,
                            "update": 0,
                            "leak": 0
                        },
                        "reg_file_2d": {
                            "read": 805044224.0,
                            "write": 805306368.0,
                            "update": 0,
                            "leak": 0
                        },
                        "reg_file_1d": {
                            "read": 0,
                            "write": 0,
                            "update": 0,
                            "leak": 0
                        }
                    }
                },
                "mac_instances": 65536,
                "mac_utilized_instances": 16384
            },
            "factors": {
                "DRAM": {
                    "B": 64,
                    "E": 1,
                    "H": 16,
                    "P": 256,
                    "D": 1024
                },
                "L3": {
                    "B": 1,
                    "E": 1,
                    "H": 1,
                    "P": 1,
                    "D": 1
                },
                "PE": {
                    "B": 1,
                    "E": 1,
                    "H": 1,
                    "P": 256,
                    "D": 1
                },
                "PE_col": {
                    "B": 1,
                    "E": 64,
                    "H": 1,
                    "P": 1,
                    "D": 1
                },
                "reg_file": {
                    "B": 1,
                    "E": 1,
                    "H": 1,
                    "P": 1,
                    "D": 1
                }
            }
        },
        "BK": {
            "tl_rst": {
                "comp_latency": 0.2855696340425532,
                "mem_latency": 0.42,
                "traffic": 180388626432,
                "energy": 240432406669.03,
                "traffic_energy": 10374570043940.012,
                "traffic_energy_foreach": {
                    "DRAM": 5628125144678.4,
                    "L3": 4743149459196.608,
                    "reg_file": 3295440065.00352,
                    "traffic": {
                        "DRAM": {
                            "read": 21474836480.0,
                            "write": 1073741824.0,
                            "update": 0,
                            "leak": 0
                        },
                        "L3": {
                            "read": 335544320.0,
                            "write": 352321536.0,
                            "update": 0,
                            "leak": 0
                        },
                        "reg_file_2d": {
                            "read": 805044224.0,
                            "write": 805306368.0,
                            "update": 0,
                            "leak": 0
                        },
                        "reg_file_1d": {
                            "read": 0,
                            "write": 0,
                            "update": 0,
                            "leak": 0
                        }
                    }
                },
                "mac_instances": 65536,
                "mac_utilized_instances": 16384
            },
            "factors": {
                "DRAM": {
                    "B": 64,
                    "E": 1,
                    "H": 16,
                    "M": 256,
                    "N": 1,
                    "D": 1024
                },
                "L3": {
                    "B": 1,
                    "E": 1,
                    "H": 1,
                    "M": 1,
                    "N": 1,
                    "D": 1
                },
                "PE": {
                    "B": 1,
                    "E": 1,
                    "H": 1,
                    "M": 1,
                    "N": 256,
                    "D": 1
                },
                "PE_col": {
                    "B": 1,
                    "E": 64,
                    "H": 1,
                    "M": 1,
                    "N": 1,
                    "D": 1
                },
                "reg_file": {
                    "B": 1,
                    "E": 1,
                    "H": 1,
                    "M": 1,
                    "N": 1,
                    "D": 1
                }
            }
        },
        "BV": {
            "tl_rst": {
                "comp_latency": 0.2855696340425532,
                "mem_latency": 0.1,
                "traffic": 42949672960,
                "energy": 240432406669.03,
                "traffic_energy": 3970753256332.9844,
                "traffic_energy_foreach": {
                    "DRAM": 1340029796352.0,
                    "L3": 2627428019915.981,
                    "reg_file": 3295440065.00352,
                    "traffic": {
                        "DRAM": {
                            "read": 4294967296.0,
                            "write": 1073741824.0,
                            "update": 0,
                            "leak": 0
                        },
                        "L3": {
                            "read": 335544320.0,
                            "write": 83886080.0,
                            "update": 0,
                            "leak": 0
                        },
                        "reg_file_2d": {
                            "read": 805044224.0,
                            "write": 805306368.0,
                            "update": 0,
                            "leak": 0
                        },
                        "reg_file_1d": {
                            "read": 0,
                            "write": 0,
                            "update": 0,
                            "leak": 0
                        }
                    }
                },
                "mac_instances": 65536,
                "mac_utilized_instances": 16384
            },
            "factors": {
                "DRAM": {
                    "B": 64,
                    "F": 1,
                    "H": 16,
                    "M": 256,
                    "N": 1,
                    "D": 1024
                },
                "L3": {
                    "B": 1,
                    "F": 1,
                    "H": 1,
                    "M": 1,
                    "N": 1,
                    "D": 1
                },
                "PE": {
                    "B": 1,
                    "F": 1,
                    "H": 1,
                    "M": 1,
                    "N": 256,
                    "D": 1
                },
                "PE_col": {
                    "B": 1,
                    "F": 64,
                    "H": 1,
                    "M": 1,
                    "N": 1,