{
    "latency": 10.124557072340426,
    "energy": 3989376241625632.0,
    "energy_rsts": {
        "DRAM": 123282741264384.0,
        "L3": 242481471151377.75,
        "reg_file": 79100897329.15201,
        "PE": 3623532928312541.0,
        "total": 3989376241625632.0
    },
    "tl_rsts": {
        "Q": {
            "tl_rst": {
                "comp_latency": 2.2845570723404256,
                "mem_latency": 3.92,
                "traffic": 1683627180032,
                "energy": 3846918506704.54,
                "traffic_energy": 97349267287314.02,
                "traffic_energy_foreach": {
                    "DRAM": 52529168016998.4,
                    "L3": 44793732304539.22,
                    "reg_file": 26366965776.384,
                    "traffic": {
                        "DRAM": {
                            "read": 206158430208.0,
                            "write": 4294967296.0,
                            "update": 0,
                            "leak": 0
                        },
                        "L3": {
                            "read": 3221225472.0,
                            "write": 3288334336.0,
                            "update": 0,
                            "leak": 0
                        },
                        "reg_file_2d": {
                            "read": 6441926656.0,
                            "write": 6442450944.0,
                            "update": 0,
                            "leak": 0
                        },
                        "reg_file_1d": {
                            "read": 0,
                            "write": 0,
                            "update": 0,
                            "leak": 0
                        }
                    }
                },
                "mac_instances": 65536,
                "mac_utilized_instances": 32768
            },
            "factors": {
                "DRAM": {
                    "B": 64,
                    "E": 1,
                    "H": 32,
                    "P": 256,
                    "D": 4096
                },
                "L3": {
                    "B": 1,
                    "E": 1,
                    "H": 1,
                    "P": 1,
                    "D": 1
                },
                "PE": {
                    "B": 1,
                    "E": 1,
                    "H": 1,
                    "P": 256,
                    "D": 1
                },
                "PE_col": {
                    "B": 1,
                    "E": 128,
                    "H": 1,
                    "P": 1,
                    "D": 1
                },
                "reg_file": {
                    "B": 1,
                    "E": 1,
                    "H": 1,
                    "P": 1,
                    "D": 1
                }
            }
        },
        "BK": {
            "tl_rst": {
                "comp_latency": 2.2845570723404256,
                "mem_latency": 3.92,
                "traffic": 1683627180032,
                "energy": 3846918506704.54,
                "traffic_energy": 97349267287314.02,
                "traffic_energy_foreach": {
                    "DRAM": 52529168016998.4,
                    "L3": 44793732304539.22,
                    "reg_file": 26366965776.384,
                    "traffic": {
                        "DRAM": {
                            "read": 206158430208.0,
                            "write": 4294967296.0,
                            "update": 0,
                            "leak": 0
                        },
                        "L3": {
                            "read": 3221225472.0,
                            "write": 3288334336.0,
                            "update": 0,
                            "leak": 0
                        },
                        "reg_file_2d": {
                            "read": 6441926656.0,
                            "write": 6442450944.0,
                            "update": 0,
                            "leak": 0
                        },
                        "reg_file_1d": {
                            "read": 0,
                            "write": 0,
                            "update": 0,
                            "leak": 0
                        }
                    }
                },
                "mac_instances": 65536,
                "mac_utilized_instances": 32768
            },
            "factors": {
                "DRAM": {
                    "B": 64,
                    "E": 1,
                    "H": 32,
                    "M": 256,
                    "N": 1,
                    "D": 4096
                },
                "L3": {
                    "B": 1,
                    "E": 1,
                    "H": 1,
                    "M": 1,
                    "N": 1,
                    "D": 1
                },
                "PE": {
                    "B": 1,
                    "E": 1,
                    "H": 1,
                    "M": 1,
                    "N": 256,
                    "D": 1
                },
                "PE_col": {
                    "B": 1,
                    "E": 128,
                    "H": 1,
                    "M": 1,
                    "N": 1,
                    "D": 1
                },
                "reg_file": {
                    "B": 1,
                    "E": 1,
                    "H": 1,
                    "M": 1,
                    "N": 1,
                    "D": 1
                }
            }
        },
        "BV": {
            "tl_rst": {
                "comp_latency": 2.2845570723404256,
                "mem_latency": 1.36,
                "traffic": 584115552256,
                "energy": 3846918506704.54,
                "traffic_energy": 46118732986457.78,
                "traffic_energy_foreach": {
                    "DRAM": 18224405230387.2,
                    "L3": 27867960790294.2,
                    "reg_file": 26366965776.384,
                    "traffic": {
                        "DRAM": {
                            "read": 68719476736.0,
                            "write": 4294967296.0,
                            "update": 0,
                            "leak": 0
                        },
                        "L3": {
                            "read": 3221225472.0,
                            "write": 1140850688.0,
                            "update": 0,
                            "leak": 0
                        },
                        "reg_file_2d": {
                            "read": 6441926656.0,
                            "write": 6442450944.0,
                            "update": 0,
                            "leak": 0
                        },
                        "reg_file_1d": {
                            "read": 0,
                            "write": 0,
                            "update": 0,
                            "leak": 0
                        }
                    }
                },
                "mac_instances": 65536,
                "mac_utilized_instances": 32768
            },
            "factors": {
                "DRAM": {
                    "B": 64,
                    "F": 1,
                    "H": 32,
                    "M": 256,
                    "N": 1,
                    "D": 4096
                },
                "L3": {
                    "B": 1,
                    "F": 1,
                    "H": 1,
                    "M": 1,
                    "N": 1,
                    "D": 1
                },
                "PE": {
                    "B": 1,
                    "F": 1,
                    "H": 1,
                    "M": 1,
                    "N": 256,
                    "D": 1
                },
                "PE_col": {
                    "B": 1,
                    "F": 128,
                    "H": 1,
                    "M": 1,
                    "N": 1,