{
    "latency": 4.662278536170213,
    "energy": 1062760122438322.8,
    "energy_rsts": {
        "DRAM": 53601191854080.0,
        "L3": 103236160115840.12,
        "reg_file": 39538390267.33056,
        "PE": 905883232078135.2,
        "total": 1062760122438322.8
    },
    "tl_rsts": {
        "Q": {
            "tl_rst": {
                "comp_latency": 1.1422785361702128,
                "mem_latency": 1.76,
                "traffic": 755914244096,
                "energy": 961729626676.13,
                "traffic_energy": 43099232075824.24,
                "traffic_energy_foreach": {
                    "DRAM": 23584524415795.2,
                    "L3": 19501528196606.594,
                    "reg_file": 13179463422.44352,
                    "traffic": {
                        "DRAM": {
                            "read": 85899345920.0,
                            "write": 8589934592.0,
                            "update": 0,
                            "leak": 0
                        },
                        "L3": {
                            "read": 1342177280.0,
                            "write": 1476395008.0,
                            "update": 0,
                            "leak": 0
                        },
                        "reg_file_2d": {
                            "read": 3219128320.0,
                            "write": 3221225472.0,
                            "update": 0,
                            "leak": 0
                        },
                        "reg_file_1d": {
                            "read": 0,
                            "write": 0,
                            "update": 0,
                            "leak": 0
                        }
                    }
                },
                "mac_instances": 65536,
                "mac_utilized_instances": 16384
            },
            "factors": {
                "DRAM": {
                    "B": 64,
                    "E": 1,
                    "H": 8,
                    "P": 4096,
                    "D": 512
                },
                "L3": {
                    "B": 1,
                    "E": 1,
                    "H": 1,
                    "P": 1,
                    "D": 1
                },
                "PE": {
                    "B": 1,
                    "E": 1,
                    "H": 1,
                    "P": 256,
                    "D": 1
                },
                "PE_col": {
                    "B": 1,
                    "E": 64,
                    "H": 1,
                    "P": 1,
                    "D": 1
                },
                "reg_file": {
                    "B": 1,
                    "E": 1,
                    "H": 1,
                    "P": 1,
                    "D": 1
                }
            }
        },
        "BK": {
            "tl_rst": {
                "comp_latency": 1.1422785361702128,
                "mem_latency": 1.76,
                "traffic": 755914244096,
                "energy": 961729626676.13,
                "traffic_energy": 43099232075824.24,
                "traffic_energy_foreach": {
                    "DRAM": 23584524415795.2,
                    "L3": 19501528196606.594,
                    "reg_file": 13179463422.44352,
                    "traffic": {
                        "DRAM": {
                            "read": 85899345920.0,
                            "write": 8589934592.0,
                            "update": 0,
                            "leak": 0
                        },
                        "L3": {
                            "read": 1342177280.0,
                            "write": 1476395008.0,
                            "update": 0,
                            "leak": 0
                        },
                        "reg_file_2d": {
                            "read": 3219128320.0,
                            "write": 3221225472.0,
                            "update": 0,
                            "leak": 0
                        },
                        "reg_file_1d": {
                            "read": 0,
                            "write": 0,
                            "update": 0,
                            "leak": 0
                        }
                    }
                },
                "mac_instances": 65536,
                "mac_utilized_instances": 16384
            },
            "factors": {
                "DRAM": {
                    "B": 64,
                    "E": 1,
                    "H": 8,
                    "M": 4096,
                    "N": 1,
                    "D": 512
                },
                "L3": {
                    "B": 1,
                    "E": 1,
                    "H": 1,
                    "M": 1,
                    "N": 1,
                    "D": 1
                },
                "PE": {
                    "B": 1,
                    "E": 1,
                    "H": 1,
                    "M": 1,
                    "N": 256,
                    "D": 1
                },
                "PE_col": {
                    "B": 1,
                    "E": 64,
                    "H": 1,
                    "M": 1,
                    "N": 1,
                    "D": 1
                },
                "reg_file": {
                    "B": 1,
                    "E": 1,
                    "H": 1,
                    "M": 1,
                    "N": 1,
                    "D": 1
                }
            }
        },
        "BV": {
            "tl_rst": {
                "comp_latency": 1.1422785361702128,
                "mem_latency": 0.48,
                "traffic": 206158430208,
                "energy": 961729626676.13,
                "traffic_energy": 17483964925396.123,
                "traffic_energy_foreach": {
                    "DRAM": 6432143022489.6,
                    "L3": 11038642439484.08,
                    "reg_file": 13179463422.44352,
                    "traffic": {
                        "DRAM": {
                            "read": 17179869184.0,
                            "write": 8589934592.0,
                            "update": 0,
                            "leak": 0
                        },
                        "L3": {
                            "read": 1342177280.0,
                            "write": 402653184.0,
                            "update": 0,
                            "leak": 0
                        },
                        "reg_file_2d": {
                            "read": 3219128320.0,
                            "write": 3221225472.0,
                            "update": 0,
                            "leak": 0
                        },
                        "reg_file_1d": {
                            "read": 0,
                            "write": 0,
                            "update": 0,
                            "leak": 0
                        }
                    }
                },
                "mac_instances": 65536,
                "mac_utilized_instances": 16384
            },
            "factors": {
                "DRAM": {
                    "B": 64,
                    "F": 1,
                    "H": 8,
                    "M": 4096,
                    "N": 1,
                    "D": 512
                },
                "L3": {
                    "B": 1,
                    "F": 1,
                    "H": 1,
                    "M": 1,
                    "N": 1,
                    "D": 1
                },
                "PE": {
                    "B": 1,
                    "F": 1,
                    "H": 1,
                    "M": 1,
                    "N": 256,
                    "D": 1
                },
                "PE_col": {
                    "B": 1,
                    "F": 64,
                    "H": 1,
                    "M": 1,
                    "N": 1,