{
    "latency": 0.16069620425531916,
    "energy": 62433804649493.805,
    "energy_rsts": {
        "DRAM": 1976543949619.2,
        "L3": 3838322797302.5137,
        "reg_file": 1235897688.63744,
        "PE": 56617702004883.45,
        "total": 62433804649493.805
    },
    "tl_rsts": {
        "Q": {
            "tl_rst": {
                "comp_latency": 0.03569620425531915,
                "mem_latency": 0.0625,
                "traffic": 26843545600,
                "energy": 60108101667.26,
                "traffic_energy": 1546097192746.8276,
                "traffic_energy_foreach": {
                    "DRAM": 837518622720.0,
                    "L3": 708166604130.6152,
                    "reg_file": 411965896.21247995,
                    "traffic": {
                        "DRAM": {
                            "read": 3221225472.0,
                            "write": 134217728.0,
                            "update": 0,
                            "leak": 0
                        },
                        "L3": {
                            "read": 50331648.0,
                            "write": 52428800.0,
                            "update": 0,
                            "leak": 0
                        },
                        "reg_file_2d": {
                            "read": 100646912.0,
                            "write": 100663296.0,
                            "update": 0,
                            "leak": 0
                        },
                        "reg_file_1d": {
                            "read": 0,
                            "write": 0,
                            "update": 0,
                            "leak": 0
                        }
                    }
                },
                "mac_instances": 65536,
                "mac_utilized_instances": 32768
            },
            "factors": {
                "DRAM": {
                    "B": 64,
                    "E": 1,
                    "H": 16,
                    "P": 16,
                    "D": 2048
                },
                "L3": {
                    "B": 1,
                    "E": 1,
                    "H": 1,
                    "P": 1,
                    "D": 1
                },
                "PE": {
                    "B": 1,
                    "E": 1,
                    "H": 1,
                    "P": 256,
                    "D": 1
                },
                "PE_col": {
                    "B": 1,
                    "E": 128,
                    "H": 1,
                    "P": 1,
                    "D": 1
                },
                "reg_file": {
                    "B": 1,
                    "E": 1,
                    "H": 1,
                    "P": 1,
                    "D": 1
                }
            }
        },
        "BK": {
            "tl_rst": {
                "comp_latency": 0.03569620425531915,
                "mem_latency": 0.0625,
                "traffic": 26843545600,
                "energy": 60108101667.26,
                "traffic_energy": 1546097192746.8276,
                "traffic_energy_foreach": {
                    "DRAM": 837518622720.0,
                    "L3": 708166604130.6152,
                    "reg_file": 411965896.21247995,
                    "traffic": {
                        "DRAM": {
                            "read": 3221225472.0,
                            "write": 134217728.0,
                            "update": 0,
                            "leak": 0
                        },
                        "L3": {
                            "read": 50331648.0,
                            "write": 52428800.0,
                            "update": 0,
                            "leak": 0
                        },
                        "reg_file_2d": {
                            "read": 100646912.0,
                            "write": 100663296.0,
                            "update": 0,
                            "leak": 0
                        },
                        "reg_file_1d": {
                            "read": 0,
                            "write": 0,
                            "update": 0,
                            "leak": 0
                        }
                    }
                },
                "mac_instances": 65536,
                "mac_utilized_instances": 32768
            },
            "factors": {
                "DRAM": {
                    "B": 64,
                    "E": 1,
                    "H": 16,
                    "M": 16,
                    "N": 1,
                    "D": 2048
                },
                "L3": {
                    "B": 1,
                    "E": 1,
                    "H": 1,
                    "M": 1,
                    "N": 1,
                    "D": 1
                },
                "PE": {
                    "B": 1,
                    "E": 1,
                    "H": 1,
                    "M": 1,
                    "N": 256,
                    "D": 1
                },
                "PE_col": {
                    "B": 1,
                    "E": 128,
                    "H": 1,
                    "M": 1,
                    "N": 1,
                    "D": 1
                },
                "reg_file": {
                    "B": 1,
                    "E": 1,
                    "H": 1,
                    "M": 1,
                    "N": 1,
                    "D": 1
                }
            }
        },
        "BV": {
            "tl_rst": {
                "comp_latency": 0.03569620425531915,
                "mem_latency": 0.0225,
                "traffic": 9663676416,
                "energy": 60108101667.26,
                "traffic_energy": 745620094295.9493,
                "traffic_energy_foreach": {
                    "DRAM": 301506704179.2,
                    "L3": 443701424220.5368,
                    "reg_file": 411965896.21247995,
                    "traffic": {
                        "DRAM": {
                            "read": 1073741824.0,
                            "write": 134217728.0,
                            "update": 0,
                            "leak": 0
                        },
                        "L3": {
                            "read": 50331648.0,
                            "write": 18874368.0,
                            "update": 0,
                            "leak": 0
                        },
                        "reg_file_2d": {
                            "read": 100646912.0,
                            "write": 100663296.0,
                            "update": 0,
                            "leak": 0
                        },
                        "reg_file_1d": {
                            "read": 0,
                            "write": 0,
                            "update": 0,
                            "leak": 0
                        }
                    }
                },
                "mac_instances": 65536,
                "mac_utilized_instances": 32768
            },
            "factors": {
                "DRAM": {
                    "B": 64,
                    "F": 1,
                    "H": 16,
                    "M": 16,
                    "N": 1,
                    "D": 2048
                },
                "L3": {
                    "B": 1,
                    "F": 1,
                    "H": 1,
                    "M": 1,
                    "N": 1,
                    "D": 1
                },
                "PE": {
                    "B": 1,
                    "F": 1,
                    "H": 1,
                    "M": 1,
                    "N": 256,
                    "D": 1
                },
                "PE_col": {
                    "B": 1,
                    "F": 128,
                    "H": 1,
                    "M": 1,
                    "N": 1,
                    "D": 1
                },