{
    "latency": 0.6327848170212766,
    "energy": 249336015101602.0,
    "energy_rsts": {
        "DRAM": 7705171329024.0,
        "L3": 15155091946961.11,
        "reg_file": 4943806083.0720005,
        "PE": 226470808019533.8,
        "total": 249336015101602.0
    },
    "tl_rsts": {
        "Q": {
            "tl_rst": {
                "comp_latency": 0.1427848170212766,
                "mem_latency": 0.245,
                "traffic": 105226698752,
                "energy": 240432406669.03,
                "traffic_energy": 6084329205457.126,
                "traffic_energy_foreach": {
                    "DRAM": 3283073001062.4,
                    "L3": 2799608269033.701,
                    "reg_file": 1647935361.024,
                    "traffic": {
                        "DRAM": {
                            "read": 12884901888.0,
                            "write": 268435456.0,
                            "update": 0,
                            "leak": 0
                        },
                        "L3": {
                            "read": 201326592.0,
                            "write": 205520896.0,
                            "update": 0,
                            "leak": 0
                        },
                        "reg_file_2d": {
                            "read": 402620416.0,
                            "write": 402653184.0,
                            "update": 0,
                            "leak": 0
                        },
                        "reg_file_1d": {
                            "read": 0,
                            "write": 0,
                            "update": 0,
                            "leak": 0
                        }
                    }
                },
                "mac_instances": 65536,
                "mac_utilized_instances": 32768
            },
            "factors": {
                "DRAM": {
                    "B": 64,
                    "E": 1,
                    "H": 32,
                    "P": 16,
                    "D": 4096
                },
                "L3": {
                    "B": 1,
                    "E": 1,
                    "H": 1,
                    "P": 1,
                    "D": 1
                },
                "PE": {
                    "B": 1,
                    "E": 1,
                    "H": 1,
                    "P": 256,
                    "D": 1
                },
                "PE_col": {
                    "B": 1,
                    "E": 128,
                    "H": 1,
                    "P": 1,
                    "D": 1
                },
                "reg_file": {
                    "B": 1,
                    "E": 1,
                    "H": 1,
                    "P": 1,
                    "D": 1
                }
            }
        },
        "BK": {
            "tl_rst": {
                "comp_latency": 0.1427848170212766,
                "mem_latency": 0.245,
                "traffic": 105226698752,
                "energy": 240432406669.03,
                "traffic_energy": 6084329205457.126,
                "traffic_energy_foreach": {
                    "DRAM": 3283073001062.4,
                    "L3": 2799608269033.701,
                    "reg_file": 1647935361.024,
                    "traffic": {
                        "DRAM": {
                            "read": 12884901888.0,
                            "write": 268435456.0,
                            "update": 0,
                            "leak": 0
                        },
                        "L3": {
                            "read": 201326592.0,
                            "write": 205520896.0,
                            "update": 0,
                            "leak": 0
                        },
                        "reg_file_2d": {
                            "read": 402620416.0,
                            "write": 402653184.0,
                            "update": 0,
                            "leak": 0
                        },
                        "reg_file_1d": {
                            "read": 0,
                            "write": 0,
                            "update": 0,
                            "leak": 0
                        }
                    }
                },
                "mac_instances": 65536,
                "mac_utilized_instances": 32768
            },
            "factors": {
                "DRAM": {
                    "B": 64,
                    "E": 1,
                    "H": 32,
                    "M": 16,
                    "N": 1,
                    "D": 4096
                },
                "L3": {
                    "B": 1,
                    "E": 1,
                    "H": 1,
                    "M": 1,
                    "N": 1,
                    "D": 1
                },
                "PE": {
                    "B": 1,
                    "E": 1,
                    "H": 1,
                    "M": 1,
                    "N": 256,
                    "D": 1
                },
                "PE_col": {
                    "B": 1,
                    "E": 128,
                    "H": 1,
                    "M": 1,
                    "N": 1,
                    "D": 1
                },
                "reg_file": {
                    "B": 1,
                    "E": 1,
                    "H": 1,
                    "M": 1,
                    "N": 1,
                    "D": 1
                }
            }
        },
        "BV": {
            "tl_rst": {
                "comp_latency": 0.1427848170212766,
                "mem_latency": 0.085,
                "traffic": 36507222016,
                "energy": 240432406669.03,
                "traffic_energy": 2882420811653.6113,
                "traffic_energy_foreach": {
                    "DRAM": 1139025326899.2,
                    "L3": 1741747549393.3875,
                    "reg_file": 1647935361.024,
                    "traffic": {
                        "DRAM": {
                            "read": 4294967296.0,
                            "write": 268435456.0,
                            "update": 0,
                            "leak": 0
                        },
                        "L3": {
                            "read": 201326592.0,
                            "write": 71303168.0,
                            "update": 0,
                            "leak": 0
                        },
                        "reg_file_2d": {
                            "read": 402620416.0,
                            "write": 402653184.0,
                            "update": 0,
                            "leak": 0
                        },
                        "reg_file_1d": {
                            "read": 0,
                            "write": 0,
                            "update": 0,
                            "leak": 0
                        }
                    }
                },
                "mac_instances": 65536,
                "mac_utilized_instances": 32768
            },
            "factors": {
                "DRAM": {
                    "B": 64,
                    "F": 1,
                    "H": 32,
                    "M": 16,
                    "N": 1,
                    "D": 4096
                },
                "L3": {
                    "B": 1,
                    "F": 1,
                    "H": 1,
                    "M": 1,
                    "N": 1,
                    "D": 1
                },
                "PE": {
                    "B": 1,
                    "F": 1,
                    "H": 1,
                    "M": 1,
                    "N": 256,
                    "D": 1
                },
                "PE_col": {
                    "B": 1,
                    "F": 128,
                    "H": 1,
                    "M": 1,
                    "N": 1,
                    "D": 1
                },