{
    "latency": 0.07284810212765958,
    "energy": 16605626913098.793,
    "energy_rsts": {
        "DRAM": 837518622720.0,
        "L3": 1613065001810.002,
        "reg_file": 617787347.92704,
        "PE": 14154425501220.863,
        "total": 16605626913098.793
    },
    "tl_rsts": {
        "Q": {
            "tl_rst": {
                "comp_latency": 0.017848102127659575,
                "mem_latency": 0.0275,
                "traffic": 11811160064,
                "energy": 15027025416.81,
                "traffic_energy": 673425501184.7538,
                "traffic_energy_foreach": {
                    "DRAM": 368508193996.8,
                    "L3": 304711378071.978,
                    "reg_file": 205929115.97568,
                    "traffic": {
                        "DRAM": {
                            "read": 1342177280.0,
                            "write": 134217728.0,
                            "update": 0,
                            "leak": 0
                        },
                        "L3": {
                            "read": 20971520.0,
                            "write": 23068672.0,
                            "update": 0,
                            "leak": 0
                        },
                        "reg_file_2d": {
                            "read": 50298880.0,
                            "write": 50331648.0,
                            "update": 0,
                            "leak": 0
                        },
                        "reg_file_1d": {
                            "read": 0,
                            "write": 0,
                            "update": 0,
                            "leak": 0
                        }
                    }
                },
                "mac_instances": 65536,
                "mac_utilized_instances": 16384
            },
            "factors": {
                "DRAM": {
                    "B": 64,
                    "E": 1,
                    "H": 8,
                    "P": 64,
                    "D": 512
                },
                "L3": {
                    "B": 1,
                    "E": 1,
                    "H": 1,
                    "P": 1,
                    "D": 1
                },
                "PE": {
                    "B": 1,
                    "E": 1,
                    "H": 1,
                    "P": 256,
                    "D": 1
                },
                "PE_col": {
                    "B": 1,
                    "E": 64,
                    "H": 1,
                    "P": 1,
                    "D": 1
                },
                "reg_file": {
                    "B": 1,
                    "E": 1,
                    "H": 1,
                    "P": 1,
                    "D": 1
                }
            }
        },
        "BK": {
            "tl_rst": {
                "comp_latency": 0.017848102127659575,
                "mem_latency": 0.0275,
                "traffic": 11811160064,
                "energy": 15027025416.81,
                "traffic_energy": 673425501184.7538,
                "traffic_energy_foreach": {
                    "DRAM": 368508193996.8,
                    "L3": 304711378071.978,
                    "reg_file": 205929115.97568,
                    "traffic": {
                        "DRAM": {
                            "read": 1342177280.0,
                            "write": 134217728.0,
                            "update": 0,
                            "leak": 0
                        },
                        "L3": {
                            "read": 20971520.0,
                            "write": 23068672.0,
                            "update": 0,
                            "leak": 0
                        },
                        "reg_file_2d": {
                            "read": 50298880.0,
                            "write": 50331648.0,
                            "update": 0,
                            "leak": 0
                        },
                        "reg_file_1d": {
                            "read": 0,
                            "write": 0,
                            "update": 0,
                            "leak": 0
                        }
                    }
                },
                "mac_instances": 65536,
                "mac_utilized_instances": 16384
            },
            "factors": {
                "DRAM": {
                    "B": 64,
                    "E": 1,
                    "H": 8,
                    "M": 64,
                    "N": 1,
                    "D": 512
                },
                "L3": {
                    "B": 1,
                    "E": 1,
                    "H": 1,
                    "M": 1,
                    "N": 1,
                    "D": 1
                },
                "PE": {
                    "B": 1,
                    "E": 1,
                    "H": 1,
                    "M": 1,
                    "N": 256,
                    "D": 1
                },
                "PE_col": {
                    "B": 1,
                    "E": 64,
                    "H": 1,
                    "M": 1,
                    "N": 1,
                    "D": 1
                },
                "reg_file": {
                    "B": 1,
                    "E": 1,
                    "H": 1,
                    "M": 1,
                    "N": 1,
                    "D": 1
                }
            }
        },
        "BV": {
            "tl_rst": {
                "comp_latency": 0.017848102127659575,
                "mem_latency": 0.0075,
                "traffic": 3221225472,
                "energy": 15027025416.81,
                "traffic_energy": 273186951959.31442,
                "traffic_energy_foreach": {
                    "DRAM": 100502234726.4,
                    "L3": 172478788116.93875,
                    "reg_file": 205929115.97568,
                    "traffic": {
                        "DRAM": {
                            "read": 268435456.0,
                            "write": 134217728.0,
                            "update": 0,
                            "leak": 0
                        },
                        "L3": {
                            "read": 20971520.0,
                            "write": 6291456.0,
                            "update": 0,
                            "leak": 0
                        },
                        "reg_file_2d": {
                            "read": 50298880.0,
                            "write": 50331648.0,
                            "update": 0,
                            "leak": 0
                        },
                        "reg_file_1d": {
                            "read": 0,
                            "write": 0,
                            "update": 0,
                            "leak": 0
                        }
                    }
                },
                "mac_instances": 65536,
                "mac_utilized_instances": 16384
            },
            "factors": {
                "DRAM": {
                    "B": 64,
                    "F": 1,
                    "H": 8,
                    "M": 64,
                    "N": 1,
                    "D": 512
                },
                "L3": {
                    "B": 1,
                    "F": 1,
                    "H": 1,
                    "M": 1,
                    "N": 1,
                    "D": 1
                },
                "PE": {
                    "B": 1,
                    "F": 1,
                    "H": 1,
                    "M": 1,
                    "N": 256,
                    "D": 1
                },
                "PE_col": {
                    "B": 1,
                    "F": 64,
                    "H": 1,
                    "M": 1,
                    "N": 1,
                    "D": 1
                },