{
    "latency": 2.5711392680851066,
    "energy": 998940874391900.9,
    "energy_rsts": {
        "DRAM": 31624703193907.2,
        "L3": 61413164756840.22,
        "reg_file": 19774363018.19904,
        "PE": 905883232078135.2,
        "total": 998940874391900.9
    },
    "tl_rsts": {
        "Q": {
            "tl_rst": {
                "comp_latency": 0.5711392680851064,
                "mem_latency": 1.0,
                "traffic": 429496729600,
                "energy": 961729626676.13,
                "traffic_energy": 24737555083949.242,
                "traffic_energy_foreach": {
                    "DRAM": 13400297963520.0,
                    "L3": 11330665666089.844,
                    "reg_file": 6591454339.399679,
                    "traffic": {
                        "DRAM": {
                            "read": 51539607552.0,
                            "write": 2147483648.0,
                            "update": 0,
                            "leak": 0
                        },
                        "L3": {
                            "read": 805306368.0,
                            "write": 838860800.0,
                            "update": 0,
                            "leak": 0
                        },
                        "reg_file_2d": {
                            "read": 1610350592.0,
                            "write": 1610612736.0,
                            "update": 0,
                            "leak": 0
                        },
                        "reg_file_1d": {
                            "read": 0,
                            "write": 0,
                            "update": 0,
                            "leak": 0
                        }
                    }
                },
                "mac_instances": 65536,
                "mac_utilized_instances": 32768
            },
            "factors": {
                "DRAM": {
                    "B": 64,
                    "E": 1,
                    "H": 16,
                    "P": 256,
                    "D": 2048
                },
                "L3": {
                    "B": 1,
                    "E": 1,
                    "H": 1,
                    "P": 1,
                    "D": 1
                },
                "PE": {
                    "B": 1,
                    "E": 1,
                    "H": 1,
                    "P": 256,
                    "D": 1
                },
                "PE_col": {
                    "B": 1,
                    "E": 128,
                    "H": 1,
                    "P": 1,
                    "D": 1
                },
                "reg_file": {
                    "B": 1,
                    "E": 1,
                    "H": 1,
                    "P": 1,
                    "D": 1
                }
            }
        },
        "BK": {
            "tl_rst": {
                "comp_latency": 0.5711392680851064,
                "mem_latency": 1.0,
                "traffic": 429496729600,
                "energy": 961729626676.13,
                "traffic_energy": 24737555083949.242,
                "traffic_energy_foreach": {
                    "DRAM": 13400297963520.0,
                    "L3": 11330665666089.844,
                    "reg_file": 6591454339.399679,
                    "traffic": {
                        "DRAM": {
                            "read": 51539607552.0,
                            "write": 2147483648.0,
                            "update": 0,
                            "leak": 0
                        },
                        "L3": {
                            "read": 805306368.0,
                            "write": 838860800.0,
                            "update": 0,
                            "leak": 0
                        },
                        "reg_file_2d": {
                            "read": 1610350592.0,
                            "write": 1610612736.0,
                            "update": 0,
                            "leak": 0
                        },
                        "reg_file_1d": {
                            "read": 0,
                            "write": 0,
                            "update": 0,
                            "leak": 0
                        }
                    }
                },
                "mac_instances": 65536,
                "mac_utilized_instances": 32768
            },
            "factors": {
                "DRAM": {
                    "B": 64,
                    "E": 1,
                    "H": 16,
                    "M": 256,
                    "N": 1,
                    "D": 2048
                },
                "L3": {
                    "B": 1,
                    "E": 1,
                    "H": 1,
                    "M": 1,
                    "N": 1,
                    "D": 1
                },
                "PE": {
                    "B": 1,
                    "E": 1,
                    "H": 1,
                    "M": 1,
                    "N": 256,
                    "D": 1
                },
                "PE_col": {
                    "B": 1,
                    "E": 128,
                    "H": 1,
                    "M": 1,
                    "N": 1,
                    "D": 1
                },
                "reg_file": {
                    "B": 1,
                    "E": 1,
                    "H": 1,
                    "M": 1,
                    "N": 1,
                    "D": 1
                }
            }
        },
        "BV": {
            "tl_rst": {
                "comp_latency": 0.5711392680851064,
                "mem_latency": 0.36,
                "traffic": 154618822656,
                "energy": 961729626676.13,
                "traffic_energy": 11929921508735.19,
                "traffic_energy_foreach": {
                    "DRAM": 4824107266867.2,
                    "L3": 7099222787528.589,
                    "reg_file": 6591454339.399679,
                    "traffic": {
                        "DRAM": {
                            "read": 17179869184.0,
                            "write": 2147483648.0,
                            "update": 0,
                            "leak": 0
                        },
                        "L3": {
                            "read": 805306368.0,
                            "write": 301989888.0,
                            "update": 0,
                            "leak": 0
                        },
                        "reg_file_2d": {
                            "read": 1610350592.0,
                            "write": 1610612736.0,
                            "update": 0,
                            "leak": 0
                        },
                        "reg_file_1d": {
                            "read": 0,
                            "write": 0,
                            "update": 0,
                            "leak": 0
                        }
                    }
                },
                "mac_instances": 65536,
                "mac_utilized_instances": 32768
            },
            "factors": {
                "DRAM": {
                    "B": 64,
                    "F": 1,
                    "H": 16,
                    "M": 256,
                    "N": 1,
                    "D": 2048
                },
                "L3": {
                    "B": 1,
                    "F": 1,
                    "H": 1,
                    "M": 1,
                    "N": 1,
                    "D": 1
                },
                "PE": {
                    "B": 1,
                    "F": 1,
                    "H": 1,
                    "M": 1,
                    "N": 256,
                    "D": 1
                },
                "PE_col": {
                    "B": 1,
                    "F": 128,
                    "H": 1,
                    "M": 1,
                    "N": 1,