{
    "latency": 10.284557072340426,
    "energy": 3995763497567603.5,
    "energy_rsts": {
        "DRAM": 126498812775628.8,
        "L3": 245652659027360.88,
        "reg_file": 79097452072.79616,
        "PE": 3623532928312541.0,
        "total": 3995763497567603.5
    },
    "tl_rsts": {
        "Q": {
            "tl_rst": {
                "comp_latency": 2.2845570723404256,
                "mem_latency": 4.0,
                "traffic": 1717986918400,
                "energy": 3846918506704.54,
                "traffic_energy": 98950220335796.97,
                "traffic_energy_foreach": {
                    "DRAM": 53601191854080.0,
                    "L3": 45322662664359.375,
                    "reg_file": 26365817357.598717,
                    "traffic": {
                        "DRAM": {
                            "read": 206158430208.0,
                            "write": 8589934592.0,
                            "update": 0,
                            "leak": 0
                        },
                        "L3": {
                            "read": 3221225472.0,
                            "write": 3355443200.0,
                            "update": 0,
                            "leak": 0
                        },
                        "reg_file_2d": {
                            "read": 6441402368.0,
                            "write": 6442450944.0,
                            "update": 0,
                            "leak": 0
                        },
                        "reg_file_1d": {
                            "read": 0,
                            "write": 0,
                            "update": 0,
                            "leak": 0
                        }
                    }
                },
                "mac_instances": 65536,
                "mac_utilized_instances": 32768
            },
            "factors": {
                "DRAM": {
                    "B": 64,
                    "E": 1,
                    "H": 16,
                    "P": 1024,
                    "D": 2048
                },
                "L3": {
                    "B": 1,
                    "E": 1,
                    "H": 1,
                    "P": 1,
                    "D": 1
                },
                "PE": {
                    "B": 1,
                    "E": 1,
                    "H": 1,
                    "P": 256,
                    "D": 1
                },
                "PE_col": {
                    "B": 1,
                    "E": 128,
                    "H": 1,
                    "P": 1,
                    "D": 1
                },
                "reg_file": {
                    "B": 1,
                    "E": 1,
                    "H": 1,
                    "P": 1,
                    "D": 1
                }
            }
        },
        "BK": {
            "tl_rst": {
                "comp_latency": 2.2845570723404256,
                "mem_latency": 4.0,
                "traffic": 1717986918400,
                "energy": 3846918506704.54,
                "traffic_energy": 98950220335796.97,
                "traffic_energy_foreach": {
                    "DRAM": 53601191854080.0,
                    "L3": 45322662664359.375,
                    "reg_file": 26365817357.598717,
                    "traffic": {
                        "DRAM": {
                            "read": 206158430208.0,
                            "write": 8589934592.0,
                            "update": 0,
                            "leak": 0
                        },
                        "L3": {
                            "read": 3221225472.0,
                            "write": 3355443200.0,
                            "update": 0,
                            "leak": 0
                        },
                        "reg_file_2d": {
                            "read": 6441402368.0,
                            "write": 6442450944.0,
                            "update": 0,
                            "leak": 0
                        },
                        "reg_file_1d": {
                            "read": 0,
                            "write": 0,
                            "update": 0,
                            "leak": 0
                        }
                    }
                },
                "mac_instances": 65536,
                "mac_utilized_instances": 32768
            },
            "factors": {
                "DRAM": {
                    "B": 64,
                    "E": 1,
                    "H": 16,
                    "M": 1024,
                    "N": 1,
                    "D": 2048
                },
                "L3": {
                    "B": 1,
                    "E": 1,
                    "H": 1,
                    "M": 1,
                    "N": 1,
                    "D": 1
                },
                "PE": {
                    "B": 1,
                    "E": 1,
                    "H": 1,
                    "M": 1,
                    "N": 256,
                    "D": 1
                },
                "PE_col": {
                    "B": 1,
                    "E": 128,
                    "H": 1,
                    "M": 1,
                    "N": 1,
                    "D": 1
                },
                "reg_file": {
                    "B": 1,
                    "E": 1,
                    "H": 1,
                    "M": 1,
                    "N": 1,
                    "D": 1
                }
            }
        },
        "BV": {
            "tl_rst": {
                "comp_latency": 2.2845570723404256,
                "mem_latency": 1.44,
                "traffic": 618475290624,
                "energy": 3846918506704.54,
                "traffic_energy": 47719686034940.76,
                "traffic_energy_foreach": {
                    "DRAM": 19296429067468.8,
                    "L3": 28396891150114.355,
                    "reg_file": 26365817357.598717,
                    "traffic": {
                        "DRAM": {
                            "read": 68719476736.0,
                            "write": 8589934592.0,
                            "update": 0,
                            "leak": 0
                        },
                        "L3": {
                            "read": 3221225472.0,
                            "write": 1207959552.0,
                            "update": 0,
                            "leak": 0
                        },
                        "reg_file_2d": {
                            "read": 6441402368.0,
                            "write": 6442450944.0,
                            "update": 0,
                            "leak": 0
                        },
                        "reg_file_1d": {
                            "read": 0,
                            "write": 0,
                            "update": 0,
                            "leak": 0
                        }
                    }
                },
                "mac_instances": 65536,
                "mac_utilized_instances": 32768
            },
            "factors": {
                "DRAM": {
                    "B": 64,
                    "F": 1,
                    "H": 16,
                    "M": 1024,
                    "N": 1,
                    "D": 2048
                },
                "L3": {
                    "B": 1,
                    "F": 1,
                    "H": 1,
                    "M": 1,
                    "N": 1,
                    "D": 1
                },
                "PE": {
                    "B": 1,
                    "F": 1,
                    "H": 1,
                    "M": 1,
                    "N": 256,
                    "D": 1
                },
                "PE_col": {
                    "B": 1,
                    "F": 128,
                    "H": 1,
                    "M": 1,
                    "N": 1,