{
    "latency": 0.6427848170212767,
    "energy": 249735218597975.22,
    "energy_rsts": {
        "DRAM": 7906175798476.8,
        "L3": 15353291189210.055,
        "reg_file": 4943590754.54976,
        "PE": 226470808019533.8,
        "total": 249735218597975.22
    },
    "tl_rsts": {
        "Q": {
            "tl_rst": {
                "comp_latency": 0.1427848170212766,
                "mem_latency": 0.25,
                "traffic": 107374182400,
                "energy": 240432406669.03,
                "traffic_energy": 6184388770987.311,
                "traffic_energy_foreach": {
                    "DRAM": 3350074490880.0,
                    "L3": 2832666416522.461,
                    "reg_file": 1647863584.8499198,
                    "traffic": {
                        "DRAM": {
                            "read": 12884901888.0,
                            "write": 536870912.0,
                            "update": 0,
                            "leak": 0
                        },
                        "L3": {
                            "read": 201326592.0,
                            "write": 209715200.0,
                            "update": 0,
                            "leak": 0
                        },
                        "reg_file_2d": {
                            "read": 402587648.0,
                            "write": 402653184.0,
                            "update": 0,
                            "leak": 0
                        },
                        "reg_file_1d": {
                            "read": 0,
                            "write": 0,
                            "update": 0,
                            "leak": 0
                        }
                    }
                },
                "mac_instances": 65536,
                "mac_utilized_instances": 32768
            },
            "factors": {
                "DRAM": {
                    "B": 64,
                    "E": 1,
                    "H": 16,
                    "P": 64,
                    "D": 2048
                },
                "L3": {
                    "B": 1,
                    "E": 1,
                    "H": 1,
                    "P": 1,
                    "D": 1
                },
                "PE": {
                    "B": 1,
                    "E": 1,
                    "H": 1,
                    "P": 256,
                    "D": 1
                },
                "PE_col": {
                    "B": 1,
                    "E": 128,
                    "H": 1,
                    "P": 1,
                    "D": 1
                },
                "reg_file": {
                    "B": 1,
                    "E": 1,
                    "H": 1,
                    "P": 1,
                    "D": 1
                }
            }
        },
        "BK": {
            "tl_rst": {
                "comp_latency": 0.1427848170212766,
                "mem_latency": 0.25,
                "traffic": 107374182400,
                "energy": 240432406669.03,
                "traffic_energy": 6184388770987.311,
                "traffic_energy_foreach": {
                    "DRAM": 3350074490880.0,
                    "L3": 2832666416522.461,
                    "reg_file": 1647863584.8499198,
                    "traffic": {
                        "DRAM": {
                            "read": 12884901888.0,
                            "write": 536870912.0,
                            "update": 0,
                            "leak": 0
                        },
                        "L3": {
                            "read": 201326592.0,
                            "write": 209715200.0,
                            "update": 0,
                            "leak": 0
                        },
                        "reg_file_2d": {
                            "read": 402587648.0,
                            "write": 402653184.0,
                            "update": 0,
                            "leak": 0
                        },
                        "reg_file_1d": {
                            "read": 0,
                            "write": 0,
                            "update": 0,
                            "leak": 0
                        }
                    }
                },
                "mac_instances": 65536,
                "mac_utilized_instances": 32768
            },
            "factors": {
                "DRAM": {
                    "B": 64,
                    "E": 1,
                    "H": 16,
                    "M": 64,
                    "N": 1,
                    "D": 2048
                },
                "L3": {
                    "B": 1,
                    "E": 1,
                    "H": 1,
                    "M": 1,
                    "N": 1,
                    "D": 1
                },
                "PE": {
                    "B": 1,
                    "E": 1,
                    "H": 1,
                    "M": 1,
                    "N": 256,
                    "D": 1
                },
                "PE_col": {
                    "B": 1,
                    "E": 128,
                    "H": 1,
                    "M": 1,
                    "N": 1,
                    "D": 1
                },
                "reg_file": {
                    "B": 1,
                    "E": 1,
                    "H": 1,
                    "M": 1,
                    "N": 1,
                    "D": 1
                }
            }
        },
        "BV": {
            "tl_rst": {
                "comp_latency": 0.1427848170212766,
                "mem_latency": 0.09,
                "traffic": 38654705664,
                "energy": 240432406669.03,
                "traffic_energy": 2982480377183.7974,
                "traffic_energy_foreach": {
                    "DRAM": 1206026816716.8,
                    "L3": 1774805696882.1472,
                    "reg_file": 1647863584.8499198,
                    "traffic": {
                        "DRAM": {
                            "read": 4294967296.0,
                            "write": 536870912.0,
                            "update": 0,
                            "leak": 0
                        },
                        "L3": {
                            "read": 201326592.0,
                            "write": 75497472.0,
                            "update": 0,
                            "leak": 0
                        },
                        "reg_file_2d": {
                            "read": 402587648.0,
                            "write": 402653184.0,
                            "update": 0,
                            "leak": 0
                        },
                        "reg_file_1d": {
                            "read": 0,
                            "write": 0,
                            "update": 0,
                            "leak": 0
                        }
                    }
                },
                "mac_instances": 65536,
                "mac_utilized_instances": 32768
            },
            "factors": {
                "DRAM": {
                    "B": 64,
                    "F": 1,
                    "H": 16,
                    "M": 64,
                    "N": 1,
                    "D": 2048
                },
                "L3": {
                    "B": 1,
                    "F": 1,
                    "H": 1,
                    "M": 1,
                    "N": 1,
                    "D": 1
                },
                "PE": {
                    "B": 1,
                    "F": 1,
                    "H": 1,
                    "M": 1,
                    "N": 256,
                    "D": 1
                },
                "PE_col": {
                    "B": 1,
                    "F": 128,
                    "H": 1,
                    "M": 1,
                    "N": 1,