{
    "latency": 18.00911414468085,
    "energy": 4225491479766430.0,
    "energy_rsts": {
        "DRAM": 201540481371340.78,
        "L3": 400259888959428.0,
        "reg_file": 158181123120.16895,
        "PE": 3623532928312541.0,
        "total": 4225491479766430.0
    },
    "tl_rsts": {
        "Q": {
            "tl_rst": {
                "comp_latency": 4.569114144680851,
                "mem_latency": 6.72,
                "traffic": 2886218022912,
                "energy": 3846918506704.54,
                "traffic_energy": 165993120703040.2,
                "traffic_energy_foreach": {
                    "DRAM": 90050002314854.4,
                    "L3": 75890391347145.73,
                    "reg_file": 52727041040.05632,
                    "traffic": {
                        "DRAM": {
                            "read": 343597383680.0,
                            "write": 17179869184.0,
                            "update": 0,
                            "leak": 0
                        },
                        "L3": {
                            "read": 5368709120.0,
                            "write": 5637144576.0,
                            "update": 0,
                            "leak": 0
                        },
                        "reg_file_2d": {
                            "read": 12880707584.0,
                            "write": 12884901888.0,
                            "update": 0,
                            "leak": 0
                        },
                        "reg_file_1d": {
                            "read": 0,
                            "write": 0,
                            "update": 0,
                            "leak": 0
                        }
                    }
                },
                "mac_instances": 65536,
                "mac_utilized_instances": 16384
            },
            "factors": {
                "DRAM": {
                    "B": 64,
                    "E": 1,
                    "H": 16,
                    "P": 4096,
                    "D": 1024
                },
                "L3": {
                    "B": 1,
                    "E": 1,
                    "H": 1,
                    "P": 1,
                    "D": 1
                },
                "PE": {
                    "B": 1,
                    "E": 1,
                    "H": 1,
                    "P": 256,
                    "D": 1
                },
                "PE_col": {
                    "B": 1,
                    "E": 64,
                    "H": 1,
                    "P": 1,
                    "D": 1
                },
                "reg_file": {
                    "B": 1,
                    "E": 1,
                    "H": 1,
                    "P": 1,
                    "D": 1
                }
            }
        },
        "BK": {
            "tl_rst": {
                "comp_latency": 4.569114144680851,
                "mem_latency": 6.72,
                "traffic": 2886218022912,
                "energy": 3846918506704.54,
                "traffic_energy": 165993120703040.2,
                "traffic_energy_foreach": {
                    "DRAM": 90050002314854.4,
                    "L3": 75890391347145.73,
                    "reg_file": 52727041040.05632,
                    "traffic": {
                        "DRAM": {
                            "read": 343597383680.0,
                            "write": 17179869184.0,
                            "update": 0,
                            "leak": 0
                        },
                        "L3": {
                            "read": 5368709120.0,
                            "write": 5637144576.0,
                            "update": 0,
                            "leak": 0
                        },
                        "reg_file_2d": {
                            "read": 12880707584.0,
                            "write": 12884901888.0,
                            "update": 0,
                            "leak": 0
                        },
                        "reg_file_1d": {
                            "read": 0,
                            "write": 0,
                            "update": 0,
                            "leak": 0
                        }
                    }
                },
                "mac_instances": 65536,
                "mac_utilized_instances": 16384
            },
            "factors": {
                "DRAM": {
                    "B": 64,
                    "E": 1,
                    "H": 16,
                    "M": 4096,
                    "N": 1,
                    "D": 1024
                },
                "L3": {
                    "B": 1,
                    "E": 1,
                    "H": 1,
                    "M": 1,
                    "N": 1,
                    "D": 1
                },
                "PE": {
                    "B": 1,
                    "E": 1,
                    "H": 1,
                    "M": 1,
                    "N": 256,
                    "D": 1
                },
                "PE_col": {
                    "B": 1,
                    "E": 64,
                    "H": 1,
                    "M": 1,
                    "N": 1,
                    "D": 1
                },
                "reg_file": {
                    "B": 1,
                    "E": 1,
                    "H": 1,
                    "M": 1,
                    "N": 1,
                    "D": 1
                }
            }
        },
        "BV": {
            "tl_rst": {
                "comp_latency": 4.569114144680851,
                "mem_latency": 1.6,
                "traffic": 687194767360,
                "energy": 3846918506704.54,
                "traffic_energy": 63532052101327.75,
                "traffic_energy_foreach": {
                    "DRAM": 21440476741632.0,
                    "L3": 42038848318655.695,
                    "reg_file": 52727041040.05632,
                    "traffic": {
                        "DRAM": {
                            "read": 68719476736.0,
                            "write": 17179869184.0,
                            "update": 0,
                            "leak": 0
                        },
                        "L3": {
                            "read": 5368709120.0,
                            "write": 1342177280.0,
                            "update": 0,
                            "leak": 0
                        },
                        "reg_file_2d": {
                            "read": 12880707584.0,
                            "write": 12884901888.0,
                            "update": 0,
                            "leak": 0
                        },
                        "reg_file_1d": {
                            "read": 0,
                            "write": 0,
                            "update": 0,
                            "leak": 0
                        }
                    }
                },
                "mac_instances": 65536,
                "mac_utilized_instances": 16384
            },
            "factors": {
                "DRAM": {
                    "B": 64,
                    "F": 1,
                    "H": 16,
                    "M": 4096,
                    "N": 1,
                    "D": 1024
                },
                "L3": {
                    "B": 1,
                    "F": 1,
                    "H": 1,
                    "M": 1,
                    "N": 1,
                    "D": 1
                },
                "PE": {
                    "B": 1,
                    "F": 1,
                    "H": 1,
                    "M": 1,
                    "N": 256,
                    "D": 1
                },
                "PE_col": {
                    "B": 1,
                    "F": 64,
                    "H": 1,
                    "M": 1,
                    "N": 1,