{
    "latency": 0.017587025531914893,
    "energy": 4126456523209.4043,
    "energy_rsts": {
        "DRAM": 196816876339.19998,
        "L3": 390878797811.9414,
        "reg_file": 154473753.04704,
        "PE": 3538606375305.216,
        "total": 4126456523209.4043
    },
    "tl_rsts": {
        "Q": {
            "tl_rst": {
                "comp_latency": 0.004462025531914894,
                "mem_latency": 0.0065625,
                "traffic": 2818572288,
                "energy": 3756756354.2,
                "traffic_energy": 162102656936.56268,
                "traffic_energy_foreach": {
                    "DRAM": 87939455385.6,
                    "L3": 74111710299.947,
                    "reg_file": 51491251.01568,
                    "traffic": {
                        "DRAM": {
                            "read": 335544320.0,
                            "write": 16777216.0,
                            "update": 0,
                            "leak": 0
                        },
                        "L3": {
                            "read": 5242880.0,
                            "write": 5505024.0,
                            "update": 0,
                            "leak": 0
                        },
                        "reg_file_2d": {
                            "read": 12578816.0,
                            "write": 12582912.0,
                            "update": 0,
                            "leak": 0
                        },
                        "reg_file_1d": {
                            "read": 0,
                            "write": 0,
                            "update": 0,
                            "leak": 0
                        }
                    }
                },
                "mac_instances": 65536,
                "mac_utilized_instances": 16384
            },
            "factors": {
                "DRAM": {
                    "B": 64,
                    "E": 1,
                    "H": 16,
                    "P": 4,
                    "D": 1024
                },
                "L3": {
                    "B": 1,
                    "E": 1,
                    "H": 1,
                    "P": 1,
                    "D": 1
                },
                "PE": {
                    "B": 1,
                    "E": 1,
                    "H": 1,
                    "P": 256,
                    "D": 1
                },
                "PE_col": {
                    "B": 1,
                    "E": 64,
                    "H": 1,
                    "P": 1,
                    "D": 1
                },
                "reg_file": {
                    "B": 1,
                    "E": 1,
                    "H": 1,
                    "P": 1,
                    "D": 1
                }
            }
        },
        "BK": {
            "tl_rst": {
                "comp_latency": 0.004462025531914894,
                "mem_latency": 0.0065625,
                "traffic": 2818572288,
                "energy": 3756756354.2,
                "traffic_energy": 162102656936.56268,
                "traffic_energy_foreach": {
                    "DRAM": 87939455385.6,
                    "L3": 74111710299.947,
                    "reg_file": 51491251.01568,
                    "traffic": {
                        "DRAM": {
                            "read": 335544320.0,
                            "write": 16777216.0,
                            "update": 0,
                            "leak": 0
                        },
                        "L3": {
                            "read": 5242880.0,
                            "write": 5505024.0,
                            "update": 0,
                            "leak": 0
                        },
                        "reg_file_2d": {
                            "read": 12578816.0,
                            "write": 12582912.0,
                            "update": 0,
                            "leak": 0
                        },
                        "reg_file_1d": {
                            "read": 0,
                            "write": 0,
                            "update": 0,
                            "leak": 0
                        }
                    }
                },
                "mac_instances": 65536,
                "mac_utilized_instances": 16384
            },
            "factors": {
                "DRAM": {
                    "B": 64,
                    "E": 1,
                    "H": 16,
                    "M": 4,
                    "N": 1,
                    "D": 1024
                },
                "L3": {
                    "B": 1,
                    "E": 1,
                    "H": 1,
                    "M": 1,
                    "N": 1,
                    "D": 1
                },
                "PE": {
                    "B": 1,
                    "E": 1,
                    "H": 1,
                    "M": 1,
                    "N": 256,
                    "D": 1
                },
                "PE_col": {
                    "B": 1,
                    "E": 64,
                    "H": 1,
                    "M": 1,
                    "N": 1,
                    "D": 1
                },
                "reg_file": {
                    "B": 1,
                    "E": 1,
                    "H": 1,
                    "M": 1,
                    "N": 1,
                    "D": 1
                }
            }
        },
        "BV": {
            "tl_rst": {
                "comp_latency": 0.004462025531914894,
                "mem_latency": 0.0015625,
                "traffic": 671088640,
                "energy": 3756756354.2,
                "traffic_energy": 62043019630.20288,
                "traffic_energy_foreach": {
                    "DRAM": 20937965568.0,
                    "L3": 41053562811.1872,
                    "reg_file": 51491251.01568,
                    "traffic": {
                        "DRAM": {
                            "read": 67108864.0,
                            "write": 16777216.0,
                            "update": 0,
                            "leak": 0
                        },
                        "L3": {
                            "read": 5242880.0,
                            "write": 1310720.0,
                            "update": 0,
                            "leak": 0
                        },
                        "reg_file_2d": {
                            "read": 12578816.0,
                            "write": 12582912.0,
                            "update": 0,
                            "leak": 0
                        },
                        "reg_file_1d": {
                            "read": 0,
                            "write": 0,
                            "update": 0,
                            "leak": 0
                        }
                    }
                },
                "mac_instances": 65536,
                "mac_utilized_instances": 16384
            },
            "factors": {
                "DRAM": {
                    "B": 64,
                    "F": 1,
                    "H": 16,
                    "M": 4,
                    "N": 1,
                    "D": 1024
                },
                "L3": {
                    "B": 1,
                    "F": 1,
                    "H": 1,
                    "M": 1,
                    "N": 1,
                    "D": 1
                },
                "PE": {
                    "B": 1,
                    "F": 1,
                    "H": 1,
                    "M": 1,
                    "N": 256,
                    "D": 1
                },
                "PE_col": {
                    "B": 1,
                    "F": 64,
                    "H": 1,
                    "M": 1,
                    "N": 1,
                    "D": 1
                },