{
    "latency": 0.018212025531914894,
    "energy": 4151406728274.698,
    "energy_rsts": {
        "DRAM": 209379655680.0,
        "L3": 403266250452.5005,
        "reg_file": 154446836.98176,
        "PE": 3538606375305.216,
        "total": 4151406728274.698
    },
    "tl_rsts": {
        "Q": {
            "tl_rst": {
                "comp_latency": 0.004462025531914894,
                "mem_latency": 0.006875,
                "traffic": 2952790016,
                "energy": 3756756354.2,
                "traffic_energy": 168356375296.18845,
                "traffic_energy_foreach": {
                    "DRAM": 92127048499.2,
                    "L3": 76177844517.9945,
                    "reg_file": 51482278.99392,
                    "traffic": {
                        "DRAM": {
                            "read": 335544320.0,
                            "write": 33554432.0,
                            "update": 0,
                            "leak": 0
                        },
                        "L3": {
                            "read": 5242880.0,
                            "write": 5767168.0,
                            "update": 0,
                            "leak": 0
                        },
                        "reg_file_2d": {
                            "read": 12574720.0,
                            "write": 12582912.0,
                            "update": 0,
                            "leak": 0
                        },
                        "reg_file_1d": {
                            "read": 0,
                            "write": 0,
                            "update": 0,
                            "leak": 0
                        }
                    }
                },
                "mac_instances": 65536,
                "mac_utilized_instances": 16384
            },
            "factors": {
                "DRAM": {
                    "B": 64,
                    "E": 1,
                    "H": 8,
                    "P": 16,
                    "D": 512
                },
                "L3": {
                    "B": 1,
                    "E": 1,
                    "H": 1,
                    "P": 1,
                    "D": 1
                },
                "PE": {
                    "B": 1,
                    "E": 1,
                    "H": 1,
                    "P": 256,
                    "D": 1
                },
                "PE_col": {
                    "B": 1,
                    "E": 64,
                    "H": 1,
                    "P": 1,
                    "D": 1
                },
                "reg_file": {
                    "B": 1,
                    "E": 1,
                    "H": 1,
                    "P": 1,
                    "D": 1
                }
            }
        },
        "BK": {
            "tl_rst": {
                "comp_latency": 0.004462025531914894,
                "mem_latency": 0.006875,
                "traffic": 2952790016,
                "energy": 3756756354.2,
                "traffic_energy": 168356375296.18845,
                "traffic_energy_foreach": {
                    "DRAM": 92127048499.2,
                    "L3": 76177844517.9945,
                    "reg_file": 51482278.99392,
                    "traffic": {
                        "DRAM": {
                            "read": 335544320.0,
                            "write": 33554432.0,
                            "update": 0,
                            "leak": 0
                        },
                        "L3": {
                            "read": 5242880.0,
                            "write": 5767168.0,
                            "update": 0,
                            "leak": 0
                        },
                        "reg_file_2d": {
                            "read": 12574720.0,
                            "write": 12582912.0,
                            "update": 0,
                            "leak": 0
                        },
                        "reg_file_1d": {
                            "read": 0,
                            "write": 0,
                            "update": 0,
                            "leak": 0
                        }
                    }
                },
                "mac_instances": 65536,
                "mac_utilized_instances": 16384
            },
            "factors": {
                "DRAM": {
                    "B": 64,
                    "E": 1,
                    "H": 8,
                    "M": 16,
                    "N": 1,
                    "D": 512
                },
                "L3": {
                    "B": 1,
                    "E": 1,
                    "H": 1,
                    "M": 1,
                    "N": 1,
                    "D": 1
                },
                "PE": {
                    "B": 1,
                    "E": 1,
                    "H": 1,
                    "M": 1,
                    "N": 256,
                    "D": 1
                },
                "PE_col": {
                    "B": 1,
                    "E": 64,
                    "H": 1,
                    "M": 1,
                    "N": 1,
                    "D": 1
                },
                "reg_file": {
                    "B": 1,
                    "E": 1,
                    "H": 1,
                    "M": 1,
                    "N": 1,
                    "D": 1
                }
            }
        },
        "BV": {
            "tl_rst": {
                "comp_latency": 0.004462025531914894,
                "mem_latency": 0.001875,
                "traffic": 805306368,
                "energy": 3756756354.2,
                "traffic_energy": 68296737989.828606,
                "traffic_energy_foreach": {
                    "DRAM": 25125558681.6,
                    "L3": 43119697029.23469,
                    "reg_file": 51482278.99392,
                    "traffic": {
                        "DRAM": {
                            "read": 67108864.0,
                            "write": 33554432.0,
                            "update": 0,
                            "leak": 0
                        },
                        "L3": {
                            "read": 5242880.0,
                            "write": 1572864.0,
                            "update": 0,
                            "leak": 0
                        },
                        "reg_file_2d": {
                            "read": 12574720.0,
                            "write": 12582912.0,
                            "update": 0,
                            "leak": 0
                        },
                        "reg_file_1d": {
                            "read": 0,
                            "write": 0,
                            "update": 0,
                            "leak": 0
                        }
                    }
                },
                "mac_instances": 65536,
                "mac_utilized_instances": 16384
            },
            "factors": {
                "DRAM": {
                    "B": 64,
                    "F": 1,
                    "H": 8,
                    "M": 16,
                    "N": 1,
                    "D": 512
                },
                "L3": {
                    "B": 1,
                    "F": 1,
                    "H": 1,
                    "M": 1,
                    "N": 1,
                    "D": 1
                },
                "PE": {
                    "B": 1,
                    "F": 1,
                    "H": 1,
                    "M": 1,
                    "N": 256,
                    "D": 1
                },
                "PE_col": {
                    "B": 1,
                    "F": 64,
                    "H": 1,
                    "M": 1,
                    "N": 1,
                    "D": 1
                },