{
    "latency": 0.0045530063829787235,
    "energy": 1037851682068.6746,
    "energy_rsts": {
        "DRAM": 52344913920.0,
        "L3": 100816562613.12512,
        "reg_file": 38611709.24544,
        "PE": 884651593826.304,
        "total": 1037851682068.6746
    },
    "tl_rsts": {
        "Q": {
            "tl_rst": {
                "comp_latency": 0.0011155063829787234,
                "mem_latency": 0.00171875,
                "traffic": 738197504,
                "energy": 939189088.55,
                "traffic_energy": 42089093824.04711,
                "traffic_energy_foreach": {
                    "DRAM": 23031762124.8,
                    "L3": 19044461129.498627,
                    "reg_file": 12870569.74848,
                    "traffic": {
                        "DRAM": {
                            "read": 83886080.0,
                            "write": 8388608.0,
                            "update": 0,
                            "leak": 0
                        },
                        "L3": {
                            "read": 1310720.0,
                            "write": 1441792.0,
                            "update": 0,
                            "leak": 0
                        },
                        "reg_file_2d": {
                            "read": 3143680.0,
                            "write": 3145728.0,
                            "update": 0,
                            "leak": 0
                        },
                        "reg_file_1d": {
                            "read": 0,
                            "write": 0,
                            "update": 0,
                            "leak": 0
                        }
                    }
                },
                "mac_instances": 65536,
                "mac_utilized_instances": 16384
            },
            "factors": {
                "DRAM": {
                    "B": 64,
                    "E": 1,
                    "H": 8,
                    "P": 4,
                    "D": 512
                },
                "L3": {
                    "B": 1,
                    "E": 1,
                    "H": 1,
                    "P": 1,
                    "D": 1
                },
                "PE": {
                    "B": 1,
                    "E": 1,
                    "H": 1,
                    "P": 256,
                    "D": 1
                },
                "PE_col": {
                    "B": 1,
                    "E": 64,
                    "H": 1,
                    "P": 1,
                    "D": 1
                },
                "reg_file": {
                    "B": 1,
                    "E": 1,
                    "H": 1,
                    "P": 1,
                    "D": 1
                }
            }
        },
        "BK": {
            "tl_rst": {
                "comp_latency": 0.0011155063829787234,
                "mem_latency": 0.00171875,
                "traffic": 738197504,
                "energy": 939189088.55,
                "traffic_energy": 42089093824.04711,
                "traffic_energy_foreach": {
                    "DRAM": 23031762124.8,
                    "L3": 19044461129.498627,
                    "reg_file": 12870569.74848,
                    "traffic": {
                        "DRAM": {
                            "read": 83886080.0,
                            "write": 8388608.0,
                            "update": 0,
                            "leak": 0
                        },
                        "L3": {
                            "read": 1310720.0,
                            "write": 1441792.0,
                            "update": 0,
                            "leak": 0
                        },
                        "reg_file_2d": {
                            "read": 3143680.0,
                            "write": 3145728.0,
                            "update": 0,
                            "leak": 0
                        },
                        "reg_file_1d": {
                            "read": 0,
                            "write": 0,
                            "update": 0,
                            "leak": 0
                        }
                    }
                },
                "mac_instances": 65536,
                "mac_utilized_instances": 16384
            },
            "factors": {
                "DRAM": {
                    "B": 64,
                    "E": 1,
                    "H": 8,
                    "M": 4,
                    "N": 1,
                    "D": 512
                },
                "L3": {
                    "B": 1,
                    "E": 1,
                    "H": 1,
                    "M": 1,
                    "N": 1,
                    "D": 1
                },
                "PE": {
                    "B": 1,
                    "E": 1,
                    "H": 1,
                    "M": 1,
                    "N": 256,
                    "D": 1
                },
                "PE_col": {
                    "B": 1,
                    "E": 64,
                    "H": 1,
                    "M": 1,
                    "N": 1,
                    "D": 1
                },
                "reg_file": {
                    "B": 1,
                    "E": 1,
                    "H": 1,
                    "M": 1,
                    "N": 1,
                    "D": 1
                }
            }
        },
        "BV": {
            "tl_rst": {
                "comp_latency": 0.0011155063829787234,
                "mem_latency": 0.00046875,
                "traffic": 201326592,
                "energy": 939189088.55,
                "traffic_energy": 17074184497.457151,
                "traffic_energy_foreach": {
                    "DRAM": 6281389670.4,
                    "L3": 10779924257.308672,
                    "reg_file": 12870569.74848,
                    "traffic": {
                        "DRAM": {
                            "read": 16777216.0,
                            "write": 8388608.0,
                            "update": 0,
                            "leak": 0
                        },
                        "L3": {
                            "read": 1310720.0,
                            "write": 393216.0,
                            "update": 0,
                            "leak": 0
                        },
                        "reg_file_2d": {
                            "read": 3143680.0,
                            "write": 3145728.0,
                            "update": 0,
                            "leak": 0
                        },
                        "reg_file_1d": {
                            "read": 0,
                            "write": 0,
                            "update": 0,
                            "leak": 0
                        }
                    }
                },
                "mac_instances": 65536,
                "mac_utilized_instances": 16384
            },
            "factors": {
                "DRAM": {
                    "B": 64,
                    "F": 1,
                    "H": 8,
                    "M": 4,
                    "N": 1,
                    "D": 512
                },
                "L3": {
                    "B": 1,
                    "F": 1,
                    "H": 1,
                    "M": 1,
                    "N": 1,
                    "D": 1
                },
                "PE": {
                    "B": 1,
                    "F": 1,
                    "H": 1,
                    "M": 1,
                    "N": 256,
                    "D": 1
                },
                "PE_col": {
                    "B": 1,
                    "F": 64,
                    "H": 1,
                    "M": 1,
                    "N": 1,
                    "D": 1
                },