{
    "latency": 0.04017405106382979,
    "energy": 15608451162373.451,
    "energy_rsts": {
        "DRAM": 494135987404.8,
        "L3": 959580699325.6284,
        "reg_file": 308974422.15936,
        "PE": 14154425501220.863,
        "total": 15608451162373.451
    },
    "tl_rsts": {
        "Q": {
            "tl_rst": {
                "comp_latency": 0.008924051063829787,
                "mem_latency": 0.015625,
                "traffic": 6710886400,
                "energy": 15027025416.81,
                "traffic_energy": 386524298186.7069,
                "traffic_energy_foreach": {
                    "DRAM": 209379655680.0,
                    "L3": 177041651032.6538,
                    "reg_file": 102991474.05311999,
                    "traffic": {
                        "DRAM": {
                            "read": 805306368.0,
                            "write": 33554432.0,
                            "update": 0,
                            "leak": 0
                        },
                        "L3": {
                            "read": 12582912.0,
                            "write": 13107200.0,
                            "update": 0,
                            "leak": 0
                        },
                        "reg_file_2d": {
                            "read": 25161728.0,
                            "write": 25165824.0,
                            "update": 0,
                            "leak": 0
                        },
                        "reg_file_1d": {
                            "read": 0,
                            "write": 0,
                            "update": 0,
                            "leak": 0
                        }
                    }
                },
                "mac_instances": 65536,
                "mac_utilized_instances": 32768
            },
            "factors": {
                "DRAM": {
                    "B": 64,
                    "E": 1,
                    "H": 16,
                    "P": 4,
                    "D": 2048
                },
                "L3": {
                    "B": 1,
                    "E": 1,
                    "H": 1,
                    "P": 1,
                    "D": 1
                },
                "PE": {
                    "B": 1,
                    "E": 1,
                    "H": 1,
                    "P": 256,
                    "D": 1
                },
                "PE_col": {
                    "B": 1,
                    "E": 128,
                    "H": 1,
                    "P": 1,
                    "D": 1
                },
                "reg_file": {
                    "B": 1,
                    "E": 1,
                    "H": 1,
                    "P": 1,
                    "D": 1
                }
            }
        },
        "BK": {
            "tl_rst": {
                "comp_latency": 0.008924051063829787,
                "mem_latency": 0.015625,
                "traffic": 6710886400,
                "energy": 15027025416.81,
                "traffic_energy": 386524298186.7069,
                "traffic_energy_foreach": {
                    "DRAM": 209379655680.0,
                    "L3": 177041651032.6538,
                    "reg_file": 102991474.05311999,
                    "traffic": {
                        "DRAM": {
                            "read": 805306368.0,
                            "write": 33554432.0,
                            "update": 0,
                            "leak": 0
                        },
                        "L3": {
                            "read": 12582912.0,
                            "write": 13107200.0,
                            "update": 0,
                            "leak": 0
                        },
                        "reg_file_2d": {
                            "read": 25161728.0,
                            "write": 25165824.0,
                            "update": 0,
                            "leak": 0
                        },
                        "reg_file_1d": {
                            "read": 0,
                            "write": 0,
                            "update": 0,
                            "leak": 0
                        }
                    }
                },
                "mac_instances": 65536,
                "mac_utilized_instances": 32768
            },
            "factors": {
                "DRAM": {
                    "B": 64,
                    "E": 1,
                    "H": 16,
                    "M": 4,
                    "N": 1,
                    "D": 2048
                },
                "L3": {
                    "B": 1,
                    "E": 1,
                    "H": 1,
                    "M": 1,
                    "N": 1,
                    "D": 1
                },
                "PE": {
                    "B": 1,
                    "E": 1,
                    "H": 1,
                    "M": 1,
                    "N": 256,
                    "D": 1
                },
                "PE_col": {
                    "B": 1,
                    "E": 128,
                    "H": 1,
                    "M": 1,
                    "N": 1,
                    "D": 1
                },
                "reg_file": {
                    "B": 1,
                    "E": 1,
                    "H": 1,
                    "M": 1,
                    "N": 1,
                    "D": 1
                }
            }
        },
        "BV": {
            "tl_rst": {
                "comp_latency": 0.008924051063829787,
                "mem_latency": 0.005625,
                "traffic": 2415919104,
                "energy": 15027025416.81,
                "traffic_energy": 186405023573.98734,
                "traffic_energy_foreach": {
                    "DRAM": 75376676044.8,
                    "L3": 110925356055.1342,
                    "reg_file": 102991474.05311999,
                    "traffic": {
                        "DRAM": {
                            "read": 268435456.0,
                            "write": 33554432.0,
                            "update": 0,
                            "leak": 0
                        },
                        "L3": {
                            "read": 12582912.0,
                            "write": 4718592.0,
                            "update": 0,
                            "leak": 0
                        },
                        "reg_file_2d": {
                            "read": 25161728.0,
                            "write": 25165824.0,
                            "update": 0,
                            "leak": 0
                        },
                        "reg_file_1d": {
                            "read": 0,
                            "write": 0,
                            "update": 0,
                            "leak": 0
                        }
                    }
                },
                "mac_instances": 65536,
                "mac_utilized_instances": 32768
            },
            "factors": {
                "DRAM": {
                    "B": 64,
                    "F": 1,
                    "H": 16,
                    "M": 4,
                    "N": 1,
                    "D": 2048
                },
                "L3": {
                    "B": 1,
                    "F": 1,
                    "H": 1,
                    "M": 1,
                    "N": 1,
                    "D": 1
                },
                "PE": {
                    "B": 1,
                    "F": 1,
                    "H": 1,
                    "M": 1,
                    "N": 256,
                    "D": 1
                },
                "PE_col": {
                    "B": 1,
                    "F": 128,
                    "H": 1,
                    "M": 1,
                    "N": 1,
                    "D": 1
                },