{
    "latency": 40.498228289361705,
    "energy": 1.5957504966502528e+16,
    "energy_rsts": {
        "DRAM": 493130965057536.0,
        "L3": 969925884605511.0,
        "reg_file": 316403589316.60803,
        "PE": 1.4494131713250164e+16,
        "total": 1.5957504966502528e+16
    },
    "tl_rsts": {
        "Q": {
            "tl_rst": {
                "comp_latency": 9.138228289361702,
                "mem_latency": 15.68,
                "traffic": 6734508720128,
                "energy": 15387674026818.14,
                "traffic_energy": 389397069149256.06,
                "traffic_energy_foreach": {
                    "DRAM": 210116672067993.6,
                    "L3": 179174929218156.88,
                    "reg_file": 105467863105.536,
                    "traffic": {
                        "DRAM": {
                            "read": 824633720832.0,
                            "write": 17179869184.0,
                            "update": 0,
                            "leak": 0
                        },
                        "L3": {
                            "read": 12884901888.0,
                            "write": 13153337344.0,
                            "update": 0,
                            "leak": 0
                        },
                        "reg_file_2d": {
                            "read": 25767706624.0,
                            "write": 25769803776.0,
                            "update": 0,
                            "leak": 0
                        },
                        "reg_file_1d": {
                            "read": 0,
                            "write": 0,
                            "update": 0,
                            "leak": 0
                        }
                    }
                },
                "mac_instances": 65536,
                "mac_utilized_instances": 32768
            },
            "factors": {
                "DRAM": {
                    "B": 64,
                    "E": 1,
                    "H": 32,
                    "P": 1024,
                    "D": 4096
                },
                "L3": {
                    "B": 1,
                    "E": 1,
                    "H": 1,
                    "P": 1,
                    "D": 1
                },
                "PE": {
                    "B": 1,
                    "E": 1,
                    "H": 1,
                    "P": 256,
                    "D": 1
                },
                "PE_col": {
                    "B": 1,
                    "E": 128,
                    "H": 1,
                    "P": 1,
                    "D": 1
                },
                "reg_file": {
                    "B": 1,
                    "E": 1,
                    "H": 1,
                    "P": 1,
                    "D": 1
                }
            }
        },
        "BK": {
            "tl_rst": {
                "comp_latency": 9.138228289361702,
                "mem_latency": 15.68,
                "traffic": 6734508720128,
                "energy": 15387674026818.14,
                "traffic_energy": 389397069149256.06,
                "traffic_energy_foreach": {
                    "DRAM": 210116672067993.6,
                    "L3": 179174929218156.88,
                    "reg_file": 105467863105.536,
                    "traffic": {
                        "DRAM": {
                            "read": 824633720832.0,
                            "write": 17179869184.0,
                            "update": 0,
                            "leak": 0
                        },
                        "L3": {
                            "read": 12884901888.0,
                            "write": 13153337344.0,
                            "update": 0,
                            "leak": 0
                        },
                        "reg_file_2d": {
                            "read": 25767706624.0,
                            "write": 25769803776.0,
                            "update": 0,
                            "leak": 0
                        },
                        "reg_file_1d": {
                            "read": 0,
                            "write": 0,
                            "update": 0,
                            "leak": 0
                        }
                    }
                },
                "mac_instances": 65536,
                "mac_utilized_instances": 32768
            },
            "factors": {
                "DRAM": {
                    "B": 64,
                    "E": 1,
                    "H": 32,
                    "M": 1024,
                    "N": 1,
                    "D": 4096
                },
                "L3": {
                    "B": 1,
                    "E": 1,
                    "H": 1,
                    "M": 1,
                    "N": 1,
                    "D": 1
                },
                "PE": {
                    "B": 1,
                    "E": 1,
                    "H": 1,
                    "M": 1,
                    "N": 256,
                    "D": 1
                },
                "PE_col": {
                    "B": 1,
                    "E": 128,
                    "H": 1,
                    "M": 1,
                    "N": 1,
                    "D": 1
                },
                "reg_file": {
                    "B": 1,
                    "E": 1,
                    "H": 1,
                    "M": 1,
                    "N": 1,
                    "D": 1
                }
            }
        },
        "BV": {
            "tl_rst": {
                "comp_latency": 9.138228289361702,
                "mem_latency": 5.44,
                "traffic": 2336462209024,
                "energy": 15387674026818.14,
                "traffic_energy": 184474931945831.12,
                "traffic_energy_foreach": {
                    "DRAM": 72897620921548.8,
                    "L3": 111471843161176.8,
                    "reg_file": 105467863105.536,
                    "traffic": {
                        "DRAM": {
                            "read": 274877906944.0,
                            "write": 17179869184.0,
                            "update": 0,
                            "leak": 0
                        },
                        "L3": {
                            "read": 12884901888.0,
                            "write": 4563402752.0,
                            "update": 0,
                            "leak": 0
                        },
                        "reg_file_2d": {
                            "read": 25767706624.0,
                            "write": 25769803776.0,
                            "update": 0,
                            "leak": 0
                        },
                        "reg_file_1d": {
                            "read": 0,
                            "write": 0,
                            "update": 0,
                            "leak": 0
                        }
                    }
                },
                "mac_instances": 65536,
                "mac_utilized_instances": 32768
            },
            "factors": {
                "DRAM": {
                    "B": 64,
                    "F": 1,
                    "H": 32,
                    "M": 1024,
                    "N": 1,
                    "D": 4096
                },
                "L3": {
                    "B": 1,
                    "F": 1,
                    "H": 1,
                    "M": 1,
                    "N": 1,
                    "D": 1
                },
                "PE": {
                    "B": 1,
                    "F": 1,
                    "H": 1,
                    "M": 1,
                    "N": 256,
                    "D": 1
                },
                "PE_col": {
                    "B": 1,
                    "F": 128,
                    "H": 1,
                    "M": 1,