{
    "latency": 2.5311392680851066,
    "energy": 997344060406408.0,
    "energy_rsts": {
        "DRAM": 30820685316096.0,
        "L3": 60620367787844.44,
        "reg_file": 19775224332.288002,
        "PE": 905883232078135.2,
        "total": 997344060406408.0
    },
    "tl_rsts": {
        "Q": {
            "tl_rst": {
                "comp_latency": 0.5711392680851064,
                "mem_latency": 0.98,
                "traffic": 420906795008,
                "energy": 961729626676.13,
                "traffic_energy": 24337316821828.504,
                "traffic_energy_foreach": {
                    "DRAM": 13132292004249.6,
                    "L3": 11198433076134.805,
                    "reg_file": 6591741444.096,
                    "traffic": {
                        "DRAM": {
                            "read": 51539607552.0,
                            "write": 1073741824.0,
                            "update": 0,
                            "leak": 0
                        },
                        "L3": {
                            "read": 805306368.0,
                            "write": 822083584.0,
                            "update": 0,
                            "leak": 0
                        },
                        "reg_file_2d": {
                            "read": 1610481664.0,
                            "write": 1610612736.0,
                            "update": 0,
                            "leak": 0
                        },
                        "reg_file_1d": {
                            "read": 0,
                            "write": 0,
                            "update": 0,
                            "leak": 0
                        }
                    }
                },
                "mac_instances": 65536,
                "mac_utilized_instances": 32768
            },
            "factors": {
                "DRAM": {
                    "B": 64,
                    "E": 1,
                    "H": 32,
                    "P": 64,
                    "D": 4096
                },
                "L3": {
                    "B": 1,
                    "E": 1,
                    "H": 1,
                    "P": 1,
                    "D": 1
                },
                "PE": {
                    "B": 1,
                    "E": 1,
                    "H": 1,
                    "P": 256,
                    "D": 1
                },
                "PE_col": {
                    "B": 1,
                    "E": 128,
                    "H": 1,
                    "P": 1,
                    "D": 1
                },
                "reg_file": {
                    "B": 1,
                    "E": 1,
                    "H": 1,
                    "P": 1,
                    "D": 1
                }
            }
        },
        "BK": {
            "tl_rst": {
                "comp_latency": 0.5711392680851064,
                "mem_latency": 0.98,
                "traffic": 420906795008,
                "energy": 961729626676.13,
                "traffic_energy": 24337316821828.504,
                "traffic_energy_foreach": {
                    "DRAM": 13132292004249.6,
                    "L3": 11198433076134.805,
                    "reg_file": 6591741444.096,
                    "traffic": {
                        "DRAM": {
                            "read": 51539607552.0,
                            "write": 1073741824.0,
                            "update": 0,
                            "leak": 0
                        },
                        "L3": {
                            "read": 805306368.0,
                            "write": 822083584.0,
                            "update": 0,
                            "leak": 0
                        },
                        "reg_file_2d": {
                            "read": 1610481664.0,
                            "write": 1610612736.0,
                            "update": 0,
                            "leak": 0
                        },
                        "reg_file_1d": {
                            "read": 0,
                            "write": 0,
                            "update": 0,
                            "leak": 0
                        }
                    }
                },
                "mac_instances": 65536,
                "mac_utilized_instances": 32768
            },
            "factors": {
                "DRAM": {
                    "B": 64,
                    "E": 1,
                    "H": 32,
                    "M": 64,
                    "N": 1,
                    "D": 4096
                },
                "L3": {
                    "B": 1,
                    "E": 1,
                    "H": 1,
                    "M": 1,
                    "N": 1,
                    "D": 1
                },
                "PE": {
                    "B": 1,
                    "E": 1,
                    "H": 1,
                    "M": 1,
                    "N": 256,
                    "D": 1
                },
                "PE_col": {
                    "B": 1,
                    "E": 128,
                    "H": 1,
                    "M": 1,
                    "N": 1,
                    "D": 1
                },
                "reg_file": {
                    "B": 1,
                    "E": 1,
                    "H": 1,
                    "M": 1,
                    "N": 1,
                    "D": 1
                }
            }
        },
        "BV": {
            "tl_rst": {
                "comp_latency": 0.5711392680851064,
                "mem_latency": 0.34,
                "traffic": 146028888064,
                "energy": 961729626676.13,
                "traffic_energy": 11529683246614.445,
                "traffic_energy_foreach": {
                    "DRAM": 4556101307596.8,
                    "L3": 6966990197573.55,
                    "reg_file": 6591741444.096,
                    "traffic": {
                        "DRAM": {
                            "read": 17179869184.0,
                            "write": 1073741824.0,
                            "update": 0,
                            "leak": 0
                        },
                        "L3": {
                            "read": 805306368.0,
                            "write": 285212672.0,
                            "update": 0,
                            "leak": 0
                        },
                        "reg_file_2d": {
                            "read": 1610481664.0,
                            "write": 1610612736.0,
                            "update": 0,
                            "leak": 0
                        },
                        "reg_file_1d": {
                            "read": 0,
                            "write": 0,
                            "update": 0,
                            "leak": 0
                        }
                    }
                },
                "mac_instances": 65536,
                "mac_utilized_instances": 32768
            },
            "factors": {
                "DRAM": {
                    "B": 64,
                    "F": 1,
                    "H": 32,
                    "M": 64,
                    "N": 1,
                    "D": 4096
                },
                "L3": {
                    "B": 1,
                    "F": 1,
                    "H": 1,
                    "M": 1,
                    "N": 1,
                    "D": 1
                },
                "PE": {
                    "B": 1,
                    "F": 1,
                    "H": 1,
                    "M": 1,
                    "N": 256,
                    "D": 1
                },
                "PE_col": {
                    "B": 1,
                    "F": 128,
                    "H": 1,
                    "M": 1,
                    "N": 1,