{
    "latency": 0.2813924085106383,
    "energy": 66023304371350.47,
    "energy_rsts": {
        "DRAM": 3149070021427.1997,
        "L3": 6254060764991.0625,
        "reg_file": 2471580048.75264,
        "PE": 56617702004883.45,
        "total": 66023304371350.47
    },
    "tl_rsts": {
        "Q": {
            "tl_rst": {
                "comp_latency": 0.0713924085106383,
                "mem_latency": 0.105,
                "traffic": 45097156608,
                "energy": 60108101667.26,
                "traffic_energy": 2593642510985.003,
                "traffic_energy_foreach": {
                    "DRAM": 1407031286169.6,
                    "L3": 1185787364799.152,
                    "reg_file": 823860016.25088,
                    "traffic": {
                        "DRAM": {
                            "read": 5368709120.0,
                            "write": 268435456.0,
                            "update": 0,
                            "leak": 0
                        },
                        "L3": {
                            "read": 83886080.0,
                            "write": 88080384.0,
                            "update": 0,
                            "leak": 0
                        },
                        "reg_file_2d": {
                            "read": 201261056.0,
                            "write": 201326592.0,
                            "update": 0,
                            "leak": 0
                        },
                        "reg_file_1d": {
                            "read": 0,
                            "write": 0,
                            "update": 0,
                            "leak": 0
                        }
                    }
                },
                "mac_instances": 65536,
                "mac_utilized_instances": 16384
            },
            "factors": {
                "DRAM": {
                    "B": 64,
                    "E": 1,
                    "H": 16,
                    "P": 64,
                    "D": 1024
                },
                "L3": {
                    "B": 1,
                    "E": 1,
                    "H": 1,
                    "P": 1,
                    "D": 1
                },
                "PE": {
                    "B": 1,
                    "E": 1,
                    "H": 1,
                    "P": 256,
                    "D": 1
                },
                "PE_col": {
                    "B": 1,
                    "E": 64,
                    "H": 1,
                    "P": 1,
                    "D": 1
                },
                "reg_file": {
                    "B": 1,
                    "E": 1,
                    "H": 1,
                    "P": 1,
                    "D": 1
                }
            }
        },
        "BK": {
            "tl_rst": {
                "comp_latency": 0.0713924085106383,
                "mem_latency": 0.105,
                "traffic": 45097156608,
                "energy": 60108101667.26,
                "traffic_energy": 2593642510985.003,
                "traffic_energy_foreach": {
                    "DRAM": 1407031286169.6,
                    "L3": 1185787364799.152,
                    "reg_file": 823860016.25088,
                    "traffic": {
                        "DRAM": {
                            "read": 5368709120.0,
                            "write": 268435456.0,
                            "update": 0,
                            "leak": 0
                        },
                        "L3": {
                            "read": 83886080.0,
                            "write": 88080384.0,
                            "update": 0,
                            "leak": 0
                        },
                        "reg_file_2d": {
                            "read": 201261056.0,
                            "write": 201326592.0,
                            "update": 0,
                            "leak": 0
                        },
                        "reg_file_1d": {
                            "read": 0,
                            "write": 0,
                            "update": 0,
                            "leak": 0
                        }
                    }
                },
                "mac_instances": 65536,
                "mac_utilized_instances": 16384
            },
            "factors": {
                "DRAM": {
                    "B": 64,
                    "E": 1,
                    "H": 16,
                    "M": 64,
                    "N": 1,
                    "D": 1024
                },
                "L3": {
                    "B": 1,
                    "E": 1,
                    "H": 1,
                    "M": 1,
                    "N": 1,
                    "D": 1
                },
                "PE": {
                    "B": 1,
                    "E": 1,
                    "H": 1,
                    "M": 1,
                    "N": 256,
                    "D": 1
                },
                "PE_col": {
                    "B": 1,
                    "E": 64,
                    "H": 1,
                    "M": 1,
                    "N": 1,
                    "D": 1
                },
                "reg_file": {
                    "B": 1,
                    "E": 1,
                    "H": 1,
                    "M": 1,
                    "N": 1,
                    "D": 1
                }
            }
        },
        "BV": {
            "tl_rst": {
                "comp_latency": 0.0713924085106383,
                "mem_latency": 0.025,
                "traffic": 10737418240,
                "energy": 60108101667.26,
                "traffic_energy": 992688314083.2461,
                "traffic_energy_foreach": {
                    "DRAM": 335007449088.0,
                    "L3": 656857004978.9952,
                    "reg_file": 823860016.25088,
                    "traffic": {
                        "DRAM": {
                            "read": 1073741824.0,
                            "write": 268435456.0,
                            "update": 0,
                            "leak": 0
                        },
                        "L3": {
                            "read": 83886080.0,
                            "write": 20971520.0,
                            "update": 0,
                            "leak": 0
                        },
                        "reg_file_2d": {
                            "read": 201261056.0,
                            "write": 201326592.0,
                            "update": 0,
                            "leak": 0
                        },
                        "reg_file_1d": {
                            "read": 0,
                            "write": 0,
                            "update": 0,
                            "leak": 0
                        }
                    }
                },
                "mac_instances": 65536,
                "mac_utilized_instances": 16384
            },
            "factors": {
                "DRAM": {
                    "B": 64,
                    "F": 1,
                    "H": 16,
                    "M": 64,
                    "N": 1,
                    "D": 1024
                },
                "L3": {
                    "B": 1,
                    "F": 1,
                    "H": 1,
                    "M": 1,
                    "N": 1,
                    "D": 1
                },
                "PE": {
                    "B": 1,
                    "F": 1,
                    "H": 1,
                    "M": 1,
                    "N": 256,
                    "D": 1
                },
                "PE_col": {
                    "B": 1,
                    "F": 64,
                    "H": 1,
                    "M": 1,
                    "N": 1,
                    "D": 1
                },