{
    "latency": 86.80978991205674,
    "energy": 393532570558797.94,
    "energy_rsts": {
        "DRAM": 86163915905433.6,
        "L3": 80265067017248.17,
        "reg_file": 632779616582.3693,
        "PE": 226470808019533.8,
        "total": 393532570558797.94
    },
    "tl_rsts": {
        "Q": {
            "tl_rst": {
                "comp_latency": 18.276456578723405,
                "mem_latency": 34.266666666666666,
                "traffic": 1103806595072,
                "energy": 240432406669.03,
                "traffic_energy": 95478777863469.02,
                "traffic_energy_foreach": {
                    "DRAM": 34438765766246.4,
                    "L3": 60829085558361.81,
                    "reg_file": 210926538860.78973,
                    "traffic": {
                        "DRAM": {
                            "read": 137438953472.0,
                            "write": 536870912.0,
                            "update": 0,
                            "leak": 0
                        },
                        "L3": {
                            "read": 2147483648.0,
                            "write": 2155872256.0,
                            "update": 0,
                            "leak": 0
                        },
                        "reg_file_2d": {
                            "read": 51531218944.0,
                            "write": 51539607552.0,
                            "update": 0,
                            "leak": 0
                        },
                        "reg_file_1d": {
                            "read": 0,
                            "write": 0,
                            "update": 0,
                            "leak": 0
                        }
                    }
                },
                "mac_instances": 256,
                "mac_utilized_instances": 256
            },
            "factors": {
                "DRAM": {
                    "B": 64,
                    "E": 8,
                    "H": 16,
                    "P": 1024,
                    "D": 2048
                },
                "L3": {
                    "B": 1,
                    "E": 1,
                    "H": 1,
                    "P": 1,
                    "D": 1
                },
                "PE": {
                    "B": 1,
                    "E": 1,
                    "H": 1,
                    "P": 16,
                    "D": 1
                },
                "PE_col": {
                    "B": 1,
                    "E": 16,
                    "H": 1,
                    "P": 1,
                    "D": 1
                },
                "reg_file": {
                    "B": 1,
                    "E": 1,
                    "H": 1,
                    "P": 1,
                    "D": 1
                }
            }
        },
        "BK": {
            "tl_rst": {
                "comp_latency": 18.276456578723405,
                "mem_latency": 34.266666666666666,
                "traffic": 1103806595072,
                "energy": 240432406669.03,
                "traffic_energy": 95478777863469.02,
                "traffic_energy_foreach": {
                    "DRAM": 34438765766246.4,
                    "L3": 60829085558361.81,
                    "reg_file": 210926538860.78973,
                    "traffic": {
                        "DRAM": {
                            "read": 137438953472.0,
                            "write": 536870912.0,
                            "update": 0,
                            "leak": 0
                        },
                        "L3": {
                            "read": 2147483648.0,
                            "write": 2155872256.0,
                            "update": 0,
                            "leak": 0
                        },
                        "reg_file_2d": {
                            "read": 51531218944.0,
                            "write": 51539607552.0,
                            "update": 0,
                            "leak": 0
                        },
                        "reg_file_1d": {
                            "read": 0,
                            "write": 0,
                            "update": 0,
                            "leak": 0
                        }
                    }
                },
                "mac_instances": 256,
                "mac_utilized_instances": 256
            },
            "factors": {
                "DRAM": {
                    "B": 64,
                    "E": 8,
                    "H": 16,
                    "M": 1024,
                    "N": 1,
                    "D": 2048
                },
                "L3": {
                    "B": 1,
                    "E": 1,
                    "H": 1,
                    "M": 1,
                    "N": 1,
                    "D": 1
                },
                "PE": {
                    "B": 1,
                    "E": 1,
                    "H": 1,
                    "M": 1,
                    "N": 16,
                    "D": 1
                },
                "PE_col": {
                    "B": 1,
                    "E": 16,
                    "H": 1,
                    "M": 1,
                    "N": 1,
                    "D": 1
                },
                "reg_file": {
                    "B": 1,
                    "E": 1,
                    "H": 1,
                    "M": 1,
                    "N": 1,
                    "D": 1
                }
            }
        },
        "BV": {
            "tl_rst": {
                "comp_latency": 18.276456578723405,
                "mem_latency": 17.2,
                "traffic": 554050781184,
                "energy": 240432406669.03,
                "traffic_energy": 61413394464920.04,
                "traffic_energy_foreach": {
                    "DRAM": 17286384372940.799,
                    "L3": 43916083553118.45,
                    "reg_file": 210926538860.78973,
                    "traffic": {
                        "DRAM": {
                            "read": 68719476736.0,
                            "write": 536870912.0,
                            "update": 0,
                            "leak": 0
                        },
                        "L3": {
                            "read": 2147483648.0,
                            "write": 1082130432.0,
                            "update": 0,
                            "leak": 0
                        },
                        "reg_file_2d": {
                            "read": 51531218944.0,
                            "write": 51539607552.0,
                            "update": 0,
                            "leak": 0
                        },
                        "reg_file_1d": {
                            "read": 0,
                            "write": 0,
                            "update": 0,
                            "leak": 0
                        }
                    }
                },
                "mac_instances": 256,
                "mac_utilized_instances": 256
            },
            "factors": {
                "DRAM": {
                    "B": 64,
                    "F": 8,
                    "H": 16,
                    "M": 1024,
                    "N": 1,
                    "D": 2048
                },
                "L3": {
                    "B": 1,
                    "F": 1,
                    "H": 1,
                    "M": 1,
                    "N": 1,
                    "D": 1
                },
                "PE": {
                    "B": 1,
                    "F": 1,
                    "H": 1,
                    "M": 1,
                    "N": 16,
                    "D": 1
                },
                "PE_col": {
                    "B": 1,
                    "F": 16,
                    "H": 1,
                    "M": 1,