{
    "latency": 348.3058263148936,
    "energy": 1576531493034137.8,
    "energy_rsts": {
        "DRAM": 346263699377356.8,
        "L3": 321853663608722.94,
        "reg_file": 2530897969922.703,
        "PE": 905883232078135.2,
        "total": 1576531493034137.8
    },
    "tl_rsts": {
        "Q": {
            "tl_rst": {
                "comp_latency": 73.10582631489362,
                "mem_latency": 137.6,
                "traffic": 4432406249472,
                "energy": 961729626676.13,
                "traffic_energy": 382979581186278.4,
                "traffic_energy_foreach": {
                    "DRAM": 138291074983526.39,
                    "L3": 243844873546111.12,
                    "reg_file": 843632656640.9011,
                    "traffic": {
                        "DRAM": {
                            "read": 549755813888.0,
                            "write": 4294967296.0,
                            "update": 0,
                            "leak": 0
                        },
                        "L3": {
                            "read": 8589934592.0,
                            "write": 8657043456.0,
                            "update": 0,
                            "leak": 0
                        },
                        "reg_file_2d": {
                            "read": 206091321344.0,
                            "write": 206158430208.0,
                            "update": 0,
                            "leak": 0
                        },
                        "reg_file_1d": {
                            "read": 0,
                            "write": 0,
                            "update": 0,
                            "leak": 0
                        }
                    }
                },
                "mac_instances": 256,
                "mac_utilized_instances": 256
            },
            "factors": {
                "DRAM": {
                    "B": 64,
                    "E": 4,
                    "H": 16,
                    "P": 16384,
                    "D": 1024
                },
                "L3": {
                    "B": 1,
                    "E": 1,
                    "H": 1,
                    "P": 1,
                    "D": 1
                },
                "PE": {
                    "B": 1,
                    "E": 1,
                    "H": 1,
                    "P": 16,
                    "D": 1
                },
                "PE_col": {
                    "B": 1,
                    "E": 16,
                    "H": 1,
                    "P": 1,
                    "D": 1
                },
                "reg_file": {
                    "B": 1,
                    "E": 1,
                    "H": 1,
                    "P": 1,
                    "D": 1
                }
            }
        },
        "BK": {
            "tl_rst": {
                "comp_latency": 73.10582631489362,
                "mem_latency": 137.6,
                "traffic": 4432406249472,
                "energy": 961729626676.13,
                "traffic_energy": 382979581186278.4,
                "traffic_energy_foreach": {
                    "DRAM": 138291074983526.39,
                    "L3": 243844873546111.12,
                    "reg_file": 843632656640.9011,
                    "traffic": {
                        "DRAM": {
                            "read": 549755813888.0,
                            "write": 4294967296.0,
                            "update": 0,
                            "leak": 0
                        },
                        "L3": {
                            "read": 8589934592.0,
                            "write": 8657043456.0,
                            "update": 0,
                            "leak": 0
                        },
                        "reg_file_2d": {
                            "read": 206091321344.0,
                            "write": 206158430208.0,
                            "update": 0,
                            "leak": 0
                        },
                        "reg_file_1d": {
                            "read": 0,
                            "write": 0,
                            "update": 0,
                            "leak": 0
                        }
                    }
                },
                "mac_instances": 256,
                "mac_utilized_instances": 256
            },
            "factors": {
                "DRAM": {
                    "B": 64,
                    "E": 4,
                    "H": 16,
                    "M": 16384,
                    "N": 1,
                    "D": 1024
                },
                "L3": {
                    "B": 1,
                    "E": 1,
                    "H": 1,
                    "M": 1,
                    "N": 1,
                    "D": 1
                },
                "PE": {
                    "B": 1,
                    "E": 1,
                    "H": 1,
                    "M": 1,
                    "N": 16,
                    "D": 1
                },
                "PE_col": {
                    "B": 1,
                    "E": 16,
                    "H": 1,
                    "M": 1,
                    "N": 1,
                    "D": 1
                },
                "reg_file": {
                    "B": 1,
                    "E": 1,
                    "H": 1,
                    "M": 1,
                    "N": 1,
                    "D": 1
                }
            }
        },
        "BV": {
            "tl_rst": {
                "comp_latency": 73.10582631489362,
                "mem_latency": 69.33333333333333,
                "traffic": 2233382993920,
                "energy": 961729626676.13,
                "traffic_energy": 246718047592082.56,
                "traffic_energy_foreach": {
                    "DRAM": 69681549410304.0,
                    "L3": 176192865525137.66,
                    "reg_file": 843632656640.9011,
                    "traffic": {
                        "DRAM": {
                            "read": 274877906944.0,
                            "write": 4294967296.0,
                            "update": 0,
                            "leak": 0
                        },
                        "L3": {
                            "read": 8589934592.0,
                            "write": 4362076160.0,
                            "update": 0,
                            "leak": 0
                        },
                        "reg_file_2d": {
                            "read": 206091321344.0,
                            "write": 206158430208.0,
                            "update": 0,
                            "leak": 0
                        },
                        "reg_file_1d": {
                            "read": 0,
                            "write": 0,
                            "update": 0,
                            "leak": 0
                        }
                    }
                },
                "mac_instances": 256,
                "mac_utilized_instances": 256
            },
            "factors": {
                "DRAM": {
                    "B": 64,
                    "F": 4,
                    "H": 16,
                    "M": 16384,
                    "N": 1,
                    "D": 1024
                },
                "L3": {
                    "B": 1,
                    "F": 1,
                    "H": 1,
                    "M": 1,
                    "N": 1,
                    "D": 1
                },
                "PE": {
                    "B": 1,
                    "F": 1,
                    "H": 1,
                    "M": 1,
                    "N": 16,
                    "D": 1
                },
                "PE_col": {
                    "B": 1,
                    "F": 16,
                    "H": 1,
                    "M": 1,