{
    "latency": 346.70582631489367,
    "energy": 1572929676835719.0,
    "energy_rsts": {
        "DRAM": 343851645743923.2,
        "L3": 320663570299127.6,
        "reg_file": 2531228714532.8643,
        "PE": 905883232078135.2,
        "total": 1572929676835719.0
    },
    "tl_rsts": {
        "Q": {
            "tl_rst": {
                "comp_latency": 73.10582631489362,
                "mem_latency": 136.8,
                "traffic": 4406636445696,
                "energy": 961729626676.13,
                "traffic_energy": 381382876587674.8,
                "traffic_energy_foreach": {
                    "DRAM": 137487057105715.2,
                    "L3": 243052076577115.3,
                    "reg_file": 843742904844.288,
                    "traffic": {
                        "DRAM": {
                            "read": 549755813888.0,
                            "write": 1073741824.0,
                            "update": 0,
                            "leak": 0
                        },
                        "L3": {
                            "read": 8589934592.0,
                            "write": 8606711808.0,
                            "update": 0,
                            "leak": 0
                        },
                        "reg_file_2d": {
                            "read": 206141652992.0,
                            "write": 206158430208.0,
                            "update": 0,
                            "leak": 0
                        },
                        "reg_file_1d": {
                            "read": 0,
                            "write": 0,
                            "update": 0,
                            "leak": 0
                        }
                    }
                },
                "mac_instances": 256,
                "mac_utilized_instances": 256
            },
            "factors": {
                "DRAM": {
                    "B": 64,
                    "E": 8,
                    "H": 32,
                    "P": 1024,
                    "D": 4096
                },
                "L3": {
                    "B": 1,
                    "E": 1,
                    "H": 1,
                    "P": 1,
                    "D": 1
                },
                "PE": {
                    "B": 1,
                    "E": 1,
                    "H": 1,
                    "P": 16,
                    "D": 1
                },
                "PE_col": {
                    "B": 1,
                    "E": 16,
                    "H": 1,
                    "P": 1,
                    "D": 1
                },
                "reg_file": {
                    "B": 1,
                    "E": 1,
                    "H": 1,
                    "P": 1,
                    "D": 1
                }
            }
        },
        "BK": {
            "tl_rst": {
                "comp_latency": 73.10582631489362,
                "mem_latency": 136.8,
                "traffic": 4406636445696,
                "energy": 961729626676.13,
                "traffic_energy": 381382876587674.8,
                "traffic_energy_foreach": {
                    "DRAM": 137487057105715.2,
                    "L3": 243052076577115.3,
                    "reg_file": 843742904844.288,
                    "traffic": {
                        "DRAM": {
                            "read": 549755813888.0,
                            "write": 1073741824.0,
                            "update": 0,
                            "leak": 0
                        },
                        "L3": {
                            "read": 8589934592.0,
                            "write": 8606711808.0,
                            "update": 0,
                            "leak": 0
                        },
                        "reg_file_2d": {
                            "read": 206141652992.0,
                            "write": 206158430208.0,
                            "update": 0,
                            "leak": 0
                        },
                        "reg_file_1d": {
                            "read": 0,
                            "write": 0,
                            "update": 0,
                            "leak": 0
                        }
                    }
                },
                "mac_instances": 256,
                "mac_utilized_instances": 256
            },
            "factors": {
                "DRAM": {
                    "B": 64,
                    "E": 8,
                    "H": 32,
                    "M": 1024,
                    "N": 1,
                    "D": 4096
                },
                "L3": {
                    "B": 1,
                    "E": 1,
                    "H": 1,
                    "M": 1,
                    "N": 1,
                    "D": 1
                },
                "PE": {
                    "B": 1,
                    "E": 1,
                    "H": 1,
                    "M": 1,
                    "N": 16,
                    "D": 1
                },
                "PE_col": {
                    "B": 1,
                    "E": 16,
                    "H": 1,
                    "M": 1,
                    "N": 1,
                    "D": 1
                },
                "reg_file": {
                    "B": 1,
                    "E": 1,
                    "H": 1,
                    "M": 1,
                    "N": 1,
                    "D": 1
                }
            }
        },
        "BV": {
            "tl_rst": {
                "comp_latency": 73.10582631489362,
                "mem_latency": 68.53333333333333,
                "traffic": 2207613190144,
                "energy": 961729626676.13,
                "traffic_energy": 245121342993478.97,
                "traffic_energy_foreach": {
                    "DRAM": 68877531532492.8,
                    "L3": 175400068556141.88,
                    "reg_file": 843742904844.288,
                    "traffic": {
                        "DRAM": {
                            "read": 274877906944.0,
                            "write": 1073741824.0,
                            "update": 0,
                            "leak": 0
                        },
                        "L3": {
                            "read": 8589934592.0,
                            "write": 4311744512.0,
                            "update": 0,
                            "leak": 0
                        },
                        "reg_file_2d": {
                            "read": 206141652992.0,
                            "write": 206158430208.0,
                            "update": 0,
                            "leak": 0
                        },
                        "reg_file_1d": {
                            "read": 0,
                            "write": 0,
                            "update": 0,
                            "leak": 0
                        }
                    }
                },
                "mac_instances": 256,
                "mac_utilized_instances": 256
            },
            "factors": {
                "DRAM": {
                    "B": 64,
                    "F": 8,
                    "H": 32,
                    "M": 1024,
                    "N": 1,
                    "D": 4096
                },
                "L3": {
                    "B": 1,
                    "F": 1,
                    "H": 1,
                    "M": 1,
                    "N": 1,
                    "D": 1
                },
                "PE": {
                    "B": 1,
                    "F": 1,
                    "H": 1,
                    "M": 1,
                    "N": 16,
                    "D": 1
                },
                "PE_col": {
                    "B": 1,
                    "F": 16,
                    "H": 1,
                    "M": 1,
                    "N": 1,