{
    "latency": 21.76911414468085,
    "energy": 98533218314633.61,
    "energy_rsts": {
        "DRAM": 21641481211084.8,
        "L3": 20115853975545.184,
        "reg_file": 158181123120.16895,
        "PE": 56617702004883.45,
        "total": 98533218314633.61
    },
    "tl_rsts": {
        "Q": {
            "tl_rst": {
                "comp_latency": 4.569114144680851,
                "mem_latency": 8.6,
                "traffic": 277025390592,
                "energy": 60108101667.26,
                "traffic_energy": 23936223824142.4,
                "traffic_energy_foreach": {
                    "DRAM": 8643192186470.399,
                    "L3": 15240304596631.945,
                    "reg_file": 52727041040.05632,
                    "traffic": {
                        "DRAM": {
                            "read": 34359738368.0,
                            "write": 268435456.0,
                            "update": 0,
                            "leak": 0
                        },
                        "L3": {
                            "read": 536870912.0,
                            "write": 541065216.0,
                            "update": 0,
                            "leak": 0
                        },
                        "reg_file_2d": {
                            "read": 12880707584.0,
                            "write": 12884901888.0,
                            "update": 0,
                            "leak": 0
                        },
                        "reg_file_1d": {
                            "read": 0,
                            "write": 0,
                            "update": 0,
                            "leak": 0
                        }
                    }
                },
                "mac_instances": 256,
                "mac_utilized_instances": 256
            },
            "factors": {
                "DRAM": {
                    "B": 64,
                    "E": 4,
                    "H": 16,
                    "P": 1024,
                    "D": 1024
                },
                "L3": {
                    "B": 1,
                    "E": 1,
                    "H": 1,
                    "P": 1,
                    "D": 1
                },
                "PE": {
                    "B": 1,
                    "E": 1,
                    "H": 1,
                    "P": 16,
                    "D": 1
                },
                "PE_col": {
                    "B": 1,
                    "E": 16,
                    "H": 1,
                    "P": 1,
                    "D": 1
                },
                "reg_file": {
                    "B": 1,
                    "E": 1,
                    "H": 1,
                    "P": 1,
                    "D": 1
                }
            }
        },
        "BK": {
            "tl_rst": {
                "comp_latency": 4.569114144680851,
                "mem_latency": 8.6,
                "traffic": 277025390592,
                "energy": 60108101667.26,
                "traffic_energy": 23936223824142.4,
                "traffic_energy_foreach": {
                    "DRAM": 8643192186470.399,
                    "L3": 15240304596631.945,
                    "reg_file": 52727041040.05632,
                    "traffic": {
                        "DRAM": {
                            "read": 34359738368.0,
                            "write": 268435456.0,
                            "update": 0,
                            "leak": 0
                        },
                        "L3": {
                            "read": 536870912.0,
                            "write": 541065216.0,
                            "update": 0,
                            "leak": 0
                        },
                        "reg_file_2d": {
                            "read": 12880707584.0,
                            "write": 12884901888.0,
                            "update": 0,
                            "leak": 0
                        },
                        "reg_file_1d": {
                            "read": 0,
                            "write": 0,
                            "update": 0,
                            "leak": 0
                        }
                    }
                },
                "mac_instances": 256,
                "mac_utilized_instances": 256
            },
            "factors": {
                "DRAM": {
                    "B": 64,
                    "E": 4,
                    "H": 16,
                    "M": 1024,
                    "N": 1,
                    "D": 1024
                },
                "L3": {
                    "B": 1,
                    "E": 1,
                    "H": 1,
                    "M": 1,
                    "N": 1,
                    "D": 1
                },
                "PE": {
                    "B": 1,
                    "E": 1,
                    "H": 1,
                    "M": 1,
                    "N": 16,
                    "D": 1
                },
                "PE_col": {
                    "B": 1,
                    "E": 16,
                    "H": 1,
                    "M": 1,
                    "N": 1,
                    "D": 1
                },
                "reg_file": {
                    "B": 1,
                    "E": 1,
                    "H": 1,
                    "M": 1,
                    "N": 1,
                    "D": 1
                }
            }
        },
        "BV": {
            "tl_rst": {
                "comp_latency": 4.569114144680851,
                "mem_latency": 4.333333333333333,
                "traffic": 139586437120,
                "energy": 60108101667.26,
                "traffic_energy": 15419877974505.16,
                "traffic_energy_foreach": {
                    "DRAM": 4355096838144.0,
                    "L3": 11012054095321.104,
                    "reg_file": 52727041040.05632,
                    "traffic": {
                        "DRAM": {
                            "read": 17179869184.0,
                            "write": 268435456.0,
                            "update": 0,
                            "leak": 0
                        },
                        "L3": {
                            "read": 536870912.0,
                            "write": 272629760.0,
                            "update": 0,
                            "leak": 0
                        },
                        "reg_file_2d": {
                            "read": 12880707584.0,
                            "write": 12884901888.0,
                            "update": 0,
                            "leak": 0
                        },
                        "reg_file_1d": {
                            "read": 0,
                            "write": 0,
                            "update": 0,
                            "leak": 0
                        }
                    }
                },
                "mac_instances": 256,
                "mac_utilized_instances": 256
            },
            "factors": {
                "DRAM": {
                    "B": 64,
                    "F": 4,
                    "H": 16,
                    "M": 1024,
                    "N": 1,
                    "D": 1024
                },
                "L3": {
                    "B": 1,
                    "F": 1,
                    "H": 1,
                    "M": 1,
                    "N": 1,
                    "D": 1
                },
                "PE": {
                    "B": 1,
                    "F": 1,
                    "H": 1,
                    "M": 1,
                    "N": 16,
                    "D": 1
                },
                "PE_col": {
                    "B": 1,
                    "F": 16,
                    "H": 1,
                    "M": 1,
                    "N": 1,