{
    "latency": 86.67645657872342,
    "energy": 393232419208929.75,
    "energy_rsts": {
        "DRAM": 85962911435980.8,
        "L3": 80165892574781.9,
        "reg_file": 632807178633.2161,
        "PE": 226470808019533.8,
        "total": 393232419208929.75
    },
    "tl_rsts": {
        "Q": {
            "tl_rst": {
                "comp_latency": 18.276456578723405,
                "mem_latency": 34.2,
                "traffic": 1101659111424,
                "energy": 240432406669.03,
                "traffic_energy": 95345719146918.7,
                "traffic_energy_foreach": {
                    "DRAM": 34371764276428.8,
                    "L3": 60763019144278.83,
                    "reg_file": 210935726211.072,
                    "traffic": {
                        "DRAM": {
                            "read": 137438953472.0,
                            "write": 268435456.0,
                            "update": 0,
                            "leak": 0
                        },
                        "L3": {
                            "read": 2147483648.0,
                            "write": 2151677952.0,
                            "update": 0,
                            "leak": 0
                        },
                        "reg_file_2d": {
                            "read": 51535413248.0,
                            "write": 51539607552.0,
                            "update": 0,
                            "leak": 0
                        },
                        "reg_file_1d": {
                            "read": 0,
                            "write": 0,
                            "update": 0,
                            "leak": 0
                        }
                    }
                },
                "mac_instances": 256,
                "mac_utilized_instances": 256
            },
            "factors": {
                "DRAM": {
                    "B": 64,
                    "E": 8,
                    "H": 32,
                    "P": 256,
                    "D": 4096
                },
                "L3": {
                    "B": 1,
                    "E": 1,
                    "H": 1,
                    "P": 1,
                    "D": 1
                },
                "PE": {
                    "B": 1,
                    "E": 1,
                    "H": 1,
                    "P": 16,
                    "D": 1
                },
                "PE_col": {
                    "B": 1,
                    "E": 16,
                    "H": 1,
                    "P": 1,
                    "D": 1
                },
                "reg_file": {
                    "B": 1,
                    "E": 1,
                    "H": 1,
                    "P": 1,
                    "D": 1
                }
            }
        },
        "BK": {
            "tl_rst": {
                "comp_latency": 18.276456578723405,
                "mem_latency": 34.2,
                "traffic": 1101659111424,
                "energy": 240432406669.03,
                "traffic_energy": 95345719146918.7,
                "traffic_energy_foreach": {
                    "DRAM": 34371764276428.8,
                    "L3": 60763019144278.83,
                    "reg_file": 210935726211.072,
                    "traffic": {
                        "DRAM": {
                            "read": 137438953472.0,
                            "write": 268435456.0,
                            "update": 0,
                            "leak": 0
                        },
                        "L3": {
                            "read": 2147483648.0,
                            "write": 2151677952.0,
                            "update": 0,
                            "leak": 0
                        },
                        "reg_file_2d": {
                            "read": 51535413248.0,
                            "write": 51539607552.0,
                            "update": 0,
                            "leak": 0
                        },
                        "reg_file_1d": {
                            "read": 0,
                            "write": 0,
                            "update": 0,
                            "leak": 0
                        }
                    }
                },
                "mac_instances": 256,
                "mac_utilized_instances": 256
            },
            "factors": {
                "DRAM": {
                    "B": 64,
                    "E": 8,
                    "H": 32,
                    "M": 256,
                    "N": 1,
                    "D": 4096
                },
                "L3": {
                    "B": 1,
                    "E": 1,
                    "H": 1,
                    "M": 1,
                    "N": 1,
                    "D": 1
                },
                "PE": {
                    "B": 1,
                    "E": 1,
                    "H": 1,
                    "M": 1,
                    "N": 16,
                    "D": 1
                },
                "PE_col": {
                    "B": 1,
                    "E": 16,
                    "H": 1,
                    "M": 1,
                    "N": 1,
                    "D": 1
                },
                "reg_file": {
                    "B": 1,
                    "E": 1,
                    "H": 1,
                    "M": 1,
                    "N": 1,
                    "D": 1
                }
            }
        },
        "BV": {
            "tl_rst": {
                "comp_latency": 18.276456578723405,
                "mem_latency": 17.133333333333333,
                "traffic": 551903297536,
                "energy": 240432406669.03,
                "traffic_energy": 61280335748369.74,
                "traffic_energy_foreach": {
                    "DRAM": 17219382883123.2,
                    "L3": 43850017139035.47,
                    "reg_file": 210935726211.072,
                    "traffic": {
                        "DRAM": {
                            "read": 68719476736.0,
                            "write": 268435456.0,
                            "update": 0,
                            "leak": 0
                        },
                        "L3": {
                            "read": 2147483648.0,
                            "write": 1077936128.0,
                            "update": 0,
                            "leak": 0
                        },
                        "reg_file_2d": {
                            "read": 51535413248.0,
                            "write": 51539607552.0,
                            "update": 0,
                            "leak": 0
                        },
                        "reg_file_1d": {
                            "read": 0,
                            "write": 0,
                            "update": 0,
                            "leak": 0
                        }
                    }
                },
                "mac_instances": 256,
                "mac_utilized_instances": 256
            },
            "factors": {
                "DRAM": {
                    "B": 64,
                    "F": 8,
                    "H": 32,
                    "M": 256,
                    "N": 1,
                    "D": 4096
                },
                "L3": {
                    "B": 1,
                    "F": 1,
                    "H": 1,
                    "M": 1,
                    "N": 1,
                    "D": 1
                },
                "PE": {
                    "B": 1,
                    "F": 1,
                    "H": 1,
                    "M": 1,
                    "N": 16,
                    "D": 1
                },
                "PE_col": {
                    "B": 1,
                    "F": 16,
                    "H": 1,
                    "M": 1,
                    "N": 1,