{
    "latency": 0.7668829191489361,
    "energy": 3467575855005.1064,
    "energy_rsts": {
        "DRAM": 763188844953.6,
        "L3": 708360191825.4121,
        "reg_file": 5560732116.91008,
        "PE": 1990466086109.184,
        "total": 3467575855005.1064
    },
    "tl_rsts": {
        "Q": {
            "tl_rst": {
                "comp_latency": 0.16063291914893618,
                "mem_latency": 0.303125,
                "traffic": 9764339712,
                "energy": 2113175449.24,
                "traffic_energy": 843067150652.0802,
                "traffic_energy_foreach": {
                    "DRAM": 304647399014.4,
                    "L3": 536566174265.3768,
                    "reg_file": 1853577372.30336,
                    "traffic": {
                        "DRAM": {
                            "read": 1207959552.0,
                            "write": 12582912.0,
                            "update": 0,
                            "leak": 0
                        },
                        "L3": {
                            "read": 18874368.0,
                            "write": 19070976.0,
                            "update": 0,
                            "leak": 0
                        },
                        "reg_file_2d": {
                            "read": 452788224.0,
                            "write": 452984832.0,
                            "update": 0,
                            "leak": 0
                        },
                        "reg_file_1d": {
                            "read": 0,
                            "write": 0,
                            "update": 0,
                            "leak": 0
                        }
                    }
                },
                "mac_instances": 256,
                "mac_utilized_instances": 256
            },
            "factors": {
                "DRAM": {
                    "B": 64,
                    "E": 4,
                    "H": 12,
                    "P": 64,
                    "D": 768
                },
                "L3": {
                    "B": 1,
                    "E": 1,
                    "H": 1,
                    "P": 1,
                    "D": 1
                },
                "PE": {
                    "B": 1,
                    "E": 1,
                    "H": 1,
                    "P": 16,
                    "D": 1
                },
                "PE_col": {
                    "B": 1,
                    "E": 16,
                    "H": 1,
                    "P": 1,
                    "D": 1
                },
                "reg_file": {
                    "B": 1,
                    "E": 1,
                    "H": 1,
                    "P": 1,
                    "D": 1
                }
            }
        },
        "BK": {
            "tl_rst": {
                "comp_latency": 0.16063291914893618,
                "mem_latency": 0.303125,
                "traffic": 9764339712,
                "energy": 2113175449.24,
                "traffic_energy": 843067150652.0802,
                "traffic_energy_foreach": {
                    "DRAM": 304647399014.4,
                    "L3": 536566174265.3768,
                    "reg_file": 1853577372.30336,
                    "traffic": {
                        "DRAM": {
                            "read": 1207959552.0,
                            "write": 12582912.0,
                            "update": 0,
                            "leak": 0
                        },
                        "L3": {
                            "read": 18874368.0,
                            "write": 19070976.0,
                            "update": 0,
                            "leak": 0
                        },
                        "reg_file_2d": {
                            "read": 452788224.0,
                            "write": 452984832.0,
                            "update": 0,
                            "leak": 0
                        },
                        "reg_file_1d": {
                            "read": 0,
                            "write": 0,
                            "update": 0,
                            "leak": 0
                        }
                    }
                },
                "mac_instances": 256,
                "mac_utilized_instances": 256
            },
            "factors": {
                "DRAM": {
                    "B": 64,
                    "E": 4,
                    "H": 12,
                    "M": 64,
                    "N": 1,
                    "D": 768
                },
                "L3": {
                    "B": 1,
                    "E": 1,
                    "H": 1,
                    "M": 1,
                    "N": 1,
                    "D": 1
                },
                "PE": {
                    "B": 1,
                    "E": 1,
                    "H": 1,
                    "M": 1,
                    "N": 16,
                    "D": 1
                },
                "PE_col": {
                    "B": 1,
                    "E": 16,
                    "H": 1,
                    "M": 1,
                    "N": 1,
                    "D": 1
                },
                "reg_file": {
                    "B": 1,
                    "E": 1,
                    "H": 1,
                    "M": 1,
                    "N": 1,
                    "D": 1
                }
            }
        },
        "BV": {
            "tl_rst": {
                "comp_latency": 0.16063291914893618,
                "mem_latency": 0.153125,
                "traffic": 4932501504,
                "energy": 2113175449.24,
                "traffic_energy": 543664366875.7709,
                "traffic_energy_foreach": {
                    "DRAM": 153894046924.80002,
                    "L3": 387916742578.6675,
                    "reg_file": 1853577372.30336,
                    "traffic": {
                        "DRAM": {
                            "read": 603979776.0,
                            "write": 12582912.0,
                            "update": 0,
                            "leak": 0
                        },
                        "L3": {
                            "read": 18874368.0,
                            "write": 9633792.0,
                            "update": 0,
                            "leak": 0
                        },
                        "reg_file_2d": {
                            "read": 452788224.0,
                            "write": 452984832.0,
                            "update": 0,
                            "leak": 0
                        },
                        "reg_file_1d": {
                            "read": 0,
                            "write": 0,
                            "update": 0,
                            "leak": 0
                        }
                    }
                },
                "mac_instances": 256,
                "mac_utilized_instances": 256
            },
            "factors": {
                "DRAM": {
                    "B": 64,
                    "F": 4,
                    "H": 12,
                    "M": 64,
                    "N": 1,
                    "D": 768
                },
                "L3": {
                    "B": 1,
                    "F": 1,
                    "H": 1,
                    "M": 1,
                    "N": 1,
                    "D": 1
                },
                "PE": {
                    "B": 1,
                    "F": 1,
                    "H": 1,
                    "M": 1,
                    "N": 16,
                    "D": 1
                },
                "PE_col": {
                    "B": 1,
                    "F": 16,
                    "H": 1,
                    "M": 1,
                    "N": 1,
                    "D": 1
                },