{
    "latency": 3.0675316765957445,
    "energy": 13870303420020.426,
    "energy_rsts": {
        "DRAM": 3052755379814.4,
        "L3": 2833440767301.6484,
        "reg_file": 22242928467.64032,
        "PE": 7961864344436.736,
        "total": 13870303420020.426
    },
    "tl_rsts": {
        "Q": {
            "tl_rst": {
                "comp_latency": 0.6425316765957447,
                "mem_latency": 1.2125,
                "traffic": 39057358848,
                "energy": 8452701796.96,
                "traffic_energy": 3372268602608.321,
                "traffic_energy_foreach": {
                    "DRAM": 1218589596057.6,
                    "L3": 2146264697061.507,
                    "reg_file": 7414309489.21344,
                    "traffic": {
                        "DRAM": {
                            "read": 4831838208.0,
                            "write": 50331648.0,
                            "update": 0,
                            "leak": 0
                        },
                        "L3": {
                            "read": 75497472.0,
                            "write": 76283904.0,
                            "update": 0,
                            "leak": 0
                        },
                        "reg_file_2d": {
                            "read": 1811152896.0,
                            "write": 1811939328.0,
                            "update": 0,
                            "leak": 0
                        },
                        "reg_file_1d": {
                            "read": 0,
                            "write": 0,
                            "update": 0,
                            "leak": 0
                        }
                    }
                },
                "mac_instances": 256,
                "mac_utilized_instances": 256
            },
            "factors": {
                "DRAM": {
                    "B": 64,
                    "E": 4,
                    "H": 12,
                    "P": 256,
                    "D": 768
                },
                "L3": {
                    "B": 1,
                    "E": 1,
                    "H": 1,
                    "P": 1,
                    "D": 1
                },
                "PE": {
                    "B": 1,
                    "E": 1,
                    "H": 1,
                    "P": 16,
                    "D": 1
                },
                "PE_col": {
                    "B": 1,
                    "E": 16,
                    "H": 1,
                    "P": 1,
                    "D": 1
                },
                "reg_file": {
                    "B": 1,
                    "E": 1,
                    "H": 1,
                    "P": 1,
                    "D": 1
                }
            }
        },
        "BK": {
            "tl_rst": {
                "comp_latency": 0.6425316765957447,
                "mem_latency": 1.2125,
                "traffic": 39057358848,
                "energy": 8452701796.96,
                "traffic_energy": 3372268602608.321,
                "traffic_energy_foreach": {
                    "DRAM": 1218589596057.6,
                    "L3": 2146264697061.507,
                    "reg_file": 7414309489.21344,
                    "traffic": {
                        "DRAM": {
                            "read": 4831838208.0,
                            "write": 50331648.0,
                            "update": 0,
                            "leak": 0
                        },
                        "L3": {
                            "read": 75497472.0,
                            "write": 76283904.0,
                            "update": 0,
                            "leak": 0
                        },
                        "reg_file_2d": {
                            "read": 1811152896.0,
                            "write": 1811939328.0,
                            "update": 0,
                            "leak": 0
                        },
                        "reg_file_1d": {
                            "read": 0,
                            "write": 0,
                            "update": 0,
                            "leak": 0
                        }
                    }
                },
                "mac_instances": 256,
                "mac_utilized_instances": 256
            },
            "factors": {
                "DRAM": {
                    "B": 64,
                    "E": 4,
                    "H": 12,
                    "M": 256,
                    "N": 1,
                    "D": 768
                },
                "L3": {
                    "B": 1,
                    "E": 1,
                    "H": 1,
                    "M": 1,
                    "N": 1,
                    "D": 1
                },
                "PE": {
                    "B": 1,
                    "E": 1,
                    "H": 1,
                    "M": 1,
                    "N": 16,
                    "D": 1
                },
                "PE_col": {
                    "B": 1,
                    "E": 16,
                    "H": 1,
                    "M": 1,
                    "N": 1,
                    "D": 1
                },
                "reg_file": {
                    "B": 1,
                    "E": 1,
                    "H": 1,
                    "M": 1,
                    "N": 1,
                    "D": 1
                }
            }
        },
        "BV": {
            "tl_rst": {
                "comp_latency": 0.6425316765957447,
                "mem_latency": 0.6125,
                "traffic": 19730006016,
                "energy": 8452701796.96,
                "traffic_energy": 2174657467503.0835,
                "traffic_energy_foreach": {
                    "DRAM": 615576187699.2001,
                    "L3": 1551666970314.67,
                    "reg_file": 7414309489.21344,
                    "traffic": {
                        "DRAM": {
                            "read": 2415919104.0,
                            "write": 50331648.0,
                            "update": 0,
                            "leak": 0
                        },
                        "L3": {
                            "read": 75497472.0,
                            "write": 38535168.0,
                            "update": 0,
                            "leak": 0
                        },
                        "reg_file_2d": {
                            "read": 1811152896.0,
                            "write": 1811939328.0,
                            "update": 0,
                            "leak": 0
                        },
                        "reg_file_1d": {
                            "read": 0,
                            "write": 0,
                            "update": 0,
                            "leak": 0
                        }
                    }
                },
                "mac_instances": 256,
                "mac_utilized_instances": 256
            },
            "factors": {
                "DRAM": {
                    "B": 64,
                    "F": 4,
                    "H": 12,
                    "M": 256,
                    "N": 1,
                    "D": 768
                },
                "L3": {
                    "B": 1,
                    "F": 1,
                    "H": 1,
                    "M": 1,
                    "N": 1,
                    "D": 1
                },
                "PE": {
                    "B": 1,
                    "F": 1,
                    "H": 1,
                    "M": 1,
                    "N": 16,
                    "D": 1
                },
                "PE_col": {
                    "B": 1,
                    "F": 16,
                    "H": 1,
                    "M": 1,
                    "N": 1,
                    "D": 1
                },