{
    "latency": 5547.293221038299,
    "energy": 2.5166874829371504e+16,
    "energy_rsts": {
        "DRAM": 5501626331902771.0,
        "L3": 5130617124786042.0,
        "reg_file": 40499659432525.83,
        "PE": 1.4494131713250164e+16,
        "total": 2.5166874829371504e+16
    },
    "tl_rsts": {
        "Q": {
            "tl_rst": {
                "comp_latency": 1169.693221038298,
                "mem_latency": 2188.8,
                "traffic": 70506183131136,
                "energy": 15387674026818.14,
                "traffic_energy": 6102126025402797.0,
                "traffic_energy_foreach": {
                    "DRAM": 2199792913691443.2,
                    "L3": 3888833225233845.0,
                    "reg_file": 13499886477508.607,
                    "traffic": {
                        "DRAM": {
                            "read": 8796093022208.0,
                            "write": 17179869184.0,
                            "update": 0,
                            "leak": 0
                        },
                        "L3": {
                            "read": 137438953472.0,
                            "write": 137707388928.0,
                            "update": 0,
                            "leak": 0
                        },
                        "reg_file_2d": {
                            "read": 3298266447872.0,
                            "write": 3298534883328.0,
                            "update": 0,
                            "leak": 0
                        },
                        "reg_file_1d": {
                            "read": 0,
                            "write": 0,
                            "update": 0,
                            "leak": 0
                        }
                    }
                },
                "mac_instances": 256,
                "mac_utilized_instances": 256
            },
            "factors": {
                "DRAM": {
                    "B": 64,
                    "E": 8,
                    "H": 32,
                    "P": 16384,
                    "D": 4096
                },
                "L3": {
                    "B": 1,
                    "E": 1,
                    "H": 1,
                    "P": 1,
                    "D": 1
                },
                "PE": {
                    "B": 1,
                    "E": 1,
                    "H": 1,
                    "P": 16,
                    "D": 1
                },
                "PE_col": {
                    "B": 1,
                    "E": 16,
                    "H": 1,
                    "P": 1,
                    "D": 1
                },
                "reg_file": {
                    "B": 1,
                    "E": 1,
                    "H": 1,
                    "P": 1,
                    "D": 1
                }
            }
        },
        "BK": {
            "tl_rst": {
                "comp_latency": 1169.693221038298,
                "mem_latency": 2188.8,
                "traffic": 70506183131136,
                "energy": 15387674026818.14,
                "traffic_energy": 6102126025402797.0,
                "traffic_energy_foreach": {
                    "DRAM": 2199792913691443.2,
                    "L3": 3888833225233845.0,
                    "reg_file": 13499886477508.607,
                    "traffic": {
                        "DRAM": {
                            "read": 8796093022208.0,
                            "write": 17179869184.0,
                            "update": 0,
                            "leak": 0
                        },
                        "L3": {
                            "read": 137438953472.0,
                            "write": 137707388928.0,
                            "update": 0,
                            "leak": 0
                        },
                        "reg_file_2d": {
                            "read": 3298266447872.0,
                            "write": 3298534883328.0,
                            "update": 0,
                            "leak": 0
                        },
                        "reg_file_1d": {
                            "read": 0,
                            "write": 0,
                            "update": 0,
                            "leak": 0
                        }
                    }
                },
                "mac_instances": 256,
                "mac_utilized_instances": 256
            },
            "factors": {
                "DRAM": {
                    "B": 64,
                    "E": 8,
                    "H": 32,
                    "M": 16384,
                    "N": 1,
                    "D": 4096
                },
                "L3": {
                    "B": 1,
                    "E": 1,
                    "H": 1,
                    "M": 1,
                    "N": 1,
                    "D": 1
                },
                "PE": {
                    "B": 1,
                    "E": 1,
                    "H": 1,
                    "M": 1,
                    "N": 16,
                    "D": 1
                },
                "PE_col": {
                    "B": 1,
                    "E": 16,
                    "H": 1,
                    "M": 1,
                    "N": 1,
                    "D": 1
                },
                "reg_file": {
                    "B": 1,
                    "E": 1,
                    "H": 1,
                    "M": 1,
                    "N": 1,
                    "D": 1
                }
            }
        },
        "BV": {
            "tl_rst": {
                "comp_latency": 1169.693221038298,
                "mem_latency": 1096.5333333333333,
                "traffic": 35321811042304,
                "energy": 15387674026818.14,
                "traffic_energy": 3921941487895663.5,
                "traffic_energy_foreach": {
                    "DRAM": 1102040504519884.8,
                    "L3": 2806401096898270.0,
                    "reg_file": 13499886477508.607,
                    "traffic": {
                        "DRAM": {
                            "read": 4398046511104.0,
                            "write": 17179869184.0,
                            "update": 0,
                            "leak": 0
                        },
                        "L3": {
                            "read": 137438953472.0,
                            "write": 68987912192.0,
                            "update": 0,
                            "leak": 0
                        },
                        "reg_file_2d": {
                            "read": 3298266447872.0,
                            "write": 3298534883328.0,
                            "update": 0,
                            "leak": 0
                        },
                        "reg_file_1d": {
                            "read": 0,
                            "write": 0,
                            "update": 0,
                            "leak": 0
                        }
                    }
                },
                "mac_instances": 256,
                "mac_utilized_instances": 256
            },
            "factors": {
                "DRAM": {
                    "B": 64,
                    "F": 8,
                    "H": 32,
                    "M": 16384,
                    "N": 1,
                    "D": 4096
                },
                "L3": {
                    "B": 1,
                    "F": 1,
                    "H": 1,
                    "M": 1,
                    "N": 1,
                    "D": 1
                },
                "PE": {
                    "B": 1,
                    "F": 1,
                    "H": 1,
                    "M": 1,
                    "N": 16,
                    "D": 1
                },
                "PE_col": {
                    "B": 1,
                    "F": 16,