{
    "latency": 12.270126706382978,
    "energy": 55481213680081.7,
    "energy_rsts": {
        "DRAM": 12211021519257.6,
        "L3": 11333763069206.594,
        "reg_file": 88971713870.56128,
        "PE": 31847457377746.945,
        "total": 55481213680081.7
    },
    "tl_rsts": {
        "Q": {
            "tl_rst": {
                "comp_latency": 2.570126706382979,
                "mem_latency": 4.85,
                "traffic": 156229435392,
                "energy": 33810807187.83,
                "traffic_energy": 13489074410433.283,
                "traffic_energy_foreach": {
                    "DRAM": 4874358384230.4,
                    "L3": 8585058788246.028,
                    "reg_file": 29657237956.85376,
                    "traffic": {
                        "DRAM": {
                            "read": 19327352832.0,
                            "write": 201326592.0,
                            "update": 0,
                            "leak": 0
                        },
                        "L3": {
                            "read": 301989888.0,
                            "write": 305135616.0,
                            "update": 0,
                            "leak": 0
                        },
                        "reg_file_2d": {
                            "read": 7244611584.0,
                            "write": 7247757312.0,
                            "update": 0,
                            "leak": 0
                        },
                        "reg_file_1d": {
                            "read": 0,
                            "write": 0,
                            "update": 0,
                            "leak": 0
                        }
                    }
                },
                "mac_instances": 256,
                "mac_utilized_instances": 256
            },
            "factors": {
                "DRAM": {
                    "B": 64,
                    "E": 4,
                    "H": 12,
                    "P": 1024,
                    "D": 768
                },
                "L3": {
                    "B": 1,
                    "E": 1,
                    "H": 1,
                    "P": 1,
                    "D": 1
                },
                "PE": {
                    "B": 1,
                    "E": 1,
                    "H": 1,
                    "P": 16,
                    "D": 1
                },
                "PE_col": {
                    "B": 1,
                    "E": 16,
                    "H": 1,
                    "P": 1,
                    "D": 1
                },
                "reg_file": {
                    "B": 1,
                    "E": 1,
                    "H": 1,
                    "P": 1,
                    "D": 1
                }
            }
        },
        "BK": {
            "tl_rst": {
                "comp_latency": 2.570126706382979,
                "mem_latency": 4.85,
                "traffic": 156229435392,
                "energy": 33810807187.83,
                "traffic_energy": 13489074410433.283,
                "traffic_energy_foreach": {
                    "DRAM": 4874358384230.4,
                    "L3": 8585058788246.028,
                    "reg_file": 29657237956.85376,
                    "traffic": {
                        "DRAM": {
                            "read": 19327352832.0,
                            "write": 201326592.0,
                            "update": 0,
                            "leak": 0
                        },
                        "L3": {
                            "read": 301989888.0,
                            "write": 305135616.0,
                            "update": 0,
                            "leak": 0
                        },
                        "reg_file_2d": {
                            "read": 7244611584.0,
                            "write": 7247757312.0,
                            "update": 0,
                            "leak": 0
                        },
                        "reg_file_1d": {
                            "read": 0,
                            "write": 0,
                            "update": 0,
                            "leak": 0
                        }
                    }
                },
                "mac_instances": 256,
                "mac_utilized_instances": 256
            },
            "factors": {
                "DRAM": {
                    "B": 64,
                    "E": 4,
                    "H": 12,
                    "M": 1024,
                    "N": 1,
                    "D": 768
                },
                "L3": {
                    "B": 1,
                    "E": 1,
                    "H": 1,
                    "M": 1,
                    "N": 1,
                    "D": 1
                },
                "PE": {
                    "B": 1,
                    "E": 1,
                    "H": 1,
                    "M": 1,
                    "N": 16,
                    "D": 1
                },
                "PE_col": {
                    "B": 1,
                    "E": 16,
                    "H": 1,
                    "M": 1,
                    "N": 1,
                    "D": 1
                },
                "reg_file": {
                    "B": 1,
                    "E": 1,
                    "H": 1,
                    "M": 1,
                    "N": 1,
                    "D": 1
                }
            }
        },
        "BV": {
            "tl_rst": {
                "comp_latency": 2.570126706382979,
                "mem_latency": 2.45,
                "traffic": 78920024064,
                "energy": 33810807187.83,
                "traffic_energy": 8698629870012.334,
                "traffic_energy_foreach": {
                    "DRAM": 2462304750796.8003,
                    "L3": 6206667881258.68,
                    "reg_file": 29657237956.85376,
                    "traffic": {
                        "DRAM": {
                            "read": 9663676416.0,
                            "write": 201326592.0,
                            "update": 0,
                            "leak": 0
                        },
                        "L3": {
                            "read": 301989888.0,
                            "write": 154140672.0,
                            "update": 0,
                            "leak": 0
                        },
                        "reg_file_2d": {
                            "read": 7244611584.0,
                            "write": 7247757312.0,
                            "update": 0,
                            "leak": 0
                        },
                        "reg_file_1d": {
                            "read": 0,
                            "write": 0,
                            "update": 0,
                            "leak": 0
                        }
                    }
                },
                "mac_instances": 256,
                "mac_utilized_instances": 256
            },
            "factors": {
                "DRAM": {
                    "B": 64,
                    "F": 4,
                    "H": 12,
                    "M": 1024,
                    "N": 1,
                    "D": 768
                },
                "L3": {
                    "B": 1,
                    "F": 1,
                    "H": 1,
                    "M": 1,
                    "N": 1,
                    "D": 1
                },
                "PE": {
                    "B": 1,
                    "F": 1,
                    "H": 1,
                    "M": 1,
                    "N": 16,
                    "D": 1
                },
                "PE_col": {
                    "B": 1,
                    "F": 16,
                    "H": 1,
                    "M": 1,
                    "N": 1,
                    "D": 1
                },