{
    "latency": 0.3422257418439716,
    "energy": 1544271401007.8413,
    "energy_rsts": {
        "DRAM": 341288838758.4,
        "L3": 315859819031.4291,
        "reg_file": 2471149391.70816,
        "PE": 884651593826.304,
        "total": 1544271401007.8413
    },
    "tl_rsts": {
        "Q": {
            "tl_rst": {
                "comp_latency": 0.0713924085106383,
                "mem_latency": 0.13541666666666666,
                "traffic": 4362076160,
                "energy": 939189088.55,
                "traffic_energy": 376082539698.3234,
                "traffic_energy_foreach": {
                    "DRAM": 136096776192.0,
                    "L3": 239162047042.42072,
                    "reg_file": 823716463.90272,
                    "traffic": {
                        "DRAM": {
                            "read": 536870912.0,
                            "write": 8388608.0,
                            "update": 0,
                            "leak": 0
                        },
                        "L3": {
                            "read": 8388608.0,
                            "write": 8519680.0,
                            "update": 0,
                            "leak": 0
                        },
                        "reg_file_2d": {
                            "read": 201195520.0,
                            "write": 201326592.0,
                            "update": 0,
                            "leak": 0
                        },
                        "reg_file_1d": {
                            "read": 0,
                            "write": 0,
                            "update": 0,
                            "leak": 0
                        }
                    }
                },
                "mac_instances": 256,
                "mac_utilized_instances": 256
            },
            "factors": {
                "DRAM": {
                    "B": 64,
                    "E": 4,
                    "H": 8,
                    "P": 64,
                    "D": 512
                },
                "L3": {
                    "B": 1,
                    "E": 1,
                    "H": 1,
                    "P": 1,
                    "D": 1
                },
                "PE": {
                    "B": 1,
                    "E": 1,
                    "H": 1,
                    "P": 16,
                    "D": 1
                },
                "PE_col": {
                    "B": 1,
                    "E": 16,
                    "H": 1,
                    "P": 1,
                    "D": 1
                },
                "reg_file": {
                    "B": 1,
                    "E": 1,
                    "H": 1,
                    "P": 1,
                    "D": 1
                }
            }
        },
        "BK": {
            "tl_rst": {
                "comp_latency": 0.0713924085106383,
                "mem_latency": 0.13541666666666666,
                "traffic": 4362076160,
                "energy": 939189088.55,
                "traffic_energy": 376082539698.3234,
                "traffic_energy_foreach": {
                    "DRAM": 136096776192.0,
                    "L3": 239162047042.42072,
                    "reg_file": 823716463.90272,
                    "traffic": {
                        "DRAM": {
                            "read": 536870912.0,
                            "write": 8388608.0,
                            "update": 0,
                            "leak": 0
                        },
                        "L3": {
                            "read": 8388608.0,
                            "write": 8519680.0,
                            "update": 0,
                            "leak": 0
                        },
                        "reg_file_2d": {
                            "read": 201195520.0,
                            "write": 201326592.0,
                            "update": 0,
                            "leak": 0
                        },
                        "reg_file_1d": {
                            "read": 0,
                            "write": 0,
                            "update": 0,
                            "leak": 0
                        }
                    }
                },
                "mac_instances": 256,
                "mac_utilized_instances": 256
            },
            "factors": {
                "DRAM": {
                    "B": 64,
                    "E": 4,
                    "H": 8,
                    "M": 64,
                    "N": 1,
                    "D": 512
                },
                "L3": {
                    "B": 1,
                    "E": 1,
                    "H": 1,
                    "M": 1,
                    "N": 1,
                    "D": 1
                },
                "PE": {
                    "B": 1,
                    "E": 1,
                    "H": 1,
                    "M": 1,
                    "N": 16,
                    "D": 1
                },
                "PE_col": {
                    "B": 1,
                    "E": 16,
                    "H": 1,
                    "M": 1,
                    "N": 1,
                    "D": 1
                },
                "reg_file": {
                    "B": 1,
                    "E": 1,
                    "H": 1,
                    "M": 1,
                    "N": 1,
                    "D": 1
                }
            }
        },
        "BV": {
            "tl_rst": {
                "comp_latency": 0.0713924085106383,
                "mem_latency": 0.06875,
                "traffic": 2214592512,
                "energy": 939189088.55,
                "traffic_energy": 243014635797.74155,
                "traffic_energy_foreach": {
                    "DRAM": 69095286374.4,
                    "L3": 173095632959.43884,
                    "reg_file": 823716463.90272,
                    "traffic": {
                        "DRAM": {
                            "read": 268435456.0,
                            "write": 8388608.0,
                            "update": 0,
                            "leak": 0
                        },
                        "L3": {
                            "read": 8388608.0,
                            "write": 4325376.0,
                            "update": 0,
                            "leak": 0
                        },
                        "reg_file_2d": {
                            "read": 201195520.0,
                            "write": 201326592.0,
                            "update": 0,
                            "leak": 0
                        },
                        "reg_file_1d": {
                            "read": 0,
                            "write": 0,
                            "update": 0,
                            "leak": 0
                        }
                    }
                },
                "mac_instances": 256,
                "mac_utilized_instances": 256
            },
            "factors": {
                "DRAM": {
                    "B": 64,
                    "F": 4,
                    "H": 8,
                    "M": 64,
                    "N": 1,
                    "D": 512
                },
                "L3": {
                    "B": 1,
                    "F": 1,
                    "H": 1,
                    "M": 1,
                    "N": 1,
                    "D": 1
                },
                "PE": {
                    "B": 1,
                    "F": 1,
                    "H": 1,
                    "M": 1,
                    "N": 16,
                    "D": 1
                },
                "PE_col": {
                    "B": 1,
                    "F": 16,
                    "H": 1,
                    "M": 1,
                    "N": 1,
                    "D": 1
                },