{
    "latency": 196.32202730212765,
    "energy": 887699418881307.2,
    "energy_rsts": {
        "DRAM": 195376344308121.6,
        "L3": 181340209107305.5,
        "reg_file": 1423547421928.9805,
        "PE": 509559318043951.1,
        "total": 887699418881307.2
    },
    "tl_rsts": {
        "Q": {
            "tl_rst": {
                "comp_latency": 41.12202730212766,
                "mem_latency": 77.6,
                "traffic": 2499670966272,
                "energy": 540972915005.33,
                "traffic_energy": 215825190566932.53,
                "traffic_energy_foreach": {
                    "DRAM": 77989734147686.4,
                    "L3": 137360940611936.45,
                    "reg_file": 474515807309.66016,
                    "traffic": {
                        "DRAM": {
                            "read": 309237645312.0,
                            "write": 3221225472.0,
                            "update": 0,
                            "leak": 0
                        },
                        "L3": {
                            "read": 4831838208.0,
                            "write": 4882169856.0,
                            "update": 0,
                            "leak": 0
                        },
                        "reg_file_2d": {
                            "read": 115913785344.0,
                            "write": 115964116992.0,
                            "update": 0,
                            "leak": 0
                        },
                        "reg_file_1d": {
                            "read": 0,
                            "write": 0,
                            "update": 0,
                            "leak": 0
                        }
                    }
                },
                "mac_instances": 256,
                "mac_utilized_instances": 256
            },
            "factors": {
                "DRAM": {
                    "B": 64,
                    "E": 4,
                    "H": 12,
                    "P": 16384,
                    "D": 768
                },
                "L3": {
                    "B": 1,
                    "E": 1,
                    "H": 1,
                    "P": 1,
                    "D": 1
                },
                "PE": {
                    "B": 1,
                    "E": 1,
                    "H": 1,
                    "P": 16,
                    "D": 1
                },
                "PE_col": {
                    "B": 1,
                    "E": 16,
                    "H": 1,
                    "P": 1,
                    "D": 1
                },
                "reg_file": {
                    "B": 1,
                    "E": 1,
                    "H": 1,
                    "P": 1,
                    "D": 1
                }
            }
        },
        "BK": {
            "tl_rst": {
                "comp_latency": 41.12202730212766,
                "mem_latency": 77.6,
                "traffic": 2499670966272,
                "energy": 540972915005.33,
                "traffic_energy": 215825190566932.53,
                "traffic_energy_foreach": {
                    "DRAM": 77989734147686.4,
                    "L3": 137360940611936.45,
                    "reg_file": 474515807309.66016,
                    "traffic": {
                        "DRAM": {
                            "read": 309237645312.0,
                            "write": 3221225472.0,
                            "update": 0,
                            "leak": 0
                        },
                        "L3": {
                            "read": 4831838208.0,
                            "write": 4882169856.0,
                            "update": 0,
                            "leak": 0
                        },
                        "reg_file_2d": {
                            "read": 115913785344.0,
                            "write": 115964116992.0,
                            "update": 0,
                            "leak": 0
                        },
                        "reg_file_1d": {
                            "read": 0,
                            "write": 0,
                            "update": 0,
                            "leak": 0
                        }
                    }
                },
                "mac_instances": 256,
                "mac_utilized_instances": 256
            },
            "factors": {
                "DRAM": {
                    "B": 64,
                    "E": 4,
                    "H": 12,
                    "M": 16384,
                    "N": 1,
                    "D": 768
                },
                "L3": {
                    "B": 1,
                    "E": 1,
                    "H": 1,
                    "M": 1,
                    "N": 1,
                    "D": 1
                },
                "PE": {
                    "B": 1,
                    "E": 1,
                    "H": 1,
                    "M": 1,
                    "N": 16,
                    "D": 1
                },
                "PE_col": {
                    "B": 1,
                    "E": 16,
                    "H": 1,
                    "M": 1,
                    "N": 1,
                    "D": 1
                },
                "reg_file": {
                    "B": 1,
                    "E": 1,
                    "H": 1,
                    "M": 1,
                    "N": 1,
                    "D": 1
                }
            }
        },
        "BV": {
            "tl_rst": {
                "comp_latency": 41.12202730212766,
                "mem_latency": 39.2,
                "traffic": 1262720385024,
                "energy": 540972915005.33,
                "traffic_energy": 139178077920197.34,
                "traffic_energy_foreach": {
                    "DRAM": 39396876012748.805,
                    "L3": 99306686100138.88,
                    "reg_file": 474515807309.66016,
                    "traffic": {
                        "DRAM": {
                            "read": 154618822656.0,
                            "write": 3221225472.0,
                            "update": 0,
                            "leak": 0
                        },
                        "L3": {
                            "read": 4831838208.0,
                            "write": 2466250752.0,
                            "update": 0,
                            "leak": 0
                        },
                        "reg_file_2d": {
                            "read": 115913785344.0,
                            "write": 115964116992.0,
                            "update": 0,
                            "leak": 0
                        },
                        "reg_file_1d": {
                            "read": 0,
                            "write": 0,
                            "update": 0,
                            "leak": 0
                        }
                    }
                },
                "mac_instances": 256,
                "mac_utilized_instances": 256
            },
            "factors": {
                "DRAM": {
                    "B": 64,
                    "F": 4,
                    "H": 12,
                    "M": 16384,
                    "N": 1,
                    "D": 768
                },
                "L3": {
                    "B": 1,
                    "F": 1,
                    "H": 1,
                    "M": 1,
                    "N": 1,
                    "D": 1
                },
                "PE": {
                    "B": 1,
                    "F": 1,
                    "H": 1,
                    "M": 1,
                    "N": 16,
                    "D": 1
                },
                "PE_col": {
                    "B": 1,
                    "F": 16,
                    "H": 1,
                    "M": 1,
                    "N": 1,