{
    "latency": 21.702447478014186,
    "energy": 98383142639699.48,
    "energy_rsts": {
        "DRAM": 21540978976358.4,
        "L3": 20066266754312.043,
        "reg_file": 158194904145.59232,
        "PE": 56617702004883.45,
        "total": 98383142639699.48
    },
    "tl_rsts": {
        "Q": {
            "tl_rst": {
                "comp_latency": 4.569114144680851,
                "mem_latency": 8.566666666666666,
                "traffic": 275951648768,
                "energy": 60108101667.26,
                "traffic_energy": 23869694465867.254,
                "traffic_energy_foreach": {
                    "DRAM": 8609691441561.6,
                    "L3": 15207271389590.453,
                    "reg_file": 52731634715.19743,
                    "traffic": {
                        "DRAM": {
                            "read": 34359738368.0,
                            "write": 134217728.0,
                            "update": 0,
                            "leak": 0
                        },
                        "L3": {
                            "read": 536870912.0,
                            "write": 538968064.0,
                            "update": 0,
                            "leak": 0
                        },
                        "reg_file_2d": {
                            "read": 12882804736.0,
                            "write": 12884901888.0,
                            "update": 0,
                            "leak": 0
                        },
                        "reg_file_1d": {
                            "read": 0,
                            "write": 0,
                            "update": 0,
                            "leak": 0
                        }
                    }
                },
                "mac_instances": 256,
                "mac_utilized_instances": 256
            },
            "factors": {
                "DRAM": {
                    "B": 64,
                    "E": 8,
                    "H": 16,
                    "P": 256,
                    "D": 2048
                },
                "L3": {
                    "B": 1,
                    "E": 1,
                    "H": 1,
                    "P": 1,
                    "D": 1
                },
                "PE": {
                    "B": 1,
                    "E": 1,
                    "H": 1,
                    "P": 16,
                    "D": 1
                },
                "PE_col": {
                    "B": 1,
                    "E": 16,
                    "H": 1,
                    "P": 1,
                    "D": 1
                },
                "reg_file": {
                    "B": 1,
                    "E": 1,
                    "H": 1,
                    "P": 1,
                    "D": 1
                }
            }
        },
        "BK": {
            "tl_rst": {
                "comp_latency": 4.569114144680851,
                "mem_latency": 8.566666666666666,
                "traffic": 275951648768,
                "energy": 60108101667.26,
                "traffic_energy": 23869694465867.254,
                "traffic_energy_foreach": {
                    "DRAM": 8609691441561.6,
                    "L3": 15207271389590.453,
                    "reg_file": 52731634715.19743,
                    "traffic": {
                        "DRAM": {
                            "read": 34359738368.0,
                            "write": 134217728.0,
                            "update": 0,
                            "leak": 0
                        },
                        "L3": {
                            "read": 536870912.0,
                            "write": 538968064.0,
                            "update": 0,
                            "leak": 0
                        },
                        "reg_file_2d": {
                            "read": 12882804736.0,
                            "write": 12884901888.0,
                            "update": 0,
                            "leak": 0
                        },
                        "reg_file_1d": {
                            "read": 0,
                            "write": 0,
                            "update": 0,
                            "leak": 0
                        }
                    }
                },
                "mac_instances": 256,
                "mac_utilized_instances": 256
            },
            "factors": {
                "DRAM": {
                    "B": 64,
                    "E": 8,
                    "H": 16,
                    "M": 256,
                    "N": 1,
                    "D": 2048
                },
                "L3": {
                    "B": 1,
                    "E": 1,
                    "H": 1,
                    "M": 1,
                    "N": 1,
                    "D": 1
                },
                "PE": {
                    "B": 1,
                    "E": 1,
                    "H": 1,
                    "M": 1,
                    "N": 16,
                    "D": 1
                },
                "PE_col": {
                    "B": 1,
                    "E": 16,
                    "H": 1,
                    "M": 1,
                    "N": 1,
                    "D": 1
                },
                "reg_file": {
                    "B": 1,
                    "E": 1,
                    "H": 1,
                    "M": 1,
                    "N": 1,
                    "D": 1
                }
            }
        },
        "BV": {
            "tl_rst": {
                "comp_latency": 4.569114144680851,
                "mem_latency": 4.3,
                "traffic": 138512695296,
                "energy": 60108101667.26,
                "traffic_energy": 15353348616230.01,
                "traffic_energy_foreach": {
                    "DRAM": 4321596093235.1997,
                    "L3": 10979020888279.613,
                    "reg_file": 52731634715.19743,
                    "traffic": {
                        "DRAM": {
                            "read": 17179869184.0,
                            "write": 134217728.0,
                            "update": 0,
                            "leak": 0
                        },
                        "L3": {
                            "read": 536870912.0,
                            "write": 270532608.0,
                            "update": 0,
                            "leak": 0
                        },
                        "reg_file_2d": {
                            "read": 12882804736.0,
                            "write": 12884901888.0,
                            "update": 0,
                            "leak": 0
                        },
                        "reg_file_1d": {
                            "read": 0,
                            "write": 0,
                            "update": 0,
                            "leak": 0
                        }
                    }
                },
                "mac_instances": 256,
                "mac_utilized_instances": 256
            },
            "factors": {
                "DRAM": {
                    "B": 64,
                    "F": 8,
                    "H": 16,
                    "M": 256,
                    "N": 1,
                    "D": 2048
                },
                "L3": {
                    "B": 1,
                    "F": 1,
                    "H": 1,
                    "M": 1,
                    "N": 1,
                    "D": 1
                },
                "PE": {
                    "B": 1,
                    "F": 1,
                    "H": 1,
                    "M": 1,
                    "N": 16,
                    "D": 1
                },
                "PE_col": {
                    "B": 1,
                    "F": 16,
                    "H": 1,
                    "M": 1,
                    "N": 1,