{
    "latency": 5.442278536170212,
    "energy": 24633304578658.402,
    "energy_rsts": {
        "DRAM": 5410370302771.2,
        "L3": 5028963493886.296,
        "reg_file": 39545280780.04224,
        "PE": 14154425501220.863,
        "total": 24633304578658.402
    },
    "tl_rsts": {
        "Q": {
            "tl_rst": {
                "comp_latency": 1.1422785361702128,
                "mem_latency": 2.15,
                "traffic": 69256347648,
                "energy": 15027025416.81,
                "traffic_energy": 5984055956035.6,
                "traffic_energy_foreach": {
                    "DRAM": 2160798046617.5999,
                    "L3": 3810076149157.9863,
                    "reg_file": 13181760260.01408,
                    "traffic": {
                        "DRAM": {
                            "read": 8589934592.0,
                            "write": 67108864.0,
                            "update": 0,
                            "leak": 0
                        },
                        "L3": {
                            "read": 134217728.0,
                            "write": 135266304.0,
                            "update": 0,
                            "leak": 0
                        },
                        "reg_file_2d": {
                            "read": 3220176896.0,
                            "write": 3221225472.0,
                            "update": 0,
                            "leak": 0
                        },
                        "reg_file_1d": {
                            "read": 0,
                            "write": 0,
                            "update": 0,
                            "leak": 0
                        }
                    }
                },
                "mac_instances": 256,
                "mac_utilized_instances": 256
            },
            "factors": {
                "DRAM": {
                    "B": 64,
                    "E": 4,
                    "H": 16,
                    "P": 256,
                    "D": 1024
                },
                "L3": {
                    "B": 1,
                    "E": 1,
                    "H": 1,
                    "P": 1,
                    "D": 1
                },
                "PE": {
                    "B": 1,
                    "E": 1,
                    "H": 1,
                    "P": 16,
                    "D": 1
                },
                "PE_col": {
                    "B": 1,
                    "E": 16,
                    "H": 1,
                    "P": 1,
                    "D": 1
                },
                "reg_file": {
                    "B": 1,
                    "E": 1,
                    "H": 1,
                    "P": 1,
                    "D": 1
                }
            }
        },
        "BK": {
            "tl_rst": {
                "comp_latency": 1.1422785361702128,
                "mem_latency": 2.15,
                "traffic": 69256347648,
                "energy": 15027025416.81,
                "traffic_energy": 5984055956035.6,
                "traffic_energy_foreach": {
                    "DRAM": 2160798046617.5999,
                    "L3": 3810076149157.9863,
                    "reg_file": 13181760260.01408,
                    "traffic": {
                        "DRAM": {
                            "read": 8589934592.0,
                            "write": 67108864.0,
                            "update": 0,
                            "leak": 0
                        },
                        "L3": {
                            "read": 134217728.0,
                            "write": 135266304.0,
                            "update": 0,
                            "leak": 0
                        },
                        "reg_file_2d": {
                            "read": 3220176896.0,
                            "write": 3221225472.0,
                            "update": 0,
                            "leak": 0
                        },
                        "reg_file_1d": {
                            "read": 0,
                            "write": 0,
                            "update": 0,
                            "leak": 0
                        }
                    }
                },
                "mac_instances": 256,
                "mac_utilized_instances": 256
            },
            "factors": {
                "DRAM": {
                    "B": 64,
                    "E": 4,
                    "H": 16,
                    "M": 256,
                    "N": 1,
                    "D": 1024
                },
                "L3": {
                    "B": 1,
                    "E": 1,
                    "H": 1,
                    "M": 1,
                    "N": 1,
                    "D": 1
                },
                "PE": {
                    "B": 1,
                    "E": 1,
                    "H": 1,
                    "M": 1,
                    "N": 16,
                    "D": 1
                },
                "PE_col": {
                    "B": 1,
                    "E": 16,
                    "H": 1,
                    "M": 1,
                    "N": 1,
                    "D": 1
                },
                "reg_file": {
                    "B": 1,
                    "E": 1,
                    "H": 1,
                    "M": 1,
                    "N": 1,
                    "D": 1
                }
            }
        },
        "BV": {
            "tl_rst": {
                "comp_latency": 1.1422785361702128,
                "mem_latency": 1.0833333333333333,
                "traffic": 34896609280,
                "energy": 15027025416.81,
                "traffic_energy": 3854969493626.29,
                "traffic_energy_foreach": {
                    "DRAM": 1088774209536.0,
                    "L3": 2753013523830.276,
                    "reg_file": 13181760260.01408,
                    "traffic": {
                        "DRAM": {
                            "read": 4294967296.0,
                            "write": 67108864.0,
                            "update": 0,
                            "leak": 0
                        },
                        "L3": {
                            "read": 134217728.0,
                            "write": 68157440.0,
                            "update": 0,
                            "leak": 0
                        },
                        "reg_file_2d": {
                            "read": 3220176896.0,
                            "write": 3221225472.0,
                            "update": 0,
                            "leak": 0
                        },
                        "reg_file_1d": {
                            "read": 0,
                            "write": 0,
                            "update": 0,
                            "leak": 0
                        }
                    }
                },
                "mac_instances": 256,
                "mac_utilized_instances": 256
            },
            "factors": {
                "DRAM": {
                    "B": 64,
                    "F": 4,
                    "H": 16,
                    "M": 256,
                    "N": 1,
                    "D": 1024
                },
                "L3": {
                    "B": 1,
                    "F": 1,
                    "H": 1,
                    "M": 1,
                    "N": 1,
                    "D": 1
                },
                "PE": {
                    "B": 1,
                    "F": 1,
                    "H": 1,
                    "M": 1,
                    "N": 16,
                    "D": 1
                },
                "PE_col": {
                    "B": 1,
                    "F": 16,
                    "H": 1,
                    "M": 1,
                    "N": 1,
                    "D": 1
                },