{
    "latency": 5.4256118695035465,
    "energy": 24595785659924.87,
    "energy_rsts": {
        "DRAM": 5385244744089.6,
        "L3": 5016566688578.011,
        "reg_file": 39548726036.39808,
        "PE": 14154425501220.863,
        "total": 24595785659924.87
    },
    "tl_rsts": {
        "Q": {
            "tl_rst": {
                "comp_latency": 1.1422785361702128,
                "mem_latency": 2.1416666666666666,
                "traffic": 68987912192,
                "energy": 15027025416.81,
                "traffic_energy": 5967423616466.813,
                "traffic_energy_foreach": {
                    "DRAM": 2152422860390.4,
                    "L3": 3801817847397.6133,
                    "reg_file": 13182908678.799358,
                    "traffic": {
                        "DRAM": {
                            "read": 8589934592.0,
                            "write": 33554432.0,
                            "update": 0,
                            "leak": 0
                        },
                        "L3": {
                            "read": 134217728.0,
                            "write": 134742016.0,
                            "update": 0,
                            "leak": 0
                        },
                        "reg_file_2d": {
                            "read": 3220701184.0,
                            "write": 3221225472.0,
                            "update": 0,
                            "leak": 0
                        },
                        "reg_file_1d": {
                            "read": 0,
                            "write": 0,
                            "update": 0,
                            "leak": 0
                        }
                    }
                },
                "mac_instances": 256,
                "mac_utilized_instances": 256
            },
            "factors": {
                "DRAM": {
                    "B": 64,
                    "E": 8,
                    "H": 16,
                    "P": 64,
                    "D": 2048
                },
                "L3": {
                    "B": 1,
                    "E": 1,
                    "H": 1,
                    "P": 1,
                    "D": 1
                },
                "PE": {
                    "B": 1,
                    "E": 1,
                    "H": 1,
                    "P": 16,
                    "D": 1
                },
                "PE_col": {
                    "B": 1,
                    "E": 16,
                    "H": 1,
                    "P": 1,
                    "D": 1
                },
                "reg_file": {
                    "B": 1,
                    "E": 1,
                    "H": 1,
                    "P": 1,
                    "D": 1
                }
            }
        },
        "BK": {
            "tl_rst": {
                "comp_latency": 1.1422785361702128,
                "mem_latency": 2.1416666666666666,
                "traffic": 68987912192,
                "energy": 15027025416.81,
                "traffic_energy": 5967423616466.813,
                "traffic_energy_foreach": {
                    "DRAM": 2152422860390.4,
                    "L3": 3801817847397.6133,
                    "reg_file": 13182908678.799358,
                    "traffic": {
                        "DRAM": {
                            "read": 8589934592.0,
                            "write": 33554432.0,
                            "update": 0,
                            "leak": 0
                        },
                        "L3": {
                            "read": 134217728.0,
                            "write": 134742016.0,
                            "update": 0,
                            "leak": 0
                        },
                        "reg_file_2d": {
                            "read": 3220701184.0,
                            "write": 3221225472.0,
                            "update": 0,
                            "leak": 0
                        },
                        "reg_file_1d": {
                            "read": 0,
                            "write": 0,
                            "update": 0,
                            "leak": 0
                        }
                    }
                },
                "mac_instances": 256,
                "mac_utilized_instances": 256
            },
            "factors": {
                "DRAM": {
                    "B": 64,
                    "E": 8,
                    "H": 16,
                    "M": 64,
                    "N": 1,
                    "D": 2048
                },
                "L3": {
                    "B": 1,
                    "E": 1,
                    "H": 1,
                    "M": 1,
                    "N": 1,
                    "D": 1
                },
                "PE": {
                    "B": 1,
                    "E": 1,
                    "H": 1,
                    "M": 1,
                    "N": 16,
                    "D": 1
                },
                "PE_col": {
                    "B": 1,
                    "E": 16,
                    "H": 1,
                    "M": 1,
                    "N": 1,
                    "D": 1
                },
                "reg_file": {
                    "B": 1,
                    "E": 1,
                    "H": 1,
                    "M": 1,
                    "N": 1,
                    "D": 1
                }
            }
        },
        "BV": {
            "tl_rst": {
                "comp_latency": 1.1422785361702128,
                "mem_latency": 1.075,
                "traffic": 34628173824,
                "energy": 15027025416.81,
                "traffic_energy": 3838337154057.5024,
                "traffic_energy_foreach": {
                    "DRAM": 1080399023308.7999,
                    "L3": 2744755222069.9033,
                    "reg_file": 13182908678.799358,
                    "traffic": {
                        "DRAM": {
                            "read": 4294967296.0,
                            "write": 33554432.0,
                            "update": 0,
                            "leak": 0
                        },
                        "L3": {
                            "read": 134217728.0,
                            "write": 67633152.0,
                            "update": 0,
                            "leak": 0
                        },
                        "reg_file_2d": {
                            "read": 3220701184.0,
                            "write": 3221225472.0,
                            "update": 0,
                            "leak": 0
                        },
                        "reg_file_1d": {
                            "read": 0,
                            "write": 0,
                            "update": 0,
                            "leak": 0
                        }
                    }
                },
                "mac_instances": 256,
                "mac_utilized_instances": 256
            },
            "factors": {
                "DRAM": {
                    "B": 64,
                    "F": 8,
                    "H": 16,
                    "M": 64,
                    "N": 1,
                    "D": 2048
                },
                "L3": {
                    "B": 1,
                    "F": 1,
                    "H": 1,
                    "M": 1,
                    "N": 1,
                    "D": 1
                },
                "PE": {
                    "B": 1,
                    "F": 1,
                    "H": 1,
                    "M": 1,
                    "N": 16,
                    "D": 1
                },
                "PE_col": {
                    "B": 1,
                    "F": 16,
                    "H": 1,
                    "M": 1,
                    "N": 1,