{
    "latency": 0.22292425531914895,
    "energy": 7258051371444.994,
    "energy_rsts": {
        "DRAM": 1072023837081.6,
        "L3": 5604024686586.626,
        "reg_file": 0.0,
        "PE": 582002847776.7681,
        "total": 7258051371444.994
    },
    "tl_rsts": {
        "IAV": {
            "tl_rst": {
                "comp_latency": 0.03569620425531915,
                "mem_latency": 0.04,
                "traffic": 17179869184,
                "energy": 469594544.28,
                "traffic_energy": 1458195292389.1138,
                "traffic_energy_foreach": {
                    "DRAM": 536011918540.8,
                    "L3": 922183373848.3138,
                    "reg_file": 0.0,
                    "traffic": {
                        "DRAM": {
                            "read": 2147483648.0,
                            "write": 0.0,
                            "update": 0,
                            "leak": 0
                        },
                        "L3": {
                            "read": 67108864.0,
                            "write": 67108864.0,
                            "update": 0,
                            "leak": 0
                        },
                        "reg_file_2d": {
                            "read": 0,
                            "write": 0,
                            "update": 0,
                            "leak": 0
                        },
                        "reg_file_1d": {
                            "read": 0.0,
                            "write": 0.0,
                            "update": 0,
                            "leak": 0
                        }
                    }
                },
                "mac_instances": 256,
                "mac_utilized_instances": 256
            },
            "factors": {
                "DRAM": {
                    "B": 64,
                    "F": 128,
                    "H": 16,
                    "P": 256
                },
                "L3": {
                    "B": 1,
                    "F": 1,
                    "H": 1,
                    "P": 1
                },
                "PE": {
                    "B": 1,
                    "F": 1,
                    "H": 1,
                    "P": 256
                },
                "reg_file": {
                    "B": 1,
                    "F": 1,
                    "H": 1,
                    "P": 1
                }
            }
        },
        "SAV": {
            "tl_rst": {
                "comp_latency": 0.03569620425531915,
                "mem_latency": 0.0,
                "traffic": 0,
                "energy": 469594544.28,
                "traffic_energy": 200132776781.54547,
                "traffic_energy_foreach": {
                    "DRAM": 0.0,
                    "L3": 200132776781.54547,
                    "reg_file": 0.0,
                    "traffic": {
                        "DRAM": {
                            "read": 0.0,
                            "write": 0.0,
                            "update": 0,
                            "leak": 0
                        },
                        "L3": {
                            "read": 33800192.0,
                            "write": 262144.0,
                            "update": 0,
                            "leak": 0
                        },
                        "reg_file_2d": {
                            "read": 0,
                            "write": 0,
                            "update": 0,
                            "leak": 0
                        },
                        "reg_file_1d": {
                            "read": 0.0,
                            "write": 0.0,
                            "update": 0,
                            "leak": 0
                        }
                    }
                },
                "mac_instances": 256,
                "mac_utilized_instances": 256
            },
            "factors": {
                "DRAM": {
                    "B": 64,
                    "P": 256,
                    "F": 128,
                    "H": 16
                },
                "L3": {
                    "B": 1,
                    "P": 1,
                    "F": 1,
                    "H": 1
                },
                "PE": {
                    "B": 1,
                    "P": 256,
                    "F": 1,
                    "H": 1
                },
                "reg_file": {
                    "B": 1,
                    "P": 1,
                    "F": 1,
                    "H": 1
                }
            }
        },
        "MAV": {
            "tl_rst": {
                "comp_latency": 1.7429787234042554e-05,
                "mem_latency": 0.0,
                "traffic": 0,
                "energy": 229294.21,
                "traffic_energy": 225142425.255936,
                "traffic_energy_foreach": {
                    "DRAM": 0.0,
                    "L3": 225142425.255936,
                    "reg_file": 0.0,
                    "traffic": {
                        "DRAM": {
                            "read": 0.0,
                            "write": 0.0,
                            "update": 0,
                            "leak": 0
                        },
                        "L3": {
                            "read": 16384.0,
                            "write": 16384.0,
                            "update": 0,
                            "leak": 0
                        },
                        "reg_file_2d": {
                            "read": 0,
                            "write": 0,
                            "update": 0,
                            "leak": 0
                        },
                        "reg_file_1d": {
                            "read": 0.0,
                            "write": 0.0,
                            "update": 0,
                            "leak": 0
                        }
                    }
                },
                "mac_instances": 256,
                "mac_utilized_instances": 256
            },
            "factors": {
                "DRAM": {
                    "B": 64,
                    "P": 256
                },
                "L3": {
                    "B": 1,
                    "P": 1
                },
                "PE": {
                    "B": 1,
                    "P": 256
                },
                "reg_file": {
                    "B": 1,
                    "P": 1
                }
            }
        },
        "DAV": {
            "tl_rst": {
                "comp_latency": 0.03569620425531915,
                "mem_latency": 0.0,
                "traffic": 0,
                "energy": 469594544.28,
                "traffic_energy": 462627831510.2044,
                "traffic_energy_foreach": {
                    "DRAM": 0.0,
                    "L3": 462627831510.2044,
                    "reg_file": 0.0,
                    "traffic": {
                        "DRAM": {
                            "read": 0.0,
                            "write": 0.0,
                            "update": 0,
                            "leak": 0
                        },
                        "L3": {
                            "read": 33816576.0,
                            "write": 33554432.0,
                            "update": 0,
                            "leak": 0
                        },
                        "reg_file_2d": {
                            "read": 0,
                            "write": 0,
                            "update": 0,
                            "leak": 0
                        },
                        "reg_file_1d": {
                            "read": 0.0,
                            "write": 0.0,
                            "update": 0,