{
    "latency": 0.0034831914893617023,
    "energy": 113407052678.82803,
    "energy_rsts": {
        "DRAM": 16750372454.4,
        "L3": 87562885727.91603,
        "reg_file": 0.0,
        "PE": 9093794496.512001,
        "total": 113407052678.82803
    },
    "tl_rsts": {
        "IAV": {
            "tl_rst": {
                "comp_latency": 0.0005577531914893617,
                "mem_latency": 0.000625,
                "traffic": 268435456,
                "energy": 7337414.75,
                "traffic_energy": 22784301443.579903,
                "traffic_energy_foreach": {
                    "DRAM": 8375186227.2,
                    "L3": 14409115216.379904,
                    "reg_file": 0.0,
                    "traffic": {
                        "DRAM": {
                            "read": 33554432.0,
                            "write": 0.0,
                            "update": 0,
                            "leak": 0
                        },
                        "L3": {
                            "read": 1048576.0,
                            "write": 1048576.0,
                            "update": 0,
                            "leak": 0
                        },
                        "reg_file_2d": {
                            "read": 0,
                            "write": 0,
                            "update": 0,
                            "leak": 0
                        },
                        "reg_file_1d": {
                            "read": 0.0,
                            "write": 0.0,
                            "update": 0,
                            "leak": 0
                        }
                    }
                },
                "mac_instances": 256,
                "mac_utilized_instances": 256
            },
            "factors": {
                "DRAM": {
                    "B": 64,
                    "F": 128,
                    "H": 16,
                    "P": 4
                },
                "L3": {
                    "B": 1,
                    "F": 1,
                    "H": 1,
                    "P": 1
                },
                "PE": {
                    "B": 1,
                    "F": 1,
                    "H": 1,
                    "P": 256
                },
                "reg_file": {
                    "B": 1,
                    "F": 1,
                    "H": 1,
                    "P": 1
                }
            }
        },
        "SAV": {
            "tl_rst": {
                "comp_latency": 0.0005577531914893617,
                "mem_latency": 0.0,
                "traffic": 0,
                "energy": 7337414.75,
                "traffic_energy": 3127074637.211648,
                "traffic_energy_foreach": {
                    "DRAM": 0.0,
                    "L3": 3127074637.211648,
                    "reg_file": 0.0,
                    "traffic": {
                        "DRAM": {
                            "read": 0.0,
                            "write": 0.0,
                            "update": 0,
                            "leak": 0
                        },
                        "L3": {
                            "read": 528128.0,
                            "write": 4096.0,
                            "update": 0,
                            "leak": 0
                        },
                        "reg_file_2d": {
                            "read": 0,
                            "write": 0,
                            "update": 0,
                            "leak": 0
                        },
                        "reg_file_1d": {
                            "read": 0.0,
                            "write": 0.0,
                            "update": 0,
                            "leak": 0
                        }
                    }
                },
                "mac_instances": 256,
                "mac_utilized_instances": 256
            },
            "factors": {
                "DRAM": {
                    "B": 64,
                    "P": 4,
                    "F": 128,
                    "H": 16
                },
                "L3": {
                    "B": 1,
                    "P": 1,
                    "F": 1,
                    "H": 1
                },
                "PE": {
                    "B": 1,
                    "P": 256,
                    "F": 1,
                    "H": 1
                },
                "reg_file": {
                    "B": 1,
                    "P": 1,
                    "F": 1,
                    "H": 1
                }
            }
        },
        "MAV": {
            "tl_rst": {
                "comp_latency": 2.723404255319149e-07,
                "mem_latency": 0.0,
                "traffic": 0,
                "energy": 3582.72,
                "traffic_energy": 3517850.394624,
                "traffic_energy_foreach": {
                    "DRAM": 0.0,
                    "L3": 3517850.394624,
                    "reg_file": 0.0,
                    "traffic": {
                        "DRAM": {
                            "read": 0.0,
                            "write": 0.0,
                            "update": 0,
                            "leak": 0
                        },
                        "L3": {
                            "read": 256.0,
                            "write": 256.0,
                            "update": 0,
                            "leak": 0
                        },
                        "reg_file_2d": {
                            "read": 0,
                            "write": 0,
                            "update": 0,
                            "leak": 0
                        },
                        "reg_file_1d": {
                            "read": 0.0,
                            "write": 0.0,
                            "update": 0,
                            "leak": 0
                        }
                    }
                },
                "mac_instances": 256,
                "mac_utilized_instances": 256
            },
            "factors": {
                "DRAM": {
                    "B": 64,
                    "P": 4
                },
                "L3": {
                    "B": 1,
                    "P": 1
                },
                "PE": {
                    "B": 1,
                    "P": 256
                },
                "reg_file": {
                    "B": 1,
                    "P": 1
                }
            }
        },
        "DAV": {
            "tl_rst": {
                "comp_latency": 0.0005577531914893617,
                "mem_latency": 0.0,
                "traffic": 0,
                "energy": 7337414.75,
                "traffic_energy": 7228559867.346944,
                "traffic_energy_foreach": {
                    "DRAM": 0.0,
                    "L3": 7228559867.346944,
                    "reg_file": 0.0,
                    "traffic": {
                        "DRAM": {
                            "read": 0.0,
                            "write": 0.0,
                            "update": 0,
                            "leak": 0
                        },
                        "L3": {
                            "read": 528384.0,
                            "write": 524288.0,
                            "update": 0,
                            "leak": 0
                        },
                        "reg_file_2d": {
                            "read": 0,
                            "write": 0,
                            "update": 0,
                            "leak": 0
                        },
                        "reg_file_1d": {
                            "read": 0.0,
                            "write": 0.0,
                            "update": 0,
                            "leak": 0
                        }
                    }
                },