{
    "latency": 3.566788085106383,
    "energy": 116128821943119.9,
    "energy_rsts": {
        "DRAM": 17152381393305.6,
        "L3": 89664394985386.02,
        "reg_file": 0.0,
        "PE": 9312045564428.29,
        "total": 116128821943119.9
    },
    "tl_rsts": {
        "IAV": {
            "tl_rst": {
                "comp_latency": 0.5711392680851064,
                "mem_latency": 0.64,
                "traffic": 274877906944,
                "energy": 7513512708.41,
                "traffic_energy": 23331124678225.82,
                "traffic_energy_foreach": {
                    "DRAM": 8576190696652.8,
                    "L3": 14754933981573.021,
                    "reg_file": 0.0,
                    "traffic": {
                        "DRAM": {
                            "read": 34359738368.0,
                            "write": 0.0,
                            "update": 0,
                            "leak": 0
                        },
                        "L3": {
                            "read": 1073741824.0,
                            "write": 1073741824.0,
                            "update": 0,
                            "leak": 0
                        },
                        "reg_file_2d": {
                            "read": 0,
                            "write": 0,
                            "update": 0,
                            "leak": 0
                        },
                        "reg_file_1d": {
                            "read": 0.0,
                            "write": 0.0,
                            "update": 0,
                            "leak": 0
                        }
                    }
                },
                "mac_instances": 256,
                "mac_utilized_instances": 256
            },
            "factors": {
                "DRAM": {
                    "B": 64,
                    "F": 128,
                    "H": 16,
                    "P": 4096
                },
                "L3": {
                    "B": 1,
                    "F": 1,
                    "H": 1,
                    "P": 1
                },
                "PE": {
                    "B": 1,
                    "F": 1,
                    "H": 1,
                    "P": 256
                },
                "reg_file": {
                    "B": 1,
                    "F": 1,
                    "H": 1,
                    "P": 1
                }
            }
        },
        "SAV": {
            "tl_rst": {
                "comp_latency": 0.5711392680851064,
                "mem_latency": 0.0,
                "traffic": 0,
                "energy": 7513512708.41,
                "traffic_energy": 3202124428504.7275,
                "traffic_energy_foreach": {
                    "DRAM": 0.0,
                    "L3": 3202124428504.7275,
                    "reg_file": 0.0,
                    "traffic": {
                        "DRAM": {
                            "read": 0.0,
                            "write": 0.0,
                            "update": 0,
                            "leak": 0
                        },
                        "L3": {
                            "read": 540803072.0,
                            "write": 4194304.0,
                            "update": 0,
                            "leak": 0
                        },
                        "reg_file_2d": {
                            "read": 0,
                            "write": 0,
                            "update": 0,
                            "leak": 0
                        },
                        "reg_file_1d": {
                            "read": 0.0,
                            "write": 0.0,
                            "update": 0,
                            "leak": 0
                        }
                    }
                },
                "mac_instances": 256,
                "mac_utilized_instances": 256
            },
            "factors": {
                "DRAM": {
                    "B": 64,
                    "P": 4096,
                    "F": 128,
                    "H": 16
                },
                "L3": {
                    "B": 1,
                    "P": 1,
                    "F": 1,
                    "H": 1
                },
                "PE": {
                    "B": 1,
                    "P": 256,
                    "F": 1,
                    "H": 1
                },
                "reg_file": {
                    "B": 1,
                    "P": 1,
                    "F": 1,
                    "H": 1
                }
            }
        },
        "MAV": {
            "tl_rst": {
                "comp_latency": 0.00027887659574468086,
                "mem_latency": 0.0,
                "traffic": 0,
                "energy": 3668707.38,
                "traffic_energy": 3602278804.094976,
                "traffic_energy_foreach": {
                    "DRAM": 0.0,
                    "L3": 3602278804.094976,
                    "reg_file": 0.0,
                    "traffic": {
                        "DRAM": {
                            "read": 0.0,
                            "write": 0.0,
                            "update": 0,
                            "leak": 0
                        },
                        "L3": {
                            "read": 262144.0,
                            "write": 262144.0,
                            "update": 0,
                            "leak": 0
                        },
                        "reg_file_2d": {
                            "read": 0,
                            "write": 0,
                            "update": 0,
                            "leak": 0
                        },
                        "reg_file_1d": {
                            "read": 0.0,
                            "write": 0.0,
                            "update": 0,
                            "leak": 0
                        }
                    }
                },
                "mac_instances": 256,
                "mac_utilized_instances": 256
            },
            "factors": {
                "DRAM": {
                    "B": 64,
                    "P": 4096
                },
                "L3": {
                    "B": 1,
                    "P": 1
                },
                "PE": {
                    "B": 1,
                    "P": 256
                },
                "reg_file": {
                    "B": 1,
                    "P": 1
                }
            }
        },
        "DAV": {
            "tl_rst": {
                "comp_latency": 0.5711392680851064,
                "mem_latency": 0.0,
                "traffic": 0,
                "energy": 7513512708.41,
                "traffic_energy": 7402045304163.2705,
                "traffic_energy_foreach": {
                    "DRAM": 0.0,
                    "L3": 7402045304163.2705,
                    "reg_file": 0.0,
                    "traffic": {
                        "DRAM": {
                            "read": 0.0,
                            "write": 0.0,
                            "update": 0,
                            "leak": 0
                        },
                        "L3": {
                            "read": 541065216.0,
                            "write": 536870912.0,
                            "update": 0,
                            "leak": 0
                        },
                        "reg_file_2d": {
                            "read": 0,
                            "write": 0,
                            "update": 0,
                            "leak": 0
                        },
                        "reg_file_1d": {
                            "read": 0.0,
                            "write": 0.0,
                            "update": 0,