{
    "latency": 1.7845095489361702,
    "energy": 58247883388337.78,
    "energy_rsts": {
        "DRAM": 8576190696652.8,
        "L3": 45011062349086.33,
        "reg_file": 0.0,
        "PE": 4660630342598.656,
        "total": 58247883388337.78
    },
    "tl_rsts": {
        "IAV": {
            "tl_rst": {
                "comp_latency": 0.2855696340425532,
                "mem_latency": 0.32,
                "traffic": 137438953472,
                "energy": 3756756354.2,
                "traffic_energy": 11665562339112.91,
                "traffic_energy_foreach": {
                    "DRAM": 4288095348326.4,
                    "L3": 7377466990786.511,
                    "reg_file": 0.0,
                    "traffic": {
                        "DRAM": {
                            "read": 17179869184.0,
                            "write": 0.0,
                            "update": 0,
                            "leak": 0
                        },
                        "L3": {
                            "read": 536870912.0,
                            "write": 536870912.0,
                            "update": 0,
                            "leak": 0
                        },
                        "reg_file_2d": {
                            "read": 0,
                            "write": 0,
                            "update": 0,
                            "leak": 0
                        },
                        "reg_file_1d": {
                            "read": 0.0,
                            "write": 0.0,
                            "update": 0,
                            "leak": 0
                        }
                    }
                },
                "mac_instances": 256,
                "mac_utilized_instances": 256
            },
            "factors": {
                "DRAM": {
                    "B": 64,
                    "F": 64,
                    "H": 16,
                    "P": 4096
                },
                "L3": {
                    "B": 1,
                    "F": 1,
                    "H": 1,
                    "P": 1
                },
                "PE": {
                    "B": 1,
                    "F": 1,
                    "H": 1,
                    "P": 256
                },
                "reg_file": {
                    "B": 1,
                    "F": 1,
                    "H": 1,
                    "P": 1
                }
            }
        },
        "SAV": {
            "tl_rst": {
                "comp_latency": 0.2855696340425532,
                "mem_latency": 0.0,
                "traffic": 0,
                "energy": 3756756354.2,
                "traffic_energy": 1629112372392.0999,
                "traffic_energy_foreach": {
                    "DRAM": 0.0,
                    "L3": 1629112372392.0999,
                    "reg_file": 0.0,
                    "traffic": {
                        "DRAM": {
                            "read": 0.0,
                            "write": 0.0,
                            "update": 0,
                            "leak": 0
                        },
                        "L3": {
                            "read": 272367616.0,
                            "write": 4194304.0,
                            "update": 0,
                            "leak": 0
                        },
                        "reg_file_2d": {
                            "read": 0,
                            "write": 0,
                            "update": 0,
                            "leak": 0
                        },
                        "reg_file_1d": {
                            "read": 0.0,
                            "write": 0.0,
                            "update": 0,
                            "leak": 0
                        }
                    }
                },
                "mac_instances": 256,
                "mac_utilized_instances": 256
            },
            "factors": {
                "DRAM": {
                    "B": 64,
                    "P": 4096,
                    "F": 64,
                    "H": 16
                },
                "L3": {
                    "B": 1,
                    "P": 1,
                    "F": 1,
                    "H": 1
                },
                "PE": {
                    "B": 1,
                    "P": 256,
                    "F": 1,
                    "H": 1
                },
                "reg_file": {
                    "B": 1,
                    "P": 1,
                    "F": 1,
                    "H": 1
                }
            }
        },
        "MAV": {
            "tl_rst": {
                "comp_latency": 0.00027887659574468086,
                "mem_latency": 0.0,
                "traffic": 0,
                "energy": 3668707.38,
                "traffic_energy": 3602278804.094976,
                "traffic_energy_foreach": {
                    "DRAM": 0.0,
                    "L3": 3602278804.094976,
                    "reg_file": 0.0,
                    "traffic": {
                        "DRAM": {
                            "read": 0.0,
                            "write": 0.0,
                            "update": 0,
                            "leak": 0
                        },
                        "L3": {
                            "read": 262144.0,
                            "write": 262144.0,
                            "update": 0,
                            "leak": 0
                        },
                        "reg_file_2d": {
                            "read": 0,
                            "write": 0,
                            "update": 0,
                            "leak": 0
                        },
                        "reg_file_1d": {
                            "read": 0.0,
                            "write": 0.0,
                            "update": 0,
                            "leak": 0
                        }
                    }
                },
                "mac_instances": 256,
                "mac_utilized_instances": 256
            },
            "factors": {
                "DRAM": {
                    "B": 64,
                    "P": 4096
                },
                "L3": {
                    "B": 1,
                    "P": 1
                },
                "PE": {
                    "B": 1,
                    "P": 256
                },
                "reg_file": {
                    "B": 1,
                    "P": 1
                }
            }
        },
        "DAV": {
            "tl_rst": {
                "comp_latency": 0.2855696340425532,
                "mem_latency": 0.0,
                "traffic": 0,
                "energy": 3756756354.2,
                "traffic_energy": 3713311808770.015,
                "traffic_energy_foreach": {
                    "DRAM": 0.0,
                    "L3": 3713311808770.015,
                    "reg_file": 0.0,
                    "traffic": {
                        "DRAM": {
                            "read": 0.0,
                            "write": 0.0,
                            "update": 0,
                            "leak": 0
                        },
                        "L3": {
                            "read": 272629760.0,
                            "write": 268435456.0,
                            "update": 0,
                            "leak": 0
                        },
                        "reg_file_2d": {
                            "read": 0,
                            "write": 0,
                            "update": 0,
                            "leak": 0
                        },
                        "reg_file_1d": {
                            "read": 0.0,
                            "write": 0.0,
                            "update": 0,