{
    "latency": 0.006970740425531915,
    "energy": 227530794485.69446,
    "energy_rsts": {
        "DRAM": 33500744908.8,
        "L3": 175824462301.11847,
        "reg_file": 0.0,
        "PE": 18205587275.776,
        "total": 227530794485.69446
    },
    "tl_rsts": {
        "IAV": {
            "tl_rst": {
                "comp_latency": 0.0011155063829787234,
                "mem_latency": 0.00125,
                "traffic": 536870912,
                "energy": 14674829.51,
                "traffic_energy": 45568602887.159805,
                "traffic_energy_foreach": {
                    "DRAM": 16750372454.4,
                    "L3": 28818230432.759808,
                    "reg_file": 0.0,
                    "traffic": {
                        "DRAM": {
                            "read": 67108864.0,
                            "write": 0.0,
                            "update": 0,
                            "leak": 0
                        },
                        "L3": {
                            "read": 2097152.0,
                            "write": 2097152.0,
                            "update": 0,
                            "leak": 0
                        },
                        "reg_file_2d": {
                            "read": 0,
                            "write": 0,
                            "update": 0,
                            "leak": 0
                        },
                        "reg_file_1d": {
                            "read": 0.0,
                            "write": 0.0,
                            "update": 0,
                            "leak": 0
                        }
                    }
                },
                "mac_instances": 256,
                "mac_utilized_instances": 256
            },
            "factors": {
                "DRAM": {
                    "B": 64,
                    "F": 64,
                    "H": 16,
                    "P": 16
                },
                "L3": {
                    "B": 1,
                    "F": 1,
                    "H": 1,
                    "P": 1
                },
                "PE": {
                    "B": 1,
                    "F": 1,
                    "H": 1,
                    "P": 256
                },
                "reg_file": {
                    "B": 1,
                    "F": 1,
                    "H": 1,
                    "P": 1
                }
            }
        },
        "SAV": {
            "tl_rst": {
                "comp_latency": 0.0011155063829787234,
                "mem_latency": 0.0,
                "traffic": 0,
                "energy": 14674829.51,
                "traffic_energy": 6363720204.65664,
                "traffic_energy_foreach": {
                    "DRAM": 0.0,
                    "L3": 6363720204.65664,
                    "reg_file": 0.0,
                    "traffic": {
                        "DRAM": {
                            "read": 0.0,
                            "write": 0.0,
                            "update": 0,
                            "leak": 0
                        },
                        "L3": {
                            "read": 1063936.0,
                            "write": 16384.0,
                            "update": 0,
                            "leak": 0
                        },
                        "reg_file_2d": {
                            "read": 0,
                            "write": 0,
                            "update": 0,
                            "leak": 0
                        },
                        "reg_file_1d": {
                            "read": 0.0,
                            "write": 0.0,
                            "update": 0,
                            "leak": 0
                        }
                    }
                },
                "mac_instances": 256,
                "mac_utilized_instances": 256
            },
            "factors": {
                "DRAM": {
                    "B": 64,
                    "P": 16,
                    "F": 64,
                    "H": 16
                },
                "L3": {
                    "B": 1,
                    "P": 1,
                    "F": 1,
                    "H": 1
                },
                "PE": {
                    "B": 1,
                    "P": 256,
                    "F": 1,
                    "H": 1
                },
                "reg_file": {
                    "B": 1,
                    "P": 1,
                    "F": 1,
                    "H": 1
                }
            }
        },
        "MAV": {
            "tl_rst": {
                "comp_latency": 1.0893617021276596e-06,
                "mem_latency": 0.0,
                "traffic": 0,
                "energy": 14330.89,
                "traffic_energy": 14071401.578496,
                "traffic_energy_foreach": {
                    "DRAM": 0.0,
                    "L3": 14071401.578496,
                    "reg_file": 0.0,
                    "traffic": {
                        "DRAM": {
                            "read": 0.0,
                            "write": 0.0,
                            "update": 0,
                            "leak": 0
                        },
                        "L3": {
                            "read": 1024.0,
                            "write": 1024.0,
                            "update": 0,
                            "leak": 0
                        },
                        "reg_file_2d": {
                            "read": 0,
                            "write": 0,
                            "update": 0,
                            "leak": 0
                        },
                        "reg_file_1d": {
                            "read": 0.0,
                            "write": 0.0,
                            "update": 0,
                            "leak": 0
                        }
                    }
                },
                "mac_instances": 256,
                "mac_utilized_instances": 256
            },
            "factors": {
                "DRAM": {
                    "B": 64,
                    "P": 16
                },
                "L3": {
                    "B": 1,
                    "P": 1
                },
                "PE": {
                    "B": 1,
                    "P": 256
                },
                "reg_file": {
                    "B": 1,
                    "P": 1
                }
            }
        },
        "DAV": {
            "tl_rst": {
                "comp_latency": 0.0011155063829787234,
                "mem_latency": 0.0,
                "traffic": 0,
                "energy": 14674829.51,
                "traffic_energy": 14505124253.007872,
                "traffic_energy_foreach": {
                    "DRAM": 0.0,
                    "L3": 14505124253.007872,
                    "reg_file": 0.0,
                    "traffic": {
                        "DRAM": {
                            "read": 0.0,
                            "write": 0.0,
                            "update": 0,
                            "leak": 0
                        },
                        "L3": {
                            "read": 1064960.0,
                            "write": 1048576.0,
                            "update": 0,
                            "leak": 0
                        },
                        "reg_file_2d": {
                            "read": 0,
                            "write": 0,
                            "update": 0,
                            "leak": 0
                        },
                        "reg_file_1d": {
                            "read": 0.0,
                            "write": 0.0,
                            "update": 0,
                            "leak": 0
                        }
                    }
                },