{
    "latency": 0.0189325390070922,
    "energy": 68179662335.78291,
    "energy_rsts": {
        "DRAM": 16750372454.4,
        "L3": 42335495384.87091,
        "reg_file": 0.0,
        "PE": 9093794496.512001,
        "total": 68179662335.78291
    },
    "tl_rsts": {
        "IAV": {
            "tl_rst": {
                "comp_latency": 0.0005577531914893617,
                "mem_latency": 0.008333333333333333,
                "traffic": 268435456,
                "energy": 7337414.75,
                "traffic_energy": 38012370177.490944,
                "traffic_energy_foreach": {
                    "DRAM": 8375186227.2,
                    "L3": 29637183950.290943,
                    "reg_file": 0.0,
                    "traffic": {
                        "DRAM": {
                            "read": 33554432.0,
                            "write": 0.0,
                            "update": 0,
                            "leak": 0
                        },
                        "L3": {
                            "read": 1048576.0,
                            "write": 1048576.0,
                            "update": 0,
                            "leak": 0
                        },
                        "reg_file_2d": {
                            "read": 0,
                            "write": 0,
                            "update": 0,
                            "leak": 0
                        },
                        "reg_file_1d": {
                            "read": 0.0,
                            "write": 0.0,
                            "update": 0,
                            "leak": 0
                        }
                    }
                },
                "mac_instances": 256,
                "mac_utilized_instances": 256
            },
            "factors": {
                "DRAM": {
                    "B": 64,
                    "F": 8,
                    "H": 16,
                    "P": 64
                },
                "L3": {
                    "B": 1,
                    "F": 1,
                    "H": 1,
                    "P": 1
                },
                "PE": {
                    "B": 1,
                    "F": 16,
                    "H": 1,
                    "P": 16
                },
                "reg_file": {
                    "B": 1,
                    "F": 1,
                    "H": 1,
                    "P": 1
                }
            }
        },
        "SAV": {
            "tl_rst": {
                "comp_latency": 0.0005577531914893617,
                "mem_latency": 0.0,
                "traffic": 0,
                "energy": 7337414.75,
                "traffic_energy": 6672857197.872128,
                "traffic_energy_foreach": {
                    "DRAM": 0.0,
                    "L3": 6672857197.872128,
                    "reg_file": 0.0,
                    "traffic": {
                        "DRAM": {
                            "read": 0.0,
                            "write": 0.0,
                            "update": 0,
                            "leak": 0
                        },
                        "L3": {
                            "read": 528128.0,
                            "write": 4096.0,
                            "update": 0,
                            "leak": 0
                        },
                        "reg_file_2d": {
                            "read": 0,
                            "write": 0,
                            "update": 0,
                            "leak": 0
                        },
                        "reg_file_1d": {
                            "read": 0.0,
                            "write": 0.0,
                            "update": 0,
                            "leak": 0
                        }
                    }
                },
                "mac_instances": 256,
                "mac_utilized_instances": 256
            },
            "factors": {
                "DRAM": {
                    "B": 64,
                    "P": 64,
                    "F": 8,
                    "H": 16
                },
                "L3": {
                    "B": 1,
                    "P": 1,
                    "F": 1,
                    "H": 1
                },
                "PE": {
                    "B": 1,
                    "P": 16,
                    "F": 16,
                    "H": 1
                },
                "reg_file": {
                    "B": 1,
                    "P": 1,
                    "F": 1,
                    "H": 1
                }
            }
        },
        "MAV": {
            "tl_rst": {
                "comp_latency": 4.3574468085106384e-06,
                "mem_latency": 0.0,
                "traffic": 0,
                "energy": 3582.72,
                "traffic_energy": 7235640.612864,
                "traffic_energy_foreach": {
                    "DRAM": 0.0,
                    "L3": 7235640.612864,
                    "reg_file": 0.0,
                    "traffic": {
                        "DRAM": {
                            "read": 0.0,
                            "write": 0.0,
                            "update": 0,
                            "leak": 0
                        },
                        "L3": {
                            "read": 256.0,
                            "write": 256.0,
                            "update": 0,
                            "leak": 0
                        },
                        "reg_file_2d": {
                            "read": 0,
                            "write": 0,
                            "update": 0,
                            "leak": 0
                        },
                        "reg_file_1d": {
                            "read": 0.0,
                            "write": 0.0,
                            "update": 0,
                            "leak": 0
                        }
                    }
                },
                "mac_instances": 256,
                "mac_utilized_instances": 16
            },
            "factors": {
                "DRAM": {
                    "B": 64,
                    "P": 64
                },
                "L3": {
                    "B": 1,
                    "P": 1
                },
                "PE": {
                    "B": 1,
                    "P": 16
                },
                "reg_file": {
                    "B": 1,
                    "P": 1
                }
            }
        },
        "DAV": {
            "tl_rst": {
                "comp_latency": 0.0005577531914893617,
                "mem_latency": 0.0,
                "traffic": 0,
                "energy": 7337414.75,
                "traffic_energy": 14869844242.448383,
                "traffic_energy_foreach": {
                    "DRAM": 0.0,
                    "L3": 14869844242.448383,
                    "reg_file": 0.0,
                    "traffic": {
                        "DRAM": {
                            "read": 0.0,
                            "write": 0.0,
                            "update": 0,
                            "leak": 0
                        },
                        "L3": {
                            "read": 528384.0,
                            "write": 524288.0,
                            "update": 0,
                            "leak": 0
                        },
                        "reg_file_2d": {
                            "read": 0,
                            "write": 0,
                            "update": 0,
                            "leak": 0
                        },
                        "reg_file_1d": {
                            "read": 0.0,
                            "write": 0.0,
                            "update": 0,
                            "leak": 0
                        }
                    }
                },