{
    "latency": 2.4211339801418443,
    "energy": 8725937424729.637,
    "energy_rsts": {
        "DRAM": 2144047674163.2,
        "L3": 5418460000060.965,
        "reg_file": 0.0,
        "PE": 1163429750505.472,
        "total": 8725937424729.637
    },
    "tl_rsts": {
        "IAV": {
            "tl_rst": {
                "comp_latency": 0.0713924085106383,
                "mem_latency": 1.0666666666666667,
                "traffic": 34359738368,
                "energy": 939189088.55,
                "traffic_energy": 4865583382718.841,
                "traffic_energy_foreach": {
                    "DRAM": 1072023837081.6,
                    "L3": 3793559545637.2407,
                    "reg_file": 0.0,
                    "traffic": {
                        "DRAM": {
                            "read": 4294967296.0,
                            "write": 0.0,
                            "update": 0,
                            "leak": 0
                        },
                        "L3": {
                            "read": 134217728.0,
                            "write": 134217728.0,
                            "update": 0,
                            "leak": 0
                        },
                        "reg_file_2d": {
                            "read": 0,
                            "write": 0,
                            "update": 0,
                            "leak": 0
                        },
                        "reg_file_1d": {
                            "read": 0.0,
                            "write": 0.0,
                            "update": 0,
                            "leak": 0
                        }
                    }
                },
                "mac_instances": 256,
                "mac_utilized_instances": 256
            },
            "factors": {
                "DRAM": {
                    "B": 64,
                    "F": 8,
                    "H": 32,
                    "P": 4096
                },
                "L3": {
                    "B": 1,
                    "F": 1,
                    "H": 1,
                    "P": 1
                },
                "PE": {
                    "B": 1,
                    "F": 16,
                    "H": 1,
                    "P": 16
                },
                "reg_file": {
                    "B": 1,
                    "F": 1,
                    "H": 1,
                    "P": 1
                }
            }
        },
        "SAV": {
            "tl_rst": {
                "comp_latency": 0.0713924085106383,
                "mem_latency": 0.0,
                "traffic": 0,
                "energy": 939189088.55,
                "traffic_energy": 854330730396.8439,
                "traffic_energy_foreach": {
                    "DRAM": 0.0,
                    "L3": 854330730396.8439,
                    "reg_file": 0.0,
                    "traffic": {
                        "DRAM": {
                            "read": 0.0,
                            "write": 0.0,
                            "update": 0,
                            "leak": 0
                        },
                        "L3": {
                            "read": 67616768.0,
                            "write": 524288.0,
                            "update": 0,
                            "leak": 0
                        },
                        "reg_file_2d": {
                            "read": 0,
                            "write": 0,
                            "update": 0,
                            "leak": 0
                        },
                        "reg_file_1d": {
                            "read": 0.0,
                            "write": 0.0,
                            "update": 0,
                            "leak": 0
                        }
                    }
                },
                "mac_instances": 256,
                "mac_utilized_instances": 256
            },
            "factors": {
                "DRAM": {
                    "B": 64,
                    "P": 4096,
                    "F": 8,
                    "H": 32
                },
                "L3": {
                    "B": 1,
                    "P": 1,
                    "F": 1,
                    "H": 1
                },
                "PE": {
                    "B": 1,
                    "P": 16,
                    "F": 16,
                    "H": 1
                },
                "reg_file": {
                    "B": 1,
                    "P": 1,
                    "F": 1,
                    "H": 1
                }
            }
        },
        "MAV": {
            "tl_rst": {
                "comp_latency": 0.00027887659574468086,
                "mem_latency": 0.0,
                "traffic": 0,
                "energy": 229294.21,
                "traffic_energy": 463080999.223296,
                "traffic_energy_foreach": {
                    "DRAM": 0.0,
                    "L3": 463080999.223296,
                    "reg_file": 0.0,
                    "traffic": {
                        "DRAM": {
                            "read": 0.0,
                            "write": 0.0,
                            "update": 0,
                            "leak": 0
                        },
                        "L3": {
                            "read": 16384.0,
                            "write": 16384.0,
                            "update": 0,
                            "leak": 0
                        },
                        "reg_file_2d": {
                            "read": 0,
                            "write": 0,
                            "update": 0,
                            "leak": 0
                        },
                        "reg_file_1d": {
                            "read": 0.0,
                            "write": 0.0,
                            "update": 0,
                            "leak": 0
                        }
                    }
                },
                "mac_instances": 256,
                "mac_utilized_instances": 16
            },
            "factors": {
                "DRAM": {
                    "B": 64,
                    "P": 4096
                },
                "L3": {
                    "B": 1,
                    "P": 1
                },
                "PE": {
                    "B": 1,
                    "P": 16
                },
                "reg_file": {
                    "B": 1,
                    "P": 1
                }
            }
        },
        "DAV": {
            "tl_rst": {
                "comp_latency": 0.0713924085106383,
                "mem_latency": 0.0,
                "traffic": 0,
                "energy": 939189088.55,
                "traffic_energy": 1903340063033.393,
                "traffic_energy_foreach": {
                    "DRAM": 0.0,
                    "L3": 1903340063033.393,
                    "reg_file": 0.0,
                    "traffic": {
                        "DRAM": {
                            "read": 0.0,
                            "write": 0.0,
                            "update": 0,
                            "leak": 0
                        },
                        "L3": {
                            "read": 67633152.0,
                            "write": 67108864.0,
                            "update": 0,
                            "leak": 0
                        },
                        "reg_file_2d": {
                            "read": 0,
                            "write": 0,
                            "update": 0,
                            "leak": 0
                        },
                        "reg_file_1d": {
                            "read": 0.0,
                            "write": 0.0,
                            "update": 0,