{
    "latency": 0.02848595744680851,
    "energy": 102551738125.50043,
    "energy_rsts": {
        "DRAM": 25125558681.6,
        "L3": 63762989845.69241,
        "reg_file": 0.0,
        "PE": 13663189598.208,
        "total": 102551738125.50043
    },
    "tl_rsts": {
        "IAV": {
            "tl_rst": {
                "comp_latency": 0.0008366297872340426,
                "mem_latency": 0.0125,
                "traffic": 402653184,
                "energy": 11006122.13,
                "traffic_energy": 57018555266.23642,
                "traffic_energy_foreach": {
                    "DRAM": 12562779340.8,
                    "L3": 44455775925.43642,
                    "reg_file": 0.0,
                    "traffic": {
                        "DRAM": {
                            "read": 50331648.0,
                            "write": 0.0,
                            "update": 0,
                            "leak": 0
                        },
                        "L3": {
                            "read": 1572864.0,
                            "write": 1572864.0,
                            "update": 0,
                            "leak": 0
                        },
                        "reg_file_2d": {
                            "read": 0,
                            "write": 0,
                            "update": 0,
                            "leak": 0
                        },
                        "reg_file_1d": {
                            "read": 0.0,
                            "write": 0.0,
                            "update": 0,
                            "leak": 0
                        }
                    }
                },
                "mac_instances": 256,
                "mac_utilized_instances": 256
            },
            "factors": {
                "DRAM": {
                    "B": 64,
                    "F": 4,
                    "H": 12,
                    "P": 256
                },
                "L3": {
                    "B": 1,
                    "F": 1,
                    "H": 1,
                    "P": 1
                },
                "PE": {
                    "B": 1,
                    "F": 16,
                    "H": 1,
                    "P": 16
                },
                "reg_file": {
                    "B": 1,
                    "F": 1,
                    "H": 1,
                    "P": 1
                }
            }
        },
        "SAV": {
            "tl_rst": {
                "comp_latency": 0.0008366297872340426,
                "mem_latency": 0.0,
                "traffic": 0,
                "energy": 11006122.13,
                "traffic_energy": 10174933004.750847,
                "traffic_energy_foreach": {
                    "DRAM": 0.0,
                    "L3": 10174933004.750847,
                    "reg_file": 0.0,
                    "traffic": {
                        "DRAM": {
                            "read": 0.0,
                            "write": 0.0,
                            "update": 0,
                            "leak": 0
                        },
                        "L3": {
                            "read": 797696.0,
                            "write": 12288.0,
                            "update": 0,
                            "leak": 0
                        },
                        "reg_file_2d": {
                            "read": 0,
                            "write": 0,
                            "update": 0,
                            "leak": 0
                        },
                        "reg_file_1d": {
                            "read": 0.0,
                            "write": 0.0,
                            "update": 0,
                            "leak": 0
                        }
                    }
                },
                "mac_instances": 256,
                "mac_utilized_instances": 256
            },
            "factors": {
                "DRAM": {
                    "B": 64,
                    "P": 256,
                    "F": 4,
                    "H": 12
                },
                "L3": {
                    "B": 1,
                    "P": 1,
                    "F": 1,
                    "H": 1
                },
                "PE": {
                    "B": 1,
                    "P": 16,
                    "F": 16,
                    "H": 1
                },
                "reg_file": {
                    "B": 1,
                    "P": 1,
                    "F": 1,
                    "H": 1
                }
            }
        },
        "MAV": {
            "tl_rst": {
                "comp_latency": 1.7429787234042554e-05,
                "mem_latency": 0.0,
                "traffic": 0,
                "energy": 14330.89,
                "traffic_energy": 28942562.451456,
                "traffic_energy_foreach": {
                    "DRAM": 0.0,
                    "L3": 28942562.451456,
                    "reg_file": 0.0,
                    "traffic": {
                        "DRAM": {
                            "read": 0.0,
                            "write": 0.0,
                            "update": 0,
                            "leak": 0
                        },
                        "L3": {
                            "read": 1024.0,
                            "write": 1024.0,
                            "update": 0,
                            "leak": 0
                        },
                        "reg_file_2d": {
                            "read": 0,
                            "write": 0,
                            "update": 0,
                            "leak": 0
                        },
                        "reg_file_1d": {
                            "read": 0.0,
                            "write": 0.0,
                            "update": 0,
                            "leak": 0
                        }
                    }
                },
                "mac_instances": 256,
                "mac_utilized_instances": 16
            },
            "factors": {
                "DRAM": {
                    "B": 64,
                    "P": 256
                },
                "L3": {
                    "B": 1,
                    "P": 1
                },
                "PE": {
                    "B": 1,
                    "P": 16
                },
                "reg_file": {
                    "B": 1,
                    "P": 1
                }
            }
        },
        "DAV": {
            "tl_rst": {
                "comp_latency": 0.0008366297872340426,
                "mem_latency": 0.0,
                "traffic": 0,
                "energy": 11006122.13,
                "traffic_energy": 22381644764.626945,
                "traffic_energy_foreach": {
                    "DRAM": 0.0,
                    "L3": 22381644764.626945,
                    "reg_file": 0.0,
                    "traffic": {
                        "DRAM": {
                            "read": 0.0,
                            "write": 0.0,
                            "update": 0,
                            "leak": 0
                        },
                        "L3": {
                            "read": 798720.0,
                            "write": 786432.0,
                            "update": 0,
                            "leak": 0
                        },
                        "reg_file_2d": {
                            "read": 0,
                            "write": 0,
                            "update": 0,
                            "leak": 0
                        },
                        "reg_file_1d": {
                            "read": 0.0,
                            "write": 0.0,
                            "update": 0,
                            "leak": 0
                        }
                    }
                },