{
    "latency": 0.00796875,
    "energy": 1442467015676.92,
    "energy_rsts": {
        "DRAM": 106783624396.79999,
        "L3": 156135596609.2411,
        "reg_file": 12336235.80672,
        "PE": 1179535458435.072,
        "total": 1442467015676.92
    },
    "tl_rsts": {
        "UQK": {
            "tl_rst": {
                "comp_latency": 0.0005577531914893617,
                "mem_latency": 0.00375,
                "traffic": 1610612736,
                "energy": 1878378177.1,
                "traffic_energy": 81195725907.79597,
                "traffic_energy_foreach": {
                    "DRAM": 50251117363.2,
                    "L3": 30938188960.759808,
                    "reg_file": 6419583.83616,
                    "traffic": {
                        "DRAM": {
                            "read": 67108864.0,
                            "write": 134217728.0,
                            "update": 0,
                            "leak": 0
                        },
                        "L3": {
                            "read": 1048576.0,
                            "write": 3145728.0,
                            "update": 0,
                            "leak": 0
                        },
                        "reg_file_2d": {
                            "read": 1564672.0,
                            "write": 1572864.0,
                            "update": 0,
                            "leak": 0
                        },
                        "reg_file_1d": {
                            "read": 0,
                            "write": 0,
                            "update": 0,
                            "leak": 0
                        }
                    }
                },
                "mac_instances": 65536,
                "mac_utilized_instances": 65536
            },
            "factors": {
                "DRAM": {
                    "B": 64,
                    "H": 8,
                    "M": 4,
                    "N": 1,
                    "P": 4,
                    "E": 64
                },
                "L3": {
                    "B": 1,
                    "H": 1,
                    "M": 1,
                    "N": 1,
                    "P": 1,
                    "E": 1
                },
                "PE": {
                    "B": 1,
                    "H": 1,
                    "M": 1,
                    "N": 1,
                    "P": 256,
                    "E": 1
                },
                "PE_col": {
                    "B": 1,
                    "H": 1,
                    "M": 1,
                    "N": 256,
                    "P": 1,
                    "E": 1
                },
                "reg_file": {
                    "B": 1,
                    "H": 1,
                    "M": 1,
                    "N": 1,
                    "P": 1,
                    "E": 1
                }
            }
        },
        "UAV": {
            "tl_rst": {
                "comp_latency": 0.0005577531914893617,
                "mem_latency": 0.00421875,
                "traffic": 1811939328,
                "energy": 1878378177.1,
                "traffic_energy": 102096898368.75777,
                "traffic_energy_foreach": {
                    "DRAM": 56532507033.6,
                    "L3": 45558474683.187195,
                    "reg_file": 5916651.970559999,
                    "traffic": {
                        "DRAM": {
                            "read": 192937984.0,
                            "write": 33554432.0,
                            "update": 0,
                            "leak": 0
                        },
                        "L3": {
                            "read": 3014656.0,
                            "write": 3538944.0,
                            "update": 0,
                            "leak": 0
                        },
                        "reg_file_2d": {
                            "read": 1441792.0,
                            "write": 1449984.0,
                            "update": 0,
                            "leak": 0
                        },
                        "reg_file_1d": {
                            "read": 0,
                            "write": 0,
                            "update": 0,
                            "leak": 0
                        }
                    }
                },
                "mac_instances": 65536,
                "mac_utilized_instances": 65536
            },
            "factors": {
                "DRAM": {
                    "B": 64,
                    "H": 8,
                    "F": 64,
                    "P": 4,
                    "M": 4,
                    "N": 1
                },
                "L3": {
                    "B": 1,
                    "H": 1,
                    "F": 1,
                    "P": 1,
                    "M": 1,
                    "N": 1
                },
                "PE": {
                    "B": 1,
                    "H": 1,
                    "F": 1,
                    "P": 256,
                    "M": 1,
                    "N": 1
                },
                "PE_col": {
                    "B": 1,
                    "H": 1,
                    "F": 1,
                    "P": 1,
                    "M": 1,
                    "N": 256
                },
                "reg_file": {
                    "B": 1,
                    "H": 1,
                    "F": 1,
                    "P": 1,
                    "M": 1,
                    "N": 1
                }
            }
        }
    }
}