{
    "latency": 0.011953125,
    "energy": 2163700523515.3796,
    "energy_rsts": {
        "DRAM": 160175436595.2,
        "L3": 234203394913.86163,
        "reg_file": 18504353.710079998,
        "PE": 1769303187652.608,
        "total": 2163700523515.3796
    },
    "tl_rsts": {
        "UQK": {
            "tl_rst": {
                "comp_latency": 0.0008366297872340426,
                "mem_latency": 0.005625,
                "traffic": 2415919104,
                "energy": 2817567265.65,
                "traffic_energy": 121793588861.69394,
                "traffic_energy_foreach": {
                    "DRAM": 75376676044.79999,
                    "L3": 46407283441.13971,
                    "reg_file": 9629375.754239999,
                    "traffic": {
                        "DRAM": {
                            "read": 100663296.0,
                            "write": 201326592.0,
                            "update": 0,
                            "leak": 0
                        },
                        "L3": {
                            "read": 1572864.0,
                            "write": 4718592.0,
                            "update": 0,
                            "leak": 0
                        },
                        "reg_file_2d": {
                            "read": 2347008.0,
                            "write": 2359296.0,
                            "update": 0,
                            "leak": 0
                        },
                        "reg_file_1d": {
                            "read": 0,
                            "write": 0,
                            "update": 0,
                            "leak": 0
                        }
                    }
                },
                "mac_instances": 65536,
                "mac_utilized_instances": 65536
            },
            "factors": {
                "DRAM": {
                    "B": 64,
                    "H": 12,
                    "M": 4,
                    "N": 1,
                    "P": 4,
                    "E": 64
                },
                "L3": {
                    "B": 1,
                    "H": 1,
                    "M": 1,
                    "N": 1,
                    "P": 1,
                    "E": 1
                },
                "PE": {
                    "B": 1,
                    "H": 1,
                    "M": 1,
                    "N": 1,
                    "P": 256,
                    "E": 1
                },
                "PE_col": {
                    "B": 1,
                    "H": 1,
                    "M": 1,
                    "N": 256,
                    "P": 1,
                    "E": 1
                },
                "reg_file": {
                    "B": 1,
                    "H": 1,
                    "M": 1,
                    "N": 1,
                    "P": 1,
                    "E": 1
                }
            }
        },
        "UAV": {
            "tl_rst": {
                "comp_latency": 0.0008366297872340426,
                "mem_latency": 0.006328125,
                "traffic": 2717908992,
                "energy": 2817567265.65,
                "traffic_energy": 153145347553.13663,
                "traffic_energy_foreach": {
                    "DRAM": 84798760550.4,
                    "L3": 68337712024.7808,
                    "reg_file": 8874977.955839999,
                    "traffic": {
                        "DRAM": {
                            "read": 289406976.0,
                            "write": 50331648.0,
                            "update": 0,
                            "leak": 0
                        },
                        "L3": {
                            "read": 4521984.0,
                            "write": 5308416.0,
                            "update": 0,
                            "leak": 0
                        },
                        "reg_file_2d": {
                            "read": 2162688.0,
                            "write": 2174976.0,
                            "update": 0,
                            "leak": 0
                        },
                        "reg_file_1d": {
                            "read": 0,
                            "write": 0,
                            "update": 0,
                            "leak": 0
                        }
                    }
                },
                "mac_instances": 65536,
                "mac_utilized_instances": 65536
            },
            "factors": {
                "DRAM": {
                    "B": 64,
                    "H": 12,
                    "F": 64,
                    "P": 4,
                    "M": 4,
                    "N": 1
                },
                "L3": {
                    "B": 1,
                    "H": 1,
                    "F": 1,
                    "P": 1,
                    "M": 1,
                    "N": 1
                },
                "PE": {
                    "B": 1,
                    "H": 1,
                    "F": 1,
                    "P": 256,
                    "M": 1,
                    "N": 1
                },
                "PE_col": {
                    "B": 1,
                    "H": 1,
                    "F": 1,
                    "P": 1,
                    "M": 1,
                    "N": 256
                },
                "reg_file": {
                    "B": 1,
                    "H": 1,
                    "F": 1,
                    "P": 1,
                    "M": 1,
                    "N": 1
                }
            }
        }
    }
}