{
    "latency": 11.5,
    "energy": 2802174011749932.5,
    "energy_rsts": {
        "DRAM": 154103426580480.0,
        "L3": 232355669263113.0,
        "reg_file": 26297031312.015358,
        "PE": 2415688618875027.5,
        "total": 2802174011749932.5
    },
    "tl_rsts": {
        "UQK": {
            "tl_rst": {
                "comp_latency": 1.1422785361702128,
                "mem_latency": 5.12,
                "traffic": 2199023255552,
                "energy": 3846918506704.54,
                "traffic_energy": 115058330733010.48,
                "traffic_energy_foreach": {
                    "DRAM": 68609525573222.4,
                    "L3": 46435639477391.06,
                    "reg_file": 13165682397.02016,
                    "traffic": {
                        "DRAM": {
                            "read": 137438953472.0,
                            "write": 137438953472.0,
                            "update": 0,
                            "leak": 0
                        },
                        "L3": {
                            "read": 2147483648.0,
                            "write": 4294967296.0,
                            "update": 0,
                            "leak": 0
                        },
                        "reg_file_2d": {
                            "read": 3212836864.0,
                            "write": 3221225472.0,
                            "update": 0,
                            "leak": 0
                        },
                        "reg_file_1d": {
                            "read": 0,
                            "write": 0,
                            "update": 0,
                            "leak": 0
                        }
                    }
                },
                "mac_instances": 65536,
                "mac_utilized_instances": 65536
            },
            "factors": {
                "DRAM": {
                    "B": 64,
                    "H": 32,
                    "M": 64,
                    "N": 1,
                    "P": 64,
                    "E": 128
                },
                "L3": {
                    "B": 1,
                    "H": 1,
                    "M": 1,
                    "N": 1,
                    "P": 1,
                    "E": 1
                },
                "PE": {
                    "B": 1,
                    "H": 1,
                    "M": 1,
                    "N": 1,
                    "P": 256,
                    "E": 1
                },
                "PE_col": {
                    "B": 1,
                    "H": 1,
                    "M": 1,
                    "N": 256,
                    "P": 1,
                    "E": 1
                },
                "reg_file": {
                    "B": 1,
                    "H": 1,
                    "M": 1,
                    "N": 1,
                    "P": 1,
                    "E": 1
                }
            }
        },
        "UAV": {
            "tl_rst": {
                "comp_latency": 1.1422785361702128,
                "mem_latency": 6.38,
                "traffic": 2740189134848,
                "energy": 3846918506704.54,
                "traffic_energy": 152759108196125.12,
                "traffic_energy_foreach": {
                    "DRAM": 85493901007257.6,
                    "L3": 67252075839952.516,
                    "reg_file": 13131348914.995201,
                    "traffic": {
                        "DRAM": {
                            "read": 273804165120.0,
                            "write": 68719476736.0,
                            "update": 0,
                            "leak": 0
                        },
                        "L3": {
                            "read": 4278190080.0,
                            "write": 5351931904.0,
                            "update": 0,
                            "leak": 0
                        },
                        "reg_file_2d": {
                            "read": 3204448256.0,
                            "write": 3212836864.0,
                            "update": 0,
                            "leak": 0
                        },
                        "reg_file_1d": {
                            "read": 0,
                            "write": 0,
                            "update": 0,
                            "leak": 0
                        }
                    }
                },
                "mac_instances": 65536,
                "mac_utilized_instances": 65536
            },
            "factors": {
                "DRAM": {
                    "B": 64,
                    "H": 32,
                    "F": 128,
                    "P": 64,
                    "M": 64,
                    "N": 1
                },
                "L3": {
                    "B": 1,
                    "H": 1,
                    "F": 1,
                    "P": 1,
                    "M": 1,
                    "N": 1
                },
                "PE": {
                    "B": 1,
                    "H": 1,
                    "F": 1,
                    "P": 256,
                    "M": 1,
                    "N": 1
                },
                "PE_col": {
                    "B": 1,
                    "H": 1,
                    "F": 1,
                    "P": 1,
                    "M": 1,
                    "N": 256
                },
                "reg_file": {
                    "B": 1,
                    "H": 1,
                    "F": 1,
                    "P": 1,
                    "M": 1,
                    "N": 1
                }
            }
        }
    }
}