{
    "latency": 3.11625,
    "energy": 555994967183984.7,
    "energy_rsts": {
        "DRAM": 41758678528819.2,
        "L3": 61289742375711.67,
        "reg_file": 4930240386.170879,
        "PE": 452941616039067.6,
        "total": 555994967183984.7
    },
    "tl_rsts": {
        "UQK": {
            "tl_rst": {
                "comp_latency": 0.2141772255319149,
                "mem_latency": 1.44,
                "traffic": 618475290624,
                "energy": 721297220007.1,
                "traffic_energy": 31179158748593.65,
                "traffic_energy_foreach": {
                    "DRAM": 19296429067468.797,
                    "L3": 11880264560931.766,
                    "reg_file": 2465120193.0854397,
                    "traffic": {
                        "DRAM": {
                            "read": 25769803776.0,
                            "write": 51539607552.0,
                            "update": 0,
                            "leak": 0
                        },
                        "L3": {
                            "read": 402653184.0,
                            "write": 1207959552.0,
                            "update": 0,
                            "leak": 0
                        },
                        "reg_file_2d": {
                            "read": 600834048.0,
                            "write": 603979776.0,
                            "update": 0,
                            "leak": 0
                        },
                        "reg_file_1d": {
                            "read": 0,
                            "write": 0,
                            "update": 0,
                            "leak": 0
                        }
                    }
                },
                "mac_instances": 65536,
                "mac_utilized_instances": 65536
            },
            "factors": {
                "DRAM": {
                    "B": 64,
                    "H": 12,
                    "M": 64,
                    "N": 1,
                    "P": 64,
                    "E": 64
                },
                "L3": {
                    "B": 1,
                    "H": 1,
                    "M": 1,
                    "N": 1,
                    "P": 1,
                    "E": 1
                },
                "PE": {
                    "B": 1,
                    "H": 1,
                    "M": 1,
                    "N": 1,
                    "P": 256,
                    "E": 1
                },
                "PE_col": {
                    "B": 1,
                    "H": 1,
                    "M": 1,
                    "N": 256,
                    "P": 1,
                    "E": 1
                },
                "reg_file": {
                    "B": 1,
                    "H": 1,
                    "M": 1,
                    "N": 1,
                    "P": 1,
                    "E": 1
                }
            }
        },
        "UAV": {
            "tl_rst": {
                "comp_latency": 0.2141772255319149,
                "mem_latency": 1.67625,
                "traffic": 719943892992,
                "energy": 721297220007.1,
                "traffic_energy": 40607579044624.46,
                "traffic_energy_foreach": {
                    "DRAM": 22462249461350.4,
                    "L3": 18142864463080.98,
                    "reg_file": 2465120193.0854397,
                    "traffic": {
                        "DRAM": {
                            "read": 77108084736.0,
                            "write": 12884901888.0,
                            "update": 0,
                            "leak": 0
                        },
                        "L3": {
                            "read": 1204813824.0,
                            "write": 1406140416.0,
                            "update": 0,
                            "leak": 0
                        },
                        "reg_file_2d": {
                            "read": 600834048.0,
                            "write": 603979776.0,
                            "update": 0,
                            "leak": 0
                        },
                        "reg_file_1d": {
                            "read": 0,
                            "write": 0,
                            "update": 0,
                            "leak": 0
                        }
                    }
                },
                "mac_instances": 65536,
                "mac_utilized_instances": 65536
            },
            "factors": {
                "DRAM": {
                    "B": 64,
                    "H": 12,
                    "F": 64,
                    "P": 64,
                    "M": 64,
                    "N": 1
                },
                "L3": {
                    "B": 1,
                    "H": 1,
                    "F": 1,
                    "P": 1,
                    "M": 1,
                    "N": 1
                },
                "PE": {
                    "B": 1,
                    "H": 1,
                    "F": 1,
                    "P": 256,
                    "M": 1,
                    "N": 1
                },
                "PE_col": {
                    "B": 1,
                    "H": 1,
                    "F": 1,
                    "P": 1,
                    "M": 1,
                    "N": 256
                },
                "reg_file": {
                    "B": 1,
                    "H": 1,
                    "F": 1,
                    "P": 1,
                    "M": 1,
                    "N": 1
                }
            }
        }
    }
}