{
    "latency": 2948.8,
    "energy": 7.175346917046481e+17,
    "energy_rsts": {
        "DRAM": 3.951479863482778e+16,
        "L3": 5.959685811772605e+16,
        "reg_file": 6748520087247.913,
        "PE": 6.18416286432007e+17,
        "total": 7.175346917046481e+17
    },
    "tl_rsts": {
        "UQK": {
            "tl_rst": {
                "comp_latency": 292.4233052595745,
                "mem_latency": 1310.72,
                "traffic": 562949953421312,
                "energy": 984811137716361.1,
                "traffic_energy": 2.9454932667650684e+16,
                "traffic_energy_foreach": {
                    "DRAM": 1.7564038546744934e+16,
                    "L3": 1.1887523706212112e+16,
                    "reg_file": 3370414693637.161,
                    "traffic": {
                        "DRAM": {
                            "read": 35184372088832.0,
                            "write": 35184372088832.0,
                            "update": 0,
                            "leak": 0
                        },
                        "L3": {
                            "read": 549755813888.0,
                            "write": 1099511627776.0,
                            "update": 0,
                            "leak": 0
                        },
                        "reg_file_2d": {
                            "read": 822486237184.0,
                            "write": 824633720832.0,
                            "update": 0,
                            "leak": 0
                        },
                        "reg_file_1d": {
                            "read": 0,
                            "write": 0,
                            "update": 0,
                            "leak": 0
                        }
                    }
                },
                "mac_instances": 65536,
                "mac_utilized_instances": 65536
            },
            "factors": {
                "DRAM": {
                    "B": 64,
                    "H": 32,
                    "M": 1024,
                    "N": 1,
                    "P": 1024,
                    "E": 128
                },
                "L3": {
                    "B": 1,
                    "H": 1,
                    "M": 1,
                    "N": 1,
                    "P": 1,
                    "E": 1
                },
                "PE": {
                    "B": 1,
                    "H": 1,
                    "M": 1,
                    "N": 1,
                    "P": 256,
                    "E": 1
                },
                "PE_col": {
                    "B": 1,
                    "H": 1,
                    "M": 1,
                    "N": 256,
                    "P": 1,
                    "E": 1
                },
                "reg_file": {
                    "B": 1,
                    "H": 1,
                    "M": 1,
                    "N": 1,
                    "P": 1,
                    "E": 1
                }
            }
        },
        "UAV": {
            "tl_rst": {
                "comp_latency": 292.4233052595745,
                "mem_latency": 1638.08,
                "traffic": 703550002823168,
                "energy": 984811137716361.1,
                "traffic_energy": 3.922600061093519e+16,
                "traffic_energy_foreach": {
                    "DRAM": 2.195076008808284e+16,
                    "L3": 1.7271862417458744e+16,
                    "reg_file": 3378105393610.752,
                    "traffic": {
                        "DRAM": {
                            "read": 70351564308480.0,
                            "write": 17592186044416.0,
                            "update": 0,
                            "leak": 0
                        },
                        "L3": {
                            "read": 1099243192320.0,
                            "write": 1374121099264.0,
                            "update": 0,
                            "leak": 0
                        },
                        "reg_file_2d": {
                            "read": 824365285376.0,
                            "write": 826512769024.0,
                            "update": 0,
                            "leak": 0
                        },
                        "reg_file_1d": {
                            "read": 0,
                            "write": 0,
                            "update": 0,
                            "leak": 0
                        }
                    }
                },
                "mac_instances": 65536,
                "mac_utilized_instances": 65536
            },
            "factors": {
                "DRAM": {
                    "B": 64,
                    "H": 32,
                    "F": 128,
                    "P": 1024,
                    "M": 1024,
                    "N": 1
                },
                "L3": {
                    "B": 1,
                    "H": 1,
                    "F": 1,
                    "P": 1,
                    "M": 1,
                    "N": 1
                },
                "PE": {
                    "B": 1,
                    "H": 1,
                    "F": 1,
                    "P": 256,
                    "M": 1,
                    "N": 1
                },
                "PE_col": {
                    "B": 1,
                    "H": 1,
                    "F": 1,
                    "P": 1,
                    "M": 1,
                    "N": 256
                },
                "reg_file": {
                    "B": 1,
                    "H": 1,
                    "F": 1,
                    "P": 1,
                    "M": 1,
                    "N": 1
                }
            }
        }
    }
}