{
    "latency": 92.12,
    "energy": 2.2421845711416096e+16,
    "energy_rsts": {
        "DRAM": 1234435448399462.5,
        "L3": 1861690523764131.8,
        "reg_file": 210788252280.42242,
        "PE": 1.932550895100022e+16,
        "total": 2.2421845711416096e+16
    },
    "tl_rsts": {
        "UQK": {
            "tl_rst": {
                "comp_latency": 9.138228289361702,
                "mem_latency": 40.96,
                "traffic": 17592186044416,
                "energy": 30775348053636.29,
                "traffic_energy": 920466645864083.9,
                "traffic_energy_foreach": {
                    "DRAM": 548876204585779.2,
                    "L3": 371485115819128.5,
                    "reg_file": 105325459176.16129,
                    "traffic": {
                        "DRAM": {
                            "read": 1099511627776.0,
                            "write": 1099511627776.0,
                            "update": 0,
                            "leak": 0
                        },
                        "L3": {
                            "read": 17179869184.0,
                            "write": 34359738368.0,
                            "update": 0,
                            "leak": 0
                        },
                        "reg_file_2d": {
                            "read": 25702694912.0,
                            "write": 25769803776.0,
                            "update": 0,
                            "leak": 0
                        },
                        "reg_file_1d": {
                            "read": 0,
                            "write": 0,
                            "update": 0,
                            "leak": 0
                        }
                    }
                },
                "mac_instances": 65536,
                "mac_utilized_instances": 65536
            },
            "factors": {
                "DRAM": {
                    "B": 64,
                    "H": 16,
                    "M": 256,
                    "N": 1,
                    "P": 256,
                    "E": 128
                },
                "L3": {
                    "B": 1,
                    "H": 1,
                    "M": 1,
                    "N": 1,
                    "P": 1,
                    "E": 1
                },
                "PE": {
                    "B": 1,
                    "H": 1,
                    "M": 1,
                    "N": 1,
                    "P": 256,
                    "E": 1
                },
                "PE_col": {
                    "B": 1,
                    "H": 1,
                    "M": 1,
                    "N": 256,
                    "P": 1,
                    "E": 1
                },
                "reg_file": {
                    "B": 1,
                    "H": 1,
                    "M": 1,
                    "N": 1,
                    "P": 1,
                    "E": 1
                }
            }
        },
        "UAV": {
            "tl_rst": {
                "comp_latency": 9.138228289361702,
                "mem_latency": 51.16,
                "traffic": 21973052686336,
                "energy": 30775348053636.29,
                "traffic_energy": 1225064588387180.0,
                "traffic_energy_foreach": {
                    "DRAM": 685559243813683.1,
                    "L3": 539399881780392.6,
                    "reg_file": 105462793104.26112,
                    "traffic": {
                        "DRAM": {
                            "read": 2196875771904.0,
                            "write": 549755813888.0,
                            "update": 0,
                            "leak": 0
                        },
                        "L3": {
                            "read": 34326183936.0,
                            "write": 42916118528.0,
                            "update": 0,
                            "leak": 0
                        },
                        "reg_file_2d": {
                            "read": 25736249344.0,
                            "write": 25803358208.0,
                            "update": 0,
                            "leak": 0
                        },
                        "reg_file_1d": {
                            "read": 0,
                            "write": 0,
                            "update": 0,
                            "leak": 0
                        }
                    }
                },
                "mac_instances": 65536,
                "mac_utilized_instances": 65536
            },
            "factors": {
                "DRAM": {
                    "B": 64,
                    "H": 16,
                    "F": 128,
                    "P": 256,
                    "M": 256,
                    "N": 1
                },
                "L3": {
                    "B": 1,
                    "H": 1,
                    "F": 1,
                    "P": 1,
                    "M": 1,
                    "N": 1
                },
                "PE": {
                    "B": 1,
                    "H": 1,
                    "F": 1,
                    "P": 256,
                    "M": 1,
                    "N": 1
                },
                "PE_col": {
                    "B": 1,
                    "H": 1,
                    "F": 1,
                    "P": 1,
                    "M": 1,
                    "N": 256
                },
                "reg_file": {
                    "B": 1,
                    "H": 1,
                    "F": 1,
                    "P": 1,
                    "M": 1,
                    "N": 1
                }
            }
        }
    }
}