{
    "latency": 5.75,
    "energy": 1401087005874966.2,
    "energy_rsts": {
        "DRAM": 77051713290240.0,
        "L3": 116177834631556.5,
        "reg_file": 13148515656.007679,
        "PE": 1207844309437513.8,
        "total": 1401087005874966.2
    },
    "tl_rsts": {
        "UQK": {
            "tl_rst": {
                "comp_latency": 0.5711392680851064,
                "mem_latency": 2.56,
                "traffic": 1099511627776,
                "energy": 1923459253352.27,
                "traffic_energy": 57529165366505.24,
                "traffic_energy_foreach": {
                    "DRAM": 34304762786611.2,
                    "L3": 23217819738695.53,
                    "reg_file": 6582841198.51008,
                    "traffic": {
                        "DRAM": {
                            "read": 68719476736.0,
                            "write": 68719476736.0,
                            "update": 0,
                            "leak": 0
                        },
                        "L3": {
                            "read": 1073741824.0,
                            "write": 2147483648.0,
                            "update": 0,
                            "leak": 0
                        },
                        "reg_file_2d": {
                            "read": 1606418432.0,
                            "write": 1610612736.0,
                            "update": 0,
                            "leak": 0
                        },
                        "reg_file_1d": {
                            "read": 0,
                            "write": 0,
                            "update": 0,
                            "leak": 0
                        }
                    }
                },
                "mac_instances": 65536,
                "mac_utilized_instances": 65536
            },
            "factors": {
                "DRAM": {
                    "B": 64,
                    "H": 16,
                    "M": 64,
                    "N": 1,
                    "P": 64,
                    "E": 128
                },
                "L3": {
                    "B": 1,
                    "H": 1,
                    "M": 1,
                    "N": 1,
                    "P": 1,
                    "E": 1
                },
                "PE": {
                    "B": 1,
                    "H": 1,
                    "M": 1,
                    "N": 1,
                    "P": 256,
                    "E": 1
                },
                "PE_col": {
                    "B": 1,
                    "H": 1,
                    "M": 1,
                    "N": 256,
                    "P": 1,
                    "E": 1
                },
                "reg_file": {
                    "B": 1,
                    "H": 1,
                    "M": 1,
                    "N": 1,
                    "P": 1,
                    "E": 1
                }
            }
        },
        "UAV": {
            "tl_rst": {
                "comp_latency": 0.5711392680851064,
                "mem_latency": 3.19,
                "traffic": 1370094567424,
                "energy": 1923459253352.27,
                "traffic_energy": 76379554098062.56,
                "traffic_energy_foreach": {
                    "DRAM": 42746950503628.8,
                    "L3": 33626037919976.258,
                    "reg_file": 6565674457.497601,
                    "traffic": {
                        "DRAM": {
                            "read": 136902082560.0,
                            "write": 34359738368.0,
                            "update": 0,
                            "leak": 0
                        },
                        "L3": {
                            "read": 2139095040.0,
                            "write": 2675965952.0,
                            "update": 0,
                            "leak": 0
                        },
                        "reg_file_2d": {
                            "read": 1602224128.0,
                            "write": 1606418432.0,
                            "update": 0,
                            "leak": 0
                        },
                        "reg_file_1d": {
                            "read": 0,
                            "write": 0,
                            "update": 0,
                            "leak": 0
                        }
                    }
                },
                "mac_instances": 65536,
                "mac_utilized_instances": 65536
            },
            "factors": {
                "DRAM": {
                    "B": 64,
                    "H": 16,
                    "F": 128,
                    "P": 64,
                    "M": 64,
                    "N": 1
                },
                "L3": {
                    "B": 1,
                    "H": 1,
                    "F": 1,
                    "P": 1,
                    "M": 1,
                    "N": 1
                },
                "PE": {
                    "B": 1,
                    "H": 1,
                    "F": 1,
                    "P": 256,
                    "M": 1,
                    "N": 1
                },
                "PE_col": {
                    "B": 1,
                    "H": 1,
                    "F": 1,
                    "P": 1,
                    "M": 1,
                    "N": 256
                },
                "reg_file": {
                    "B": 1,
                    "H": 1,
                    "F": 1,
                    "P": 1,
                    "M": 1,
                    "N": 1
                }
            }
        }
    }
}