{
    "latency": 17039.04,
    "energy": 3.1615294846798756e+18,
    "energy_rsts": {
        "DRAM": 2.283282130123358e+17,
        "L3": 4.595090607220781e+17,
        "reg_file": 27065217433290.67,
        "PE": 2.473665145728028e+18,
        "total": 3.1615294846798756e+18
    },
    "tl_rsts": {
        "UQK": {
            "tl_rst": {
                "comp_latency": 1169.693221038298,
                "mem_latency": 7864.32,
                "traffic": 3377699720527872,
                "energy": 3939244550865444.5,
                "traffic_energy": 2.307160588824804e+17,
                "traffic_energy_foreach": {
                    "DRAM": 1.053842312804696e+17,
                    "L3": 1.2531829444395845e+17,
                    "reg_file": 13533158052357.734,
                    "traffic": {
                        "DRAM": {
                            "read": 140737488355328.0,
                            "write": 281474976710656.0,
                            "update": 0,
                            "leak": 0
                        },
                        "L3": {
                            "read": 6597069766656.0,
                            "write": 10995116277760.0,
                            "update": 0,
                            "leak": 0
                        },
                        "reg_file_2d": {
                            "read": 3298534883328.0,
                            "write": 3315714752512.0,
                            "update": 0,
                            "leak": 0
                        },
                        "reg_file_1d": {
                            "read": 0,
                            "write": 0,
                            "update": 0,
                            "leak": 0
                        }
                    }
                },
                "mac_instances": 65536,
                "mac_utilized_instances": 65536
            },
            "factors": {
                "DRAM": {
                    "B": 64,
                    "H": 16,
                    "M": 4096,
                    "N": 1,
                    "P": 4096,
                    "E": 64
                },
                "L3": {
                    "B": 1,
                    "H": 1,
                    "M": 1,
                    "N": 1,
                    "P": 1,
                    "E": 1
                },
                "PE": {
                    "B": 1,
                    "H": 1,
                    "M": 1,
                    "N": 1,
                    "P": 256,
                    "E": 1
                },
                "PE_col": {
                    "B": 1,
                    "H": 1,
                    "M": 1,
                    "N": 256,
                    "P": 1,
                    "E": 1
                },
                "reg_file": {
                    "B": 1,
                    "H": 1,
                    "M": 1,
                    "N": 1,
                    "P": 1,
                    "E": 1
                }
            }
        },
        "UAV": {
            "tl_rst": {
                "comp_latency": 1169.693221038298,
                "mem_latency": 9174.72,
                "traffic": 3940512234995712,
                "energy": 3939244550865444.5,
                "traffic_energy": 2.2227413445582982e+17,
                "traffic_energy_foreach": {
                    "DRAM": 1.229439817318662e+17,
                    "L3": 9.93166206645827e+16,
                    "reg_file": 13532059380932.936,
                    "traffic": {
                        "DRAM": {
                            "read": 422195285196800.0,
                            "write": 70368744177664.0,
                            "update": 0,
                            "leak": 0
                        },
                        "L3": {
                            "read": 6596801331200.0,
                            "write": 7696312958976.0,
                            "update": 0,
                            "leak": 0
                        },
                        "reg_file_2d": {
                            "read": 3298266447872.0,
                            "write": 3315446317056.0,
                            "update": 0,
                            "leak": 0
                        },
                        "reg_file_1d": {
                            "read": 0,
                            "write": 0,
                            "update": 0,
                            "leak": 0
                        }
                    }
                },
                "mac_instances": 65536,
                "mac_utilized_instances": 65536
            },
            "factors": {
                "DRAM": {
                    "B": 64,
                    "H": 16,
                    "F": 64,
                    "P": 4096,
                    "M": 4096,
                    "N": 1
                },
                "L3": {
                    "B": 1,
                    "H": 1,
                    "F": 1,
                    "P": 1,
                    "M": 1,
                    "N": 1
                },
                "PE": {
                    "B": 1,
                    "H": 1,
                    "F": 1,
                    "P": 256,
                    "M": 1,
                    "N": 1
                },
                "PE_col": {
                    "B": 1,
                    "H": 1,
                    "F": 1,
                    "P": 1,
                    "M": 1,
                    "N": 256
                },
                "reg_file": {
                    "B": 1,
                    "H": 1,
                    "F": 1,
                    "P": 1,
                    "M": 1,
                    "N": 1
                }
            }
        }
    }
}