{
    "latency": 47184.64,
    "energy": 1.1729312442044527e+19,
    "energy_rsts": {
        "DRAM": 6.322882353014244e+17,
        "L3": 1.2022554936955942e+18,
        "reg_file": 108130135395438.44,
        "PE": 9.894660582912113e+18,
        "total": 1.1729312442044527e+19
    },
    "tl_rsts": {
        "UQK": {
            "tl_rst": {
                "comp_latency": 4678.772884153192,
                "mem_latency": 20971.52,
                "traffic": 9007199254740992,
                "energy": 1.5756978203461778e+16,
                "traffic_energy": 5.921514824893994e+17,
                "traffic_energy_foreach": {
                    "DRAM": 2.8102461674791894e+17,
                    "L3": 3.1107279847644e+17,
                    "reg_file": 54067265040568.81,
                    "traffic": {
                        "DRAM": {
                            "read": 562949953421312.0,
                            "write": 562949953421312.0,
                            "update": 0,
                            "leak": 0
                        },
                        "L3": {
                            "read": 17592186044416.0,
                            "write": 26388279066624.0,
                            "update": 0,
                            "leak": 0
                        },
                        "reg_file_2d": {
                            "read": 13194139533312.0,
                            "write": 13228499271680.0,
                            "update": 0,
                            "leak": 0
                        },
                        "reg_file_1d": {
                            "read": 0,
                            "write": 0,
                            "update": 0,
                            "leak": 0
                        }
                    }
                },
                "mac_instances": 65536,
                "mac_utilized_instances": 65536
            },
            "factors": {
                "DRAM": {
                    "B": 64,
                    "H": 32,
                    "M": 4096,
                    "N": 1,
                    "P": 4096,
                    "E": 128
                },
                "L3": {
                    "B": 1,
                    "H": 1,
                    "M": 1,
                    "N": 1,
                    "P": 1,
                    "E": 1
                },
                "PE": {
                    "B": 1,
                    "H": 1,
                    "M": 1,
                    "N": 1,
                    "P": 256,
                    "E": 1
                },
                "PE_col": {
                    "B": 1,
                    "H": 1,
                    "M": 1,
                    "N": 256,
                    "P": 1,
                    "E": 1
                },
                "reg_file": {
                    "B": 1,
                    "H": 1,
                    "M": 1,
                    "N": 1,
                    "P": 1,
                    "E": 1
                }
            }
        },
        "UAV": {
            "tl_rst": {
                "comp_latency": 4678.772884153192,
                "mem_latency": 26213.12,
                "traffic": 11258449312612352,
                "energy": 1.5756978203461778e+16,
                "traffic_energy": 6.277117449051447e+17,
                "traffic_energy_foreach": {
                    "DRAM": 3.5126361855350534e+17,
                    "L3": 2.763940634812846e+17,
                    "reg_file": 54062870354869.62,
                    "traffic": {
                        "DRAM": {
                            "read": 1125831187365888.0,
                            "write": 281474976710656.0,
                            "update": 0,
                            "leak": 0
                        },
                        "L3": {
                            "read": 17591112302592.0,
                            "write": 21989158813696.0,
                            "update": 0,
                            "leak": 0
                        },
                        "reg_file_2d": {
                            "read": 13193065791488.0,
                            "write": 13227425529856.0,
                            "update": 0,
                            "leak": 0
                        },
                        "reg_file_1d": {
                            "read": 0,
                            "write": 0,
                            "update": 0,
                            "leak": 0
                        }
                    }
                },
                "mac_instances": 65536,
                "mac_utilized_instances": 65536
            },
            "factors": {
                "DRAM": {
                    "B": 64,
                    "H": 32,
                    "F": 128,
                    "P": 4096,
                    "M": 4096,
                    "N": 1
                },
                "L3": {
                    "B": 1,
                    "H": 1,
                    "F": 1,
                    "P": 1,
                    "M": 1,
                    "N": 1
                },
                "PE": {
                    "B": 1,
                    "H": 1,
                    "F": 1,
                    "P": 256,
                    "M": 1,
                    "N": 1
                },
                "PE_col": {
                    "B": 1,
                    "H": 1,
                    "F": 1,
                    "P": 1,
                    "M": 1,
                    "N": 256
                },
                "reg_file": {
                    "B": 1,
                    "H": 1,
                    "F": 1,
                    "P": 1,
                    "M": 1,
                    "N": 1
                }
            }
        }
    }
}