{
    "latency": 49.905,
    "energy": 8897589581474992.0,
    "energy_rsts": {
        "DRAM": 668741869869465.5,
        "L3": 981702816633597.2,
        "reg_file": 79038346847.8464,
        "PE": 7247065856625082.0,
        "total": 8897589581474992.0
    },
    "tl_rsts": {
        "UQK": {
            "tl_rst": {
                "comp_latency": 3.4268356085106384,
                "mem_latency": 23.04,
                "traffic": 9895604649984,
                "energy": 11540755520113.61,
                "traffic_energy": 498866539977498.4,
                "traffic_energy_foreach": {
                    "DRAM": 308742865079500.75,
                    "L3": 190084232974908.25,
                    "reg_file": 39441923089.367035,
                    "traffic": {
                        "DRAM": {
                            "read": 412316860416.0,
                            "write": 824633720832.0,
                            "update": 0,
                            "leak": 0
                        },
                        "L3": {
                            "read": 6442450944.0,
                            "write": 19327352832.0,
                            "update": 0,
                            "leak": 0
                        },
                        "reg_file_2d": {
                            "read": 9613344768.0,
                            "write": 9663676416.0,
                            "update": 0,
                            "leak": 0
                        },
                        "reg_file_1d": {
                            "read": 0,
                            "write": 0,
                            "update": 0,
                            "leak": 0
                        }
                    }
                },
                "mac_instances": 65536,
                "mac_utilized_instances": 65536
            },
            "factors": {
                "DRAM": {
                    "B": 64,
                    "H": 12,
                    "M": 256,
                    "N": 1,
                    "P": 256,
                    "E": 64
                },
                "L3": {
                    "B": 1,
                    "H": 1,
                    "M": 1,
                    "N": 1,
                    "P": 1,
                    "E": 1
                },
                "PE": {
                    "B": 1,
                    "H": 1,
                    "M": 1,
                    "N": 1,
                    "P": 256,
                    "E": 1
                },
                "PE_col": {
                    "B": 1,
                    "H": 1,
                    "M": 1,
                    "N": 256,
                    "P": 1,
                    "E": 1
                },
                "reg_file": {
                    "B": 1,
                    "H": 1,
                    "M": 1,
                    "N": 1,
                    "P": 1,
                    "E": 1
                }
            }
        },
        "UAV": {
            "tl_rst": {
                "comp_latency": 3.4268356085106384,
                "mem_latency": 26.865,
                "traffic": 11538429640704,
                "energy": 11540755520113.61,
                "traffic_energy": 650843160770808.8,
                "traffic_energy_foreach": {
                    "DRAM": 359999004789964.8,
                    "L3": 290804559557085.4,
                    "reg_file": 39596423758.479355,
                    "traffic": {
                        "DRAM": {
                            "read": 1236145274880.0,
                            "write": 206158430208.0,
                            "update": 0,
                            "leak": 0
                        },
                        "L3": {
                            "read": 19314769920.0,
                            "write": 22535995392.0,
                            "update": 0,
                            "leak": 0
                        },
                        "reg_file_2d": {
                            "read": 9651093504.0,
                            "write": 9701425152.0,
                            "update": 0,
                            "leak": 0
                        },
                        "reg_file_1d": {
                            "read": 0,
                            "write": 0,
                            "update": 0,
                            "leak": 0
                        }
                    }
                },
                "mac_instances": 65536,
                "mac_utilized_instances": 65536
            },
            "factors": {
                "DRAM": {
                    "B": 64,
                    "H": 12,
                    "F": 64,
                    "P": 256,
                    "M": 256,
                    "N": 1
                },
                "L3": {
                    "B": 1,
                    "H": 1,
                    "F": 1,
                    "P": 1,
                    "M": 1,
                    "N": 1
                },
                "PE": {
                    "B": 1,
                    "H": 1,
                    "F": 1,
                    "P": 256,
                    "M": 1,
                    "N": 1
                },
                "PE_col": {
                    "B": 1,
                    "H": 1,
                    "F": 1,
                    "P": 1,
                    "M": 1,
                    "N": 256
                },
                "reg_file": {
                    "B": 1,
                    "H": 1,
                    "F": 1,
                    "P": 1,
                    "M": 1,
                    "N": 1
                }
            }
        }
    }
}