{
    "latency": 0.04375,
    "energy": 10902499875813.852,
    "energy_rsts": {
        "DRAM": 586263035904.0,
        "L3": 879854473105.6375,
        "reg_file": 98699323.63776,
        "PE": 9436283667480.576,
        "total": 10902499875813.852
    },
    "tl_rsts": {
        "UQK": {
            "tl_rst": {
                "comp_latency": 0.004462025531914894,
                "mem_latency": 0.02,
                "traffic": 8589934592,
                "energy": 15027025416.81,
                "traffic_energy": 449446604425.8222,
                "traffic_energy_foreach": {
                    "DRAM": 268005959270.4,
                    "L3": 181389216708.55884,
                    "reg_file": 51428446.86336,
                    "traffic": {
                        "DRAM": {
                            "read": 536870912.0,
                            "write": 536870912.0,
                            "update": 0,
                            "leak": 0
                        },
                        "L3": {
                            "read": 8388608.0,
                            "write": 16777216.0,
                            "update": 0,
                            "leak": 0
                        },
                        "reg_file_2d": {
                            "read": 12550144.0,
                            "write": 12582912.0,
                            "update": 0,
                            "leak": 0
                        },
                        "reg_file_1d": {
                            "read": 0,
                            "write": 0,
                            "update": 0,
                            "leak": 0
                        }
                    }
                },
                "mac_instances": 65536,
                "mac_utilized_instances": 65536
            },
            "factors": {
                "DRAM": {
                    "B": 64,
                    "H": 32,
                    "M": 4,
                    "N": 1,
                    "P": 4,
                    "E": 128
                },
                "L3": {
                    "B": 1,
                    "H": 1,
                    "M": 1,
                    "N": 1,
                    "P": 1,
                    "E": 1
                },
                "PE": {
                    "B": 1,
                    "H": 1,
                    "M": 1,
                    "N": 1,
                    "P": 256,
                    "E": 1
                },
                "PE_col": {
                    "B": 1,
                    "H": 1,
                    "M": 1,
                    "N": 256,
                    "P": 1,
                    "E": 1
                },
                "reg_file": {
                    "B": 1,
                    "H": 1,
                    "M": 1,
                    "N": 1,
                    "P": 1,
                    "E": 1
                }
            }
        },
        "UAV": {
            "tl_rst": {
                "comp_latency": 0.004462025531914894,
                "mem_latency": 0.02375,
                "traffic": 10200547328,
                "energy": 15027025416.81,
                "traffic_energy": 567499223244.8328,
                "traffic_energy_foreach": {
                    "DRAM": 318257076633.6,
                    "L3": 249194875734.45837,
                    "reg_file": 47270876.774399996,
                    "traffic": {
                        "DRAM": {
                            "read": 1006632960.0,
                            "write": 268435456.0,
                            "update": 0,
                            "leak": 0
                        },
                        "L3": {
                            "read": 15728640.0,
                            "write": 19922944.0,
                            "update": 0,
                            "leak": 0
                        },
                        "reg_file_2d": {
                            "read": 11534336.0,
                            "write": 11567104.0,
                            "update": 0,
                            "leak": 0
                        },
                        "reg_file_1d": {
                            "read": 0,
                            "write": 0,
                            "update": 0,
                            "leak": 0
                        }
                    }
                },
                "mac_instances": 65536,
                "mac_utilized_instances": 65536
            },
            "factors": {
                "DRAM": {
                    "B": 64,
                    "H": 32,
                    "F": 128,
                    "P": 4,
                    "M": 4,
                    "N": 1
                },
                "L3": {
                    "B": 1,
                    "H": 1,
                    "F": 1,
                    "P": 1,
                    "M": 1,
                    "N": 1
                },
                "PE": {
                    "B": 1,
                    "H": 1,
                    "F": 1,
                    "P": 256,
                    "M": 1,
                    "N": 1
                },
                "PE_col": {
                    "B": 1,
                    "H": 1,
                    "F": 1,
                    "P": 1,
                    "M": 1,
                    "N": 256
                },
                "reg_file": {
                    "B": 1,
                    "H": 1,
                    "F": 1,
                    "P": 1,
                    "M": 1,
                    "N": 1
                }
            }
        }
    }
}