{
    "latency": 1474.4,
    "energy": 3.5876734585232403e+17,
    "energy_rsts": {
        "DRAM": 1.975739931741389e+16,
        "L3": 2.9798429058863024e+16,
        "reg_file": 3374260043623.9565,
        "PE": 3.092081432160035e+17,
        "total": 3.5876734585232403e+17
    },
    "tl_rsts": {
        "UQK": {
            "tl_rst": {
                "comp_latency": 146.21165262978724,
                "mem_latency": 655.36,
                "traffic": 281474976710656,
                "energy": 492405568858180.56,
                "traffic_energy": 1.4727466333825342e+16,
                "traffic_energy_foreach": {
                    "DRAM": 8782019273372467.0,
                    "L3": 5943761853106056.0,
                    "reg_file": 1685207346818.5806,
                    "traffic": {
                        "DRAM": {
                            "read": 17592186044416.0,
                            "write": 17592186044416.0,
                            "update": 0,
                            "leak": 0
                        },
                        "L3": {
                            "read": 274877906944.0,
                            "write": 549755813888.0,
                            "update": 0,
                            "leak": 0
                        },
                        "reg_file_2d": {
                            "read": 411243118592.0,
                            "write": 412316860416.0,
                            "update": 0,
                            "leak": 0
                        },
                        "reg_file_1d": {
                            "read": 0,
                            "write": 0,
                            "update": 0,
                            "leak": 0
                        }
                    }
                },
                "mac_instances": 65536,
                "mac_utilized_instances": 65536
            },
            "factors": {
                "DRAM": {
                    "B": 64,
                    "H": 16,
                    "M": 1024,
                    "N": 1,
                    "P": 1024,
                    "E": 128
                },
                "L3": {
                    "B": 1,
                    "H": 1,
                    "M": 1,
                    "N": 1,
                    "P": 1,
                    "E": 1
                },
                "PE": {
                    "B": 1,
                    "H": 1,
                    "M": 1,
                    "N": 1,
                    "P": 256,
                    "E": 1
                },
                "PE_col": {
                    "B": 1,
                    "H": 1,
                    "M": 1,
                    "N": 256,
                    "P": 1,
                    "E": 1
                },
                "reg_file": {
                    "B": 1,
                    "H": 1,
                    "M": 1,
                    "N": 1,
                    "P": 1,
                    "E": 1
                }
            }
        },
        "UAV": {
            "tl_rst": {
                "comp_latency": 146.21165262978724,
                "mem_latency": 819.04,
                "traffic": 351775001411584,
                "energy": 492405568858180.56,
                "traffic_energy": 1.9613000305467596e+16,
                "traffic_energy_foreach": {
                    "DRAM": 1.097538004404142e+16,
                    "L3": 8635931208729372.0,
                    "reg_file": 1689052696805.376,
                    "traffic": {
                        "DRAM": {
                            "read": 35175782154240.0,
                            "write": 8796093022208.0,
                            "update": 0,
                            "leak": 0
                        },
                        "L3": {
                            "read": 549621596160.0,
                            "write": 687060549632.0,
                            "update": 0,
                            "leak": 0
                        },
                        "reg_file_2d": {
                            "read": 412182642688.0,
                            "write": 413256384512.0,
                            "update": 0,
                            "leak": 0
                        },
                        "reg_file_1d": {
                            "read": 0,
                            "write": 0,
                            "update": 0,
                            "leak": 0
                        }
                    }
                },
                "mac_instances": 65536,
                "mac_utilized_instances": 65536
            },
            "factors": {
                "DRAM": {
                    "B": 64,
                    "H": 16,
                    "F": 128,
                    "P": 1024,
                    "M": 1024,
                    "N": 1
                },
                "L3": {
                    "B": 1,
                    "H": 1,
                    "F": 1,
                    "P": 1,
                    "M": 1,
                    "N": 1
                },
                "PE": {
                    "B": 1,
                    "H": 1,
                    "F": 1,
                    "P": 256,
                    "M": 1,
                    "N": 1
                },
                "PE_col": {
                    "B": 1,
                    "H": 1,
                    "F": 1,
                    "P": 1,
                    "M": 1,
                    "N": 256
                },
                "reg_file": {
                    "B": 1,
                    "H": 1,
                    "F": 1,
                    "P": 1,
                    "M": 1,
                    "N": 1
                }
            }
        }
    }
}