{
    "latency": 1064.88,
    "energy": 1.8982415163963312e+17,
    "energy_rsts": {
        "DRAM": 1.4269709295393176e+16,
        "L3": 2.0948683760835196e+16,
        "reg_file": 1686975402989.3223,
        "PE": 1.5460407160800176e+17,
        "total": 1.8982415163963312e+17
    },
    "tl_rsts": {
        "UQK": {
            "tl_rst": {
                "comp_latency": 73.10582631489362,
                "mem_latency": 491.52,
                "traffic": 211106232532992,
                "energy": 246202784429090.28,
                "traffic_energy": 1.0642486186186634e+16,
                "traffic_energy_foreach": {
                    "DRAM": 6586514455029350.0,
                    "L3": 4055130303464709.5,
                    "reg_file": 841427692573.1636,
                    "traffic": {
                        "DRAM": {
                            "read": 8796093022208.0,
                            "write": 17592186044416.0,
                            "update": 0,
                            "leak": 0
                        },
                        "L3": {
                            "read": 137438953472.0,
                            "write": 412316860416.0,
                            "update": 0,
                            "leak": 0
                        },
                        "reg_file_2d": {
                            "read": 205084688384.0,
                            "write": 206158430208.0,
                            "update": 0,
                            "leak": 0
                        },
                        "reg_file_1d": {
                            "read": 0,
                            "write": 0,
                            "update": 0,
                            "leak": 0
                        }
                    }
                },
                "mac_instances": 65536,
                "mac_utilized_instances": 65536
            },
            "factors": {
                "DRAM": {
                    "B": 64,
                    "H": 16,
                    "M": 1024,
                    "N": 1,
                    "P": 1024,
                    "E": 64
                },
                "L3": {
                    "B": 1,
                    "H": 1,
                    "M": 1,
                    "N": 1,
                    "P": 1,
                    "E": 1
                },
                "PE": {
                    "B": 1,
                    "H": 1,
                    "M": 1,
                    "N": 1,
                    "P": 256,
                    "E": 1
                },
                "PE_col": {
                    "B": 1,
                    "H": 1,
                    "M": 1,
                    "N": 256,
                    "P": 1,
                    "E": 1
                },
                "reg_file": {
                    "B": 1,
                    "H": 1,
                    "M": 1,
                    "N": 1,
                    "P": 1,
                    "E": 1
                }
            }
        },
        "UAV": {
            "tl_rst": {
                "comp_latency": 73.10582631489362,
                "mem_latency": 573.36,
                "traffic": 246256244883456,
                "energy": 246202784429090.28,
                "traffic_energy": 1.3890637542080276e+16,
                "traffic_energy_foreach": {
                    "DRAM": 7683194840363827.0,
                    "L3": 6206597154006032.0,
                    "reg_file": 845547710416.1587,
                    "traffic": {
                        "DRAM": {
                            "read": 26383984099328.0,
                            "write": 4398046511104.0,
                            "update": 0,
                            "leak": 0
                        },
                        "L3": {
                            "read": 412249751552.0,
                            "write": 480969228288.0,
                            "update": 0,
                            "leak": 0
                        },
                        "reg_file_2d": {
                            "read": 206091321344.0,
                            "write": 207165063168.0,
                            "update": 0,
                            "leak": 0
                        },
                        "reg_file_1d": {
                            "read": 0,
                            "write": 0,
                            "update": 0,
                            "leak": 0
                        }
                    }
                },
                "mac_instances": 65536,
                "mac_utilized_instances": 65536
            },
            "factors": {
                "DRAM": {
                    "B": 64,
                    "H": 16,
                    "F": 64,
                    "P": 1024,
                    "M": 1024,
                    "N": 1
                },
                "L3": {
                    "B": 1,
                    "H": 1,
                    "F": 1,
                    "P": 1,
                    "M": 1,
                    "N": 1
                },
                "PE": {
                    "B": 1,
                    "H": 1,
                    "F": 1,
                    "P": 256,
                    "M": 1,
                    "N": 1
                },
                "PE_col": {
                    "B": 1,
                    "H": 1,
                    "F": 1,
                    "P": 1,
                    "M": 1,
                    "N": 256
                },
                "reg_file": {
                    "B": 1,
                    "H": 1,
                    "F": 1,
                    "P": 1,
                    "M": 1,
                    "N": 1
                }
            }
        }
    }
}