{
    "latency": 366997.3333333334,
    "energy": 1.2772773460297626e+18,
    "energy_rsts": {
        "DRAM": 3.688405213862953e+17,
        "L3": 2.882926533879829e+17,
        "reg_file": 1727884823477417.5,
        "PE": 6.18416286432007e+17,
        "total": 1.2772773460297626e+18
    },
    "tl_rsts": {
        "UQK": {
            "tl_rst": {
                "comp_latency": 74860.36614645107,
                "mem_latency": 148548.26666666666,
                "traffic": 4785074604081152,
                "energy": 984811137716361.1,
                "traffic_energy": 4.074313292184699e+17,
                "traffic_energy_foreach": {
                    "DRAM": 1.4929432764733194e+17,
                    "L3": 2.5727417540956682e+17,
                    "reg_file": 862826161571113.2,
                    "traffic": {
                        "DRAM": {
                            "read": 562949953421312.0,
                            "write": 35184372088832.0,
                            "update": 0,
                            "leak": 0
                        },
                        "L3": {
                            "read": 8796093022208.0,
                            "write": 9345848836096.0,
                            "update": 0,
                            "leak": 0
                        },
                        "reg_file_2d": {
                            "read": 210556476719104.0,
                            "write": 211106232532992.0,
                            "update": 0,
                            "leak": 0
                        },
                        "reg_file_1d": {
                            "read": 0,
                            "write": 0,
                            "update": 0,
                            "leak": 0
                        }
                    }
                },
                "mac_instances": 256,
                "mac_utilized_instances": 256
            },
            "factors": {
                "DRAM": {
                    "B": 64,
                    "H": 32,
                    "M": 16384,
                    "N": 1,
                    "P": 16384,
                    "E": 128
                },
                "L3": {
                    "B": 1,
                    "H": 1,
                    "M": 1,
                    "N": 1,
                    "P": 1,
                    "E": 1
                },
                "PE": {
                    "B": 1,
                    "H": 1,
                    "M": 1,
                    "N": 1,
                    "P": 16,
                    "E": 1
                },
                "PE_col": {
                    "B": 1,
                    "H": 1,
                    "M": 1,
                    "N": 16,
                    "P": 1,
                    "E": 1
                },
                "reg_file": {
                    "B": 1,
                    "H": 1,
                    "M": 1,
                    "N": 1,
                    "P": 1,
                    "E": 1
                }
            }
        },
        "UAV": {
            "tl_rst": {
                "comp_latency": 74860.36614645107,
                "mem_latency": 218449.06666666668,
                "traffic": 7036736978812928,
                "energy": 984811137716361.1,
                "traffic_energy": 5.538324597770675e+17,
                "traffic_energy_foreach": {
                    "DRAM": 2.1954619373896336e+17,
                    "L3": 3.334212073761979e+17,
                    "reg_file": 865058661906304.2,
                    "traffic": {
                        "DRAM": {
                            "read": 598117145640960.0,
                            "write": 281474976710656.0,
                            "update": 0,
                            "leak": 0
                        },
                        "L3": {
                            "read": 9345580400640.0,
                            "write": 13743626911744.0,
                            "update": 0,
                            "leak": 0
                        },
                        "reg_file_2d": {
                            "read": 211101937565696.0,
                            "write": 211651693379584.0,
                            "update": 0,
                            "leak": 0
                        },
                        "reg_file_1d": {
                            "read": 0,
                            "write": 0,
                            "update": 0,
                            "leak": 0
                        }
                    }
                },
                "mac_instances": 256,
                "mac_utilized_instances": 256
            },
            "factors": {
                "DRAM": {
                    "B": 64,
                    "H": 32,
                    "F": 128,
                    "P": 16384,
                    "M": 16384,
                    "N": 1
                },
                "L3": {
                    "B": 1,
                    "H": 1,
                    "F": 1,
                    "P": 1,
                    "M": 1,
                    "N": 1
                },
                "PE": {
                    "B": 1,
                    "H": 1,
                    "F": 1,
                    "P": 16,
                    "M": 1,
                    "N": 1
                },
                "PE_col": {
                    "B": 1,
                    "H": 1,
                    "F": 1,
                    "P": 1,
                    "M": 1,
                    "N": 16
                },
                "reg_file": {
                    "B": 1,
                    "H": 1,
                    "F": 1,
                    "P": 1,
                    "M": 1,
                    "N": 1
                }
            }
        }
    }
}