{
    "latency": 6007.2,
    "energy": 2.041726198016071e+16,
    "energy_rsts": {
        "DRAM": 6037370244484301.0,
        "L3": 4690142357714200.0,
        "reg_file": 26994902462103.55,
        "PE": 9662754475500110.0,
        "total": 2.041726198016071e+16
    },
    "tl_rsts": {
        "UQK": {
            "tl_rst": {
                "comp_latency": 1169.693221038298,
                "mem_latency": 2457.6,
                "traffic": 79164837199872,
                "energy": 15387674026818.14,
                "traffic_energy": 6638618770533606.0,
                "traffic_energy_foreach": {
                    "DRAM": 2469942920636006.5,
                    "L3": 4155213006816428.5,
                    "reg_file": 13462843081170.617,
                    "traffic": {
                        "DRAM": {
                            "read": 8796093022208.0,
                            "write": 1099511627776.0,
                            "update": 0,
                            "leak": 0
                        },
                        "L3": {
                            "read": 137438953472.0,
                            "write": 154618822656.0,
                            "update": 0,
                            "leak": 0
                        },
                        "reg_file_2d": {
                            "read": 3281355014144.0,
                            "write": 3298534883328.0,
                            "update": 0,
                            "leak": 0
                        },
                        "reg_file_1d": {
                            "read": 0,
                            "write": 0,
                            "update": 0,
                            "leak": 0
                        }
                    }
                },
                "mac_instances": 256,
                "mac_utilized_instances": 256
            },
            "factors": {
                "DRAM": {
                    "B": 64,
                    "H": 16,
                    "M": 4096,
                    "N": 1,
                    "P": 4096,
                    "E": 64
                },
                "L3": {
                    "B": 1,
                    "H": 1,
                    "M": 1,
                    "N": 1,
                    "P": 1,
                    "E": 1
                },
                "PE": {
                    "B": 1,
                    "H": 1,
                    "M": 1,
                    "N": 1,
                    "P": 16,
                    "E": 1
                },
                "PE_col": {
                    "B": 1,
                    "H": 1,
                    "M": 1,
                    "N": 16,
                    "P": 1,
                    "E": 1
                },
                "reg_file": {
                    "B": 1,
                    "H": 1,
                    "M": 1,
                    "N": 1,
                    "P": 1,
                    "E": 1
                }
            }
        },
        "UAV": {
            "tl_rst": {
                "comp_latency": 1169.693221038298,
                "mem_latency": 3549.6,
                "traffic": 114340619354112,
                "energy": 15387674026818.14,
                "traffic_energy": 9033097913195698.0,
                "traffic_energy_foreach": {
                    "DRAM": 3567427323848294.5,
                    "L3": 5452138529966472.0,
                    "reg_file": 13532059380932.936,
                    "traffic": {
                        "DRAM": {
                            "read": 9894530908160.0,
                            "write": 4398046511104.0,
                            "update": 0,
                            "leak": 0
                        },
                        "L3": {
                            "read": 154602045440.0,
                            "write": 223321522176.0,
                            "update": 0,
                            "leak": 0
                        },
                        "reg_file_2d": {
                            "read": 3298266447872.0,
                            "write": 3315446317056.0,
                            "update": 0,
                            "leak": 0
                        },
                        "reg_file_1d": {
                            "read": 0,
                            "write": 0,
                            "update": 0,
                            "leak": 0
                        }
                    }
                },
                "mac_instances": 256,
                "mac_utilized_instances": 256
            },
            "factors": {
                "DRAM": {
                    "B": 64,
                    "H": 16,
                    "F": 64,
                    "P": 4096,
                    "M": 4096,
                    "N": 1
                },
                "L3": {
                    "B": 1,
                    "H": 1,
                    "F": 1,
                    "P": 1,
                    "M": 1,
                    "N": 1
                },
                "PE": {
                    "B": 1,
                    "H": 1,
                    "F": 1,
                    "P": 16,
                    "M": 1,
                    "N": 1
                },
                "PE_col": {
                    "B": 1,
                    "H": 1,
                    "F": 1,
                    "P": 1,
                    "M": 1,
                    "N": 16
                },
                "reg_file": {
                    "B": 1,
                    "H": 1,
                    "F": 1,
                    "P": 1,
                    "M": 1,
                    "N": 1
                }
            }
        }
    }
}