{
    "latency": 5872008.533333333,
    "energy": 2.043653346936724e+19,
    "energy_rsts": {
        "DRAM": 5.901499799324904e+18,
        "L3": 4.612726719009671e+18,
        "reg_file": 2.764636812055224e+16,
        "PE": 9.894660582912113e+18,
        "total": 2.043653346936724e+19
    },
    "tl_rsts": {
        "UQK": {
            "tl_rst": {
                "comp_latency": 1197765.858343217,
                "mem_latency": 2376772.2666666666,
                "traffic": 76561193665298432,
                "energy": 1.5756978203461778e+16,
                "traffic_energy": 6.518901267495519e+18,
                "traffic_energy_foreach": {
                    "DRAM": 2.388709242357311e+18,
                    "L3": 4.1163868065530696e+18,
                    "reg_file": 1.3805218585137812e+16,
                    "traffic": {
                        "DRAM": {
                            "read": 9007199254740992.0,
                            "write": 562949953421312.0,
                            "update": 0,
                            "leak": 0
                        },
                        "L3": {
                            "read": 140737488355328.03,
                            "write": 149533581377536.0,
                            "update": 0,
                            "leak": 0
                        },
                        "reg_file_2d": {
                            "read": 3368903627505664.0,
                            "write": 3377699720527872.0,
                            "update": 0,
                            "leak": 0
                        },
                        "reg_file_1d": {
                            "read": 0,
                            "write": 0,
                            "update": 0,
                            "leak": 0
                        }
                    }
                },
                "mac_instances": 256,
                "mac_utilized_instances": 256
            },
            "factors": {
                "DRAM": {
                    "B": 64,
                    "H": 32,
                    "M": 65536,
                    "N": 1,
                    "P": 65536,
                    "E": 128
                },
                "L3": {
                    "B": 1,
                    "H": 1,
                    "M": 1,
                    "N": 1,
                    "P": 1,
                    "E": 1
                },
                "PE": {
                    "B": 1,
                    "H": 1,
                    "M": 1,
                    "N": 1,
                    "P": 16,
                    "E": 1
                },
                "PE_col": {
                    "B": 1,
                    "H": 1,
                    "M": 1,
                    "N": 16,
                    "P": 1,
                    "E": 1
                },
                "reg_file": {
                    "B": 1,
                    "H": 1,
                    "M": 1,
                    "N": 1,
                    "P": 1,
                    "E": 1
                }
            }
        },
        "UAV": {
            "tl_rst": {
                "comp_latency": 1197765.858343217,
                "mem_latency": 3495236.2666666666,
                "traffic": 112589440928448512,
                "energy": 1.5756978203461778e+16,
                "traffic_energy": 8.861462069951271e+18,
                "traffic_energy_foreach": {
                    "DRAM": 3.5127905569675935e+18,
                    "L3": 5.334830363448263e+18,
                    "reg_file": 1.3841149535414432e+16,
                    "traffic": {
                        "DRAM": {
                            "read": 9570080488685568.0,
                            "write": 4503599627370496.0,
                            "update": 0,
                            "leak": 0
                        },
                        "L3": {
                            "read": 149532507635712.03,
                            "write": 219901251813376.03,
                            "update": 0,
                            "leak": 0
                        },
                        "reg_file_2d": {
                            "read": 3377682540658688.0,
                            "write": 3386478633680897.0,
                            "update": 0,
                            "leak": 0
                        },
                        "reg_file_1d": {
                            "read": 0,
                            "write": 0,
                            "update": 0,
                            "leak": 0
                        }
                    }
                },
                "mac_instances": 256,
                "mac_utilized_instances": 256
            },
            "factors": {
                "DRAM": {
                    "B": 64,
                    "H": 32,
                    "F": 128,
                    "P": 65536,
                    "M": 65536,
                    "N": 1
                },
                "L3": {
                    "B": 1,
                    "H": 1,
                    "F": 1,
                    "P": 1,
                    "M": 1,
                    "N": 1
                },
                "PE": {
                    "B": 1,
                    "H": 1,
                    "F": 1,
                    "P": 16,
                    "M": 1,
                    "N": 1
                },
                "PE_col": {
                    "B": 1,
                    "H": 1,
                    "F": 1,
                    "P": 1,
                    "M": 1,
                    "N": 16
                },
                "reg_file": {
                    "B": 1,
                    "H": 1,
                    "F": 1,
                    "P": 1,
                    "M": 1,
                    "N": 1
                }
            }
        }
    }
}