{
    "latency": 89.53333333333333,
    "energy": 311712328699172.9,
    "energy_rsts": {
        "DRAM": 89983000825036.8,
        "L3": 70327212689886.016,
        "reg_file": 421576504560.84485,
        "PE": 150980538679689.22,
        "total": 311712328699172.9
    },
    "tl_rsts": {
        "UQK": {
            "tl_rst": {
                "comp_latency": 18.276456578723405,
                "mem_latency": 36.266666666666666,
                "traffic": 1168231104512,
                "energy": 240432406669.03,
                "traffic_energy": 99470539359978.0,
                "traffic_energy_foreach": {
                    "DRAM": 36448810460774.4,
                    "L3": 62811077980851.27,
                    "reg_file": 210650918352.32257,
                    "traffic": {
                        "DRAM": {
                            "read": 137438953472.0,
                            "write": 8589934592.0,
                            "update": 0,
                            "leak": 0
                        },
                        "L3": {
                            "read": 2147483648.0,
                            "write": 2281701376.0,
                            "update": 0,
                            "leak": 0
                        },
                        "reg_file_2d": {
                            "read": 51405389824.0,
                            "write": 51539607552.0,
                            "update": 0,
                            "leak": 0
                        },
                        "reg_file_1d": {
                            "read": 0,
                            "write": 0,
                            "update": 0,
                            "leak": 0
                        }
                    }
                },
                "mac_instances": 256,
                "mac_utilized_instances": 256
            },
            "factors": {
                "DRAM": {
                    "B": 64,
                    "H": 32,
                    "M": 256,
                    "N": 1,
                    "P": 256,
                    "E": 128
                },
                "L3": {
                    "B": 1,
                    "H": 1,
                    "M": 1,
                    "N": 1,
                    "P": 1,
                    "E": 1
                },
                "PE": {
                    "B": 1,
                    "H": 1,
                    "M": 1,
                    "N": 1,
                    "P": 16,
                    "E": 1
                },
                "PE_col": {
                    "B": 1,
                    "H": 1,
                    "M": 1,
                    "N": 16,
                    "P": 1,
                    "E": 1
                },
                "reg_file": {
                    "B": 1,
                    "H": 1,
                    "M": 1,
                    "N": 1,
                    "P": 1,
                    "E": 1
                }
            }
        },
        "UAV": {
            "tl_rst": {
                "comp_latency": 18.276456578723405,
                "mem_latency": 53.266666666666666,
                "traffic": 1715839434752,
                "energy": 240432406669.03,
                "traffic_energy": 135030081495746.2,
                "traffic_energy_foreach": {
                    "DRAM": 53534190364262.4,
                    "L3": 81284965545275.3,
                    "reg_file": 210925586208.52225,
                    "traffic": {
                        "DRAM": {
                            "read": 145760452608.0,
                            "write": 68719476736.0,
                            "update": 0,
                            "leak": 0
                        },
                        "L3": {
                            "read": 2277507072.0,
                            "write": 3351248896.0,
                            "update": 0,
                            "leak": 0
                        },
                        "reg_file_2d": {
                            "read": 51472498688.0,
                            "write": 51606716416.0,
                            "update": 0,
                            "leak": 0
                        },
                        "reg_file_1d": {
                            "read": 0,
                            "write": 0,
                            "update": 0,
                            "leak": 0
                        }
                    }
                },
                "mac_instances": 256,
                "mac_utilized_instances": 256
            },
            "factors": {
                "DRAM": {
                    "B": 64,
                    "H": 32,
                    "F": 128,
                    "P": 256,
                    "M": 256,
                    "N": 1
                },
                "L3": {
                    "B": 1,
                    "H": 1,
                    "F": 1,
                    "P": 1,
                    "M": 1,
                    "N": 1
                },
                "PE": {
                    "B": 1,
                    "H": 1,
                    "F": 1,
                    "P": 16,
                    "M": 1,
                    "N": 1
                },
                "PE_col": {
                    "B": 1,
                    "H": 1,
                    "F": 1,
                    "P": 1,
                    "M": 1,
                    "N": 16
                },
                "reg_file": {
                    "B": 1,
                    "H": 1,
                    "F": 1,
                    "P": 1,
                    "M": 1,
                    "N": 1
                }
            }
        }
    }
}