{
    "latency": 4505.4,
    "energy": 1.5312946485120536e+16,
    "energy_rsts": {
        "DRAM": 4528027683363226.0,
        "L3": 3517606768285650.5,
        "reg_file": 20246176846577.664,
        "PE": 7247065856625082.0,
        "total": 1.5312946485120536e+16
    },
    "tl_rsts": {
        "UQK": {
            "tl_rst": {
                "comp_latency": 877.2699157787234,
                "mem_latency": 1843.2,
                "traffic": 59373627899904,
                "energy": 11540755520113.61,
                "traffic_energy": 4978964077900204.0,
                "traffic_energy_foreach": {
                    "DRAM": 1852457190477004.8,
                    "L3": 3116409755112321.0,
                    "reg_file": 10097132310877.96,
                    "traffic": {
                        "DRAM": {
                            "read": 6597069766656.0,
                            "write": 824633720832.0,
                            "update": 0,
                            "leak": 0
                        },
                        "L3": {
                            "read": 103079215104.0,
                            "write": 115964116992.0,
                            "update": 0,
                            "leak": 0
                        },
                        "reg_file_2d": {
                            "read": 2461016260608.0,
                            "write": 2473901162496.0,
                            "update": 0,
                            "leak": 0
                        },
                        "reg_file_1d": {
                            "read": 0,
                            "write": 0,
                            "update": 0,
                            "leak": 0
                        }
                    }
                },
                "mac_instances": 256,
                "mac_utilized_instances": 256
            },
            "factors": {
                "DRAM": {
                    "B": 64,
                    "H": 12,
                    "M": 4096,
                    "N": 1,
                    "P": 4096,
                    "E": 64
                },
                "L3": {
                    "B": 1,
                    "H": 1,
                    "M": 1,
                    "N": 1,
                    "P": 1,
                    "E": 1
                },
                "PE": {
                    "B": 1,
                    "H": 1,
                    "M": 1,
                    "N": 1,
                    "P": 16,
                    "E": 1
                },
                "PE_col": {
                    "B": 1,
                    "H": 1,
                    "M": 1,
                    "N": 16,
                    "P": 1,
                    "E": 1
                },
                "reg_file": {
                    "B": 1,
                    "H": 1,
                    "M": 1,
                    "N": 1,
                    "P": 1,
                    "E": 1
                }
            }
        },
        "UAV": {
            "tl_rst": {
                "comp_latency": 877.2699157787234,
                "mem_latency": 2662.2,
                "traffic": 85755464515584,
                "energy": 11540755520113.61,
                "traffic_energy": 6774823434896775.0,
                "traffic_energy_foreach": {
                    "DRAM": 2675570492886221.0,
                    "L3": 4089103897474854.0,
                    "reg_file": 10149044535699.703,
                    "traffic": {
                        "DRAM": {
                            "read": 7420898181120.0,
                            "write": 3298534883328.0,
                            "update": 0,
                            "leak": 0
                        },
                        "L3": {
                            "read": 115951534080.0,
                            "write": 167491141632.0,
                            "update": 0,
                            "leak": 0
                        },
                        "reg_file_2d": {
                            "read": 2473699835904.0,
                            "write": 2486584737792.0,
                            "update": 0,
                            "leak": 0
                        },
                        "reg_file_1d": {
                            "read": 0,
                            "write": 0,
                            "update": 0,
                            "leak": 0
                        }
                    }
                },
                "mac_instances": 256,
                "mac_utilized_instances": 256
            },
            "factors": {
                "DRAM": {
                    "B": 64,
                    "H": 12,
                    "F": 64,
                    "P": 4096,
                    "M": 4096,
                    "N": 1
                },
                "L3": {
                    "B": 1,
                    "H": 1,
                    "F": 1,
                    "P": 1,
                    "M": 1,
                    "N": 1
                },
                "PE": {
                    "B": 1,
                    "H": 1,
                    "F": 1,
                    "P": 16,
                    "M": 1,
                    "N": 1
                },
                "PE_col": {
                    "B": 1,
                    "H": 1,
                    "F": 1,
                    "P": 1,
                    "M": 1,
                    "N": 16
                },
                "reg_file": {
                    "B": 1,
                    "H": 1,
                    "F": 1,
                    "P": 1,
                    "M": 1,
                    "N": 1
                }
            }
        }
    }
}