{
    "latency": 17.5875,
    "energy": 59794239911274.484,
    "energy_rsts": {
        "DRAM": 17675830532505.6,
        "L3": 13730520029479.305,
        "reg_file": 79038346847.8464,
        "PE": 28308851002441.727,
        "total": 59794239911274.484
    },
    "tl_rsts": {
        "UQK": {
            "tl_rst": {
                "comp_latency": 3.4268356085106384,
                "mem_latency": 7.2,
                "traffic": 231928233984,
                "energy": 45081076250.44,
                "traffic_energy": 19449078429297.67,
                "traffic_energy_foreach": {
                    "DRAM": 7236160900300.8,
                    "L3": 12173475605907.504,
                    "reg_file": 39441923089.367035,
                    "traffic": {
                        "DRAM": {
                            "read": 25769803776.0,
                            "write": 3221225472.0,
                            "update": 0,
                            "leak": 0
                        },
                        "L3": {
                            "read": 402653184.0,
                            "write": 452984832.0,
                            "update": 0,
                            "leak": 0
                        },
                        "reg_file_2d": {
                            "read": 9613344768.0,
                            "write": 9663676416.0,
                            "update": 0,
                            "leak": 0
                        },
                        "reg_file_1d": {
                            "read": 0,
                            "write": 0,
                            "update": 0,
                            "leak": 0
                        }
                    }
                },
                "mac_instances": 256,
                "mac_utilized_instances": 256
            },
            "factors": {
                "DRAM": {
                    "B": 64,
                    "H": 12,
                    "M": 256,
                    "N": 1,
                    "P": 256,
                    "E": 64
                },
                "L3": {
                    "B": 1,
                    "H": 1,
                    "M": 1,
                    "N": 1,
                    "P": 1,
                    "E": 1
                },
                "PE": {
                    "B": 1,
                    "H": 1,
                    "M": 1,
                    "N": 1,
                    "P": 16,
                    "E": 1
                },
                "PE_col": {
                    "B": 1,
                    "H": 1,
                    "M": 1,
                    "N": 16,
                    "P": 1,
                    "E": 1
                },
                "reg_file": {
                    "B": 1,
                    "H": 1,
                    "M": 1,
                    "N": 1,
                    "P": 1,
                    "E": 1
                }
            }
        },
        "UAV": {
            "tl_rst": {
                "comp_latency": 3.4268356085106384,
                "mem_latency": 10.3875,
                "traffic": 334604795904,
                "energy": 45081076250.44,
                "traffic_energy": 26431489510509.38,
                "traffic_energy_foreach": {
                    "DRAM": 10439669632204.8,
                    "L3": 15952223454546.1,
                    "reg_file": 39596423758.479355,
                    "traffic": {
                        "DRAM": {
                            "read": 28940697600.0,
                            "write": 12884901888.0,
                            "update": 0,
                            "leak": 0
                        },
                        "L3": {
                            "read": 452198400.0,
                            "write": 653524992.0,
                            "update": 0,
                            "leak": 0
                        },
                        "reg_file_2d": {
                            "read": 9651093504.0,
                            "write": 9701425152.0,
                            "update": 0,
                            "leak": 0
                        },
                        "reg_file_1d": {
                            "read": 0,
                            "write": 0,
                            "update": 0,
                            "leak": 0
                        }
                    }
                },
                "mac_instances": 256,
                "mac_utilized_instances": 256
            },
            "factors": {
                "DRAM": {
                    "B": 64,
                    "H": 12,
                    "F": 64,
                    "P": 256,
                    "M": 256,
                    "N": 1
                },
                "L3": {
                    "B": 1,
                    "H": 1,
                    "F": 1,
                    "P": 1,
                    "M": 1,
                    "N": 1
                },
                "PE": {
                    "B": 1,
                    "H": 1,
                    "F": 1,
                    "P": 16,
                    "M": 1,
                    "N": 1
                },
                "PE_col": {
                    "B": 1,
                    "H": 1,
                    "F": 1,
                    "P": 1,
                    "M": 1,
                    "N": 16
                },
                "reg_file": {
                    "B": 1,
                    "H": 1,
                    "F": 1,
                    "P": 1,
                    "M": 1,
                    "N": 1
                }
            }
        }
    }
}