{
    "latency": 0.73125,
    "energy": 2488499023472.755,
    "energy_rsts": {
        "DRAM": 734922591436.7999,
        "L3": 570754146676.7688,
        "reg_file": 3286826924.11392,
        "PE": 1179535458435.072,
        "total": 2488499023472.755
    },
    "tl_rsts": {
        "UQK": {
            "tl_rst": {
                "comp_latency": 0.1427848170212766,
                "mem_latency": 0.3,
                "traffic": 9663676416,
                "energy": 1878378177.1,
                "traffic_energy": 810378267887.4031,
                "traffic_energy_foreach": {
                    "DRAM": 301506704179.2,
                    "L3": 507228150246.14606,
                    "reg_file": 1643413462.05696,
                    "traffic": {
                        "DRAM": {
                            "read": 1073741824.0,
                            "write": 134217728.0,
                            "update": 0,
                            "leak": 0
                        },
                        "L3": {
                            "read": 16777216.0,
                            "write": 18874368.0,
                            "update": 0,
                            "leak": 0
                        },
                        "reg_file_2d": {
                            "read": 400556032.0,
                            "write": 402653184.0,
                            "update": 0,
                            "leak": 0
                        },
                        "reg_file_1d": {
                            "read": 0,
                            "write": 0,
                            "update": 0,
                            "leak": 0
                        }
                    }
                },
                "mac_instances": 256,
                "mac_utilized_instances": 256
            },
            "factors": {
                "DRAM": {
                    "B": 64,
                    "H": 8,
                    "M": 64,
                    "N": 1,
                    "P": 64,
                    "E": 64
                },
                "L3": {
                    "B": 1,
                    "H": 1,
                    "M": 1,
                    "N": 1,
                    "P": 1,
                    "E": 1
                },
                "PE": {
                    "B": 1,
                    "H": 1,
                    "M": 1,
                    "N": 1,
                    "P": 16,
                    "E": 1
                },
                "PE_col": {
                    "B": 1,
                    "H": 1,
                    "M": 1,
                    "N": 16,
                    "P": 1,
                    "E": 1
                },
                "reg_file": {
                    "B": 1,
                    "H": 1,
                    "M": 1,
                    "N": 1,
                    "P": 1,
                    "E": 1
                }
            }
        },
        "UAV": {
            "tl_rst": {
                "comp_latency": 0.1427848170212766,
                "mem_latency": 0.43125,
                "traffic": 13891534848,
                "energy": 1878378177.1,
                "traffic_energy": 1096956791997.0713,
                "traffic_energy_foreach": {
                    "DRAM": 433415887257.6,
                    "L3": 661897491277.4143,
                    "reg_file": 1643413462.05696,
                    "traffic": {
                        "DRAM": {
                            "read": 1199570944.0,
                            "write": 536870912.0,
                            "update": 0,
                            "leak": 0
                        },
                        "L3": {
                            "read": 18743296.0,
                            "write": 27131904.0,
                            "update": 0,
                            "leak": 0
                        },
                        "reg_file_2d": {
                            "read": 400556032.0,
                            "write": 402653184.0,
                            "update": 0,
                            "leak": 0
                        },
                        "reg_file_1d": {
                            "read": 0,
                            "write": 0,
                            "update": 0,
                            "leak": 0
                        }
                    }
                },
                "mac_instances": 256,
                "mac_utilized_instances": 256
            },
            "factors": {
                "DRAM": {
                    "B": 64,
                    "H": 8,
                    "F": 64,
                    "P": 64,
                    "M": 64,
                    "N": 1
                },
                "L3": {
                    "B": 1,
                    "H": 1,
                    "F": 1,
                    "P": 1,
                    "M": 1,
                    "N": 1
                },
                "PE": {
                    "B": 1,
                    "H": 1,
                    "F": 1,
                    "P": 16,
                    "M": 1,
                    "N": 1
                },
                "PE_col": {
                    "B": 1,
                    "H": 1,
                    "F": 1,
                    "P": 1,
                    "M": 1,
                    "N": 16
                },
                "reg_file": {
                    "B": 1,
                    "H": 1,
                    "F": 1,
                    "P": 1,
                    "M": 1,
                    "N": 1
                }
            }
        }
    }
}