{
    "latency": 1.4625,
    "energy": 4976998046945.51,
    "energy_rsts": {
        "DRAM": 1469845182873.5999,
        "L3": 1141508293353.5376,
        "reg_file": 6573653848.22784,
        "PE": 2359070916870.144,
        "total": 4976998046945.51
    },
    "tl_rsts": {
        "UQK": {
            "tl_rst": {
                "comp_latency": 0.2855696340425532,
                "mem_latency": 0.6,
                "traffic": 19327352832,
                "energy": 3756756354.2,
                "traffic_energy": 1620756535774.8062,
                "traffic_energy_foreach": {
                    "DRAM": 603013408358.4,
                    "L3": 1014456300492.2921,
                    "reg_file": 3286826924.11392,
                    "traffic": {
                        "DRAM": {
                            "read": 2147483648.0,
                            "write": 268435456.0,
                            "update": 0,
                            "leak": 0
                        },
                        "L3": {
                            "read": 33554432.0,
                            "write": 37748736.0,
                            "update": 0,
                            "leak": 0
                        },
                        "reg_file_2d": {
                            "read": 801112064.0,
                            "write": 805306368.0,
                            "update": 0,
                            "leak": 0
                        },
                        "reg_file_1d": {
                            "read": 0,
                            "write": 0,
                            "update": 0,
                            "leak": 0
                        }
                    }
                },
                "mac_instances": 256,
                "mac_utilized_instances": 256
            },
            "factors": {
                "DRAM": {
                    "B": 64,
                    "H": 16,
                    "M": 64,
                    "N": 1,
                    "P": 64,
                    "E": 64
                },
                "L3": {
                    "B": 1,
                    "H": 1,
                    "M": 1,
                    "N": 1,
                    "P": 1,
                    "E": 1
                },
                "PE": {
                    "B": 1,
                    "H": 1,
                    "M": 1,
                    "N": 1,
                    "P": 16,
                    "E": 1
                },
                "PE_col": {
                    "B": 1,
                    "H": 1,
                    "M": 1,
                    "N": 16,
                    "P": 1,
                    "E": 1
                },
                "reg_file": {
                    "B": 1,
                    "H": 1,
                    "M": 1,
                    "N": 1,
                    "P": 1,
                    "E": 1
                }
            }
        },
        "UAV": {
            "tl_rst": {
                "comp_latency": 0.2855696340425532,
                "mem_latency": 0.8625,
                "traffic": 27783069696,
                "energy": 3756756354.2,
                "traffic_energy": 2193913583994.1426,
                "traffic_energy_foreach": {
                    "DRAM": 866831774515.2,
                    "L3": 1323794982554.8286,
                    "reg_file": 3286826924.11392,
                    "traffic": {
                        "DRAM": {
                            "read": 2399141888.0,
                            "write": 1073741824.0,
                            "update": 0,
                            "leak": 0
                        },
                        "L3": {
                            "read": 37486592.0,
                            "write": 54263808.0,
                            "update": 0,
                            "leak": 0
                        },
                        "reg_file_2d": {
                            "read": 801112064.0,
                            "write": 805306368.0,
                            "update": 0,
                            "leak": 0
                        },
                        "reg_file_1d": {
                            "read": 0,
                            "write": 0,
                            "update": 0,
                            "leak": 0
                        }
                    }
                },
                "mac_instances": 256,
                "mac_utilized_instances": 256
            },
            "factors": {
                "DRAM": {
                    "B": 64,
                    "H": 16,
                    "F": 64,
                    "P": 64,
                    "M": 64,
                    "N": 1
                },
                "L3": {
                    "B": 1,
                    "H": 1,
                    "F": 1,
                    "P": 1,
                    "M": 1,
                    "N": 1
                },
                "PE": {
                    "B": 1,
                    "H": 1,
                    "F": 1,
                    "P": 16,
                    "M": 1,
                    "N": 1
                },
                "PE_col": {
                    "B": 1,
                    "H": 1,
                    "F": 1,
                    "P": 1,
                    "M": 1,
                    "N": 16
                },
                "reg_file": {
                    "B": 1,
                    "H": 1,
                    "F": 1,
                    "P": 1,
                    "M": 1,
                    "N": 1
                }
            }
        }
    }
}