{
    "latency": 5.583333333333334,
    "energy": 19458599427722.18,
    "energy_rsts": {
        "DRAM": 5611374772224.0,
        "L3": 4384643956705.591,
        "reg_file": 26297031312.015358,
        "PE": 9436283667480.576,
        "total": 19458599427722.18
    },
    "tl_rsts": {
        "UQK": {
            "tl_rst": {
                "comp_latency": 1.1422785361702128,
                "mem_latency": 2.2666666666666666,
                "traffic": 73014444032,
                "energy": 15027025416.81,
                "traffic_energy": 6216908709998.625,
                "traffic_energy_foreach": {
                    "DRAM": 2278050653798.4,
                    "L3": 3925692373803.2046,
                    "reg_file": 13165682397.02016,
                    "traffic": {
                        "DRAM": {
                            "read": 8589934592.0,
                            "write": 536870912.0,
                            "update": 0,
                            "leak": 0
                        },
                        "L3": {
                            "read": 134217728.0,
                            "write": 142606336.0,
                            "update": 0,
                            "leak": 0
                        },
                        "reg_file_2d": {
                            "read": 3212836864.0,
                            "write": 3221225472.0,
                            "update": 0,
                            "leak": 0
                        },
                        "reg_file_1d": {
                            "read": 0,
                            "write": 0,
                            "update": 0,
                            "leak": 0
                        }
                    }
                },
                "mac_instances": 256,
                "mac_utilized_instances": 256
            },
            "factors": {
                "DRAM": {
                    "B": 64,
                    "H": 32,
                    "M": 64,
                    "N": 1,
                    "P": 64,
                    "E": 128
                },
                "L3": {
                    "B": 1,
                    "H": 1,
                    "M": 1,
                    "N": 1,
                    "P": 1,
                    "E": 1
                },
                "PE": {
                    "B": 1,
                    "H": 1,
                    "M": 1,
                    "N": 1,
                    "P": 16,
                    "E": 1
                },
                "PE_col": {
                    "B": 1,
                    "H": 1,
                    "M": 1,
                    "N": 16,
                    "P": 1,
                    "E": 1
                },
                "reg_file": {
                    "B": 1,
                    "H": 1,
                    "M": 1,
                    "N": 1,
                    "P": 1,
                    "E": 1
                }
            }
        },
        "UAV": {
            "tl_rst": {
                "comp_latency": 1.1422785361702128,
                "mem_latency": 3.316666666666667,
                "traffic": 106837311488,
                "energy": 15027025416.81,
                "traffic_energy": 8404537925957.583,
                "traffic_energy_foreach": {
                    "DRAM": 3333324118425.6,
                    "L3": 5058082458616.988,
                    "reg_file": 13131348914.995201,
                    "traffic": {
                        "DRAM": {
                            "read": 9059696640.0,
                            "write": 4294967296.0,
                            "update": 0,
                            "leak": 0
                        },
                        "L3": {
                            "read": 141557760.0,
                            "write": 208666624.0,
                            "update": 0,
                            "leak": 0
                        },
                        "reg_file_2d": {
                            "read": 3204448256.0,
                            "write": 3212836864.0,
                            "update": 0,
                            "leak": 0
                        },
                        "reg_file_1d": {
                            "read": 0,
                            "write": 0,
                            "update": 0,
                            "leak": 0
                        }
                    }
                },
                "mac_instances": 256,
                "mac_utilized_instances": 256
            },
            "factors": {
                "DRAM": {
                    "B": 64,
                    "H": 32,
                    "F": 128,
                    "P": 64,
                    "M": 64,
                    "N": 1
                },
                "L3": {
                    "B": 1,
                    "H": 1,
                    "F": 1,
                    "P": 1,
                    "M": 1,
                    "N": 1
                },
                "PE": {
                    "B": 1,
                    "H": 1,
                    "F": 1,
                    "P": 16,
                    "M": 1,
                    "N": 1
                },
                "PE_col": {
                    "B": 1,
                    "H": 1,
                    "F": 1,
                    "P": 1,
                    "M": 1,
                    "N": 16
                },
                "reg_file": {
                    "B": 1,
                    "H": 1,
                    "F": 1,
                    "P": 1,
                    "M": 1,
                    "N": 1
                }
            }
        }
    }
}