{
    "latency": 183498.6666666667,
    "energy": 6.386386730148813e+17,
    "energy_rsts": {
        "DRAM": 1.8442026069314765e+17,
        "L3": 1.4414632669399146e+17,
        "reg_file": 863942411738708.8,
        "PE": 3.092081432160035e+17,
        "total": 6.386386730148813e+17
    },
    "tl_rsts": {
        "UQK": {
            "tl_rst": {
                "comp_latency": 37430.18307322553,
                "mem_latency": 74274.13333333333,
                "traffic": 2392537302040576,
                "energy": 492405568858180.56,
                "traffic_energy": 2.0371566460923494e+17,
                "traffic_energy_foreach": {
                    "DRAM": 7.464716382366597e+16,
                    "L3": 1.2863708770478341e+17,
                    "reg_file": 431413080785556.6,
                    "traffic": {
                        "DRAM": {
                            "read": 281474976710656.0,
                            "write": 17592186044416.0,
                            "update": 0,
                            "leak": 0
                        },
                        "L3": {
                            "read": 4398046511104.0,
                            "write": 4672924418048.0,
                            "update": 0,
                            "leak": 0
                        },
                        "reg_file_2d": {
                            "read": 105278238359552.0,
                            "write": 105553116266496.0,
                            "update": 0,
                            "leak": 0
                        },
                        "reg_file_1d": {
                            "read": 0,
                            "write": 0,
                            "update": 0,
                            "leak": 0
                        }
                    }
                },
                "mac_instances": 256,
                "mac_utilized_instances": 256
            },
            "factors": {
                "DRAM": {
                    "B": 64,
                    "H": 16,
                    "M": 16384,
                    "N": 1,
                    "P": 16384,
                    "E": 128
                },
                "L3": {
                    "B": 1,
                    "H": 1,
                    "M": 1,
                    "N": 1,
                    "P": 1,
                    "E": 1
                },
                "PE": {
                    "B": 1,
                    "H": 1,
                    "M": 1,
                    "N": 1,
                    "P": 16,
                    "E": 1
                },
                "PE_col": {
                    "B": 1,
                    "H": 1,
                    "M": 1,
                    "N": 16,
                    "P": 1,
                    "E": 1
                },
                "reg_file": {
                    "B": 1,
                    "H": 1,
                    "M": 1,
                    "N": 1,
                    "P": 1,
                    "E": 1
                }
            }
        },
        "UAV": {
            "tl_rst": {
                "comp_latency": 37430.18307322553,
                "mem_latency": 109224.53333333334,
                "traffic": 3518368489406464,
                "energy": 492405568858180.56,
                "traffic_energy": 2.7691622988853376e+17,
                "traffic_energy_foreach": {
                    "DRAM": 1.0977309686948168e+17,
                    "L3": 1.6671060368809894e+17,
                    "reg_file": 432529330953152.1,
                    "traffic": {
                        "DRAM": {
                            "read": 299058572820480.0,
                            "write": 140737488355328.0,
                            "update": 0,
                            "leak": 0
                        },
                        "L3": {
                            "read": 4672790200320.0,
                            "write": 6871813455872.0,
                            "update": 0,
                            "leak": 0
                        },
                        "reg_file_2d": {
                            "read": 105550968782848.0,
                            "write": 105825846689792.0,
                            "update": 0,
                            "leak": 0
                        },
                        "reg_file_1d": {
                            "read": 0,
                            "write": 0,
                            "update": 0,
                            "leak": 0
                        }
                    }
                },
                "mac_instances": 256,
                "mac_utilized_instances": 256
            },
            "factors": {
                "DRAM": {
                    "B": 64,
                    "H": 16,
                    "F": 128,
                    "P": 16384,
                    "M": 16384,
                    "N": 1
                },
                "L3": {
                    "B": 1,
                    "H": 1,
                    "F": 1,
                    "P": 1,
                    "M": 1,
                    "N": 1
                },
                "PE": {
                    "B": 1,
                    "H": 1,
                    "F": 1,
                    "P": 16,
                    "M": 1,
                    "N": 1
                },
                "PE_col": {
                    "B": 1,
                    "H": 1,
                    "F": 1,
                    "P": 1,
                    "M": 1,
                    "N": 16
                },
                "reg_file": {
                    "B": 1,
                    "H": 1,
                    "F": 1,
                    "P": 1,
                    "M": 1,
                    "N": 1
                }
            }
        }
    }
}