{
    "latency": 0.10712347234042555,
    "energy": 2818003922312.2,
    "energy_rsts": {
        "DRAM": 0.0,
        "L3": 2527146484685.832,
        "reg_file": 0.0,
        "PE": 290857437626.368,
        "total": 2818003922312.2
    },
    "tl_rsts": {
        "IAV": {
            "tl_rst": {
                "comp_latency": 0.017848102127659575,
                "mem_latency": 0.0,
                "traffic": 0,
                "energy": 234797272.14,
                "traffic_energy": 328859096969.1177,
                "traffic_energy_foreach": {
                    "DRAM": 0.0,
                    "L3": 328859096969.1177,
                    "reg_file": 0.0,
                    "traffic": {
                        "DRAM": {
                            "read": 0.0,
                            "write": 0.0,
                            "update": 0,
                            "leak": 0
                        },
                        "L3": {
                            "read": 33554432.0,
                            "write": 16777216.0,
                            "update": 0,
                            "leak": 0
                        },
                        "reg_file_2d": {
                            "read": 0,
                            "write": 0,
                            "update": 0,
                            "leak": 0
                        },
                        "reg_file_1d": {
                            "read": 0.0,
                            "write": 0.0,
                            "update": 0,
                            "leak": 0
                        }
                    }
                },
                "mac_instances": 256,
                "mac_utilized_instances": 256
            },
            "factors": {
                "DRAM": {
                    "B": 64,
                    "F": 1,
                    "H": 1,
                    "P": 64
                },
                "L3": {
                    "B": 1,
                    "F": 128,
                    "H": 32,
                    "P": 1
                },
                "PE": {
                    "B": 1,
                    "F": 1,
                    "H": 1,
                    "P": 256
                },
                "reg_file": {
                    "B": 1,
                    "F": 1,
                    "H": 1,
                    "P": 1
                }
            }
        },
        "SAV": {
            "tl_rst": {
                "comp_latency": 0.017848102127659575,
                "mem_latency": 0.0,
                "traffic": 0,
                "energy": 234797272.14,
                "traffic_energy": 98345536854.19623,
                "traffic_energy_foreach": {
                    "DRAM": 0.0,
                    "L3": 98345536854.19623,
                    "reg_file": 0.0,
                    "traffic": {
                        "DRAM": {
                            "read": 0.0,
                            "write": 0.0,
                            "update": 0,
                            "leak": 0
                        },
                        "L3": {
                            "read": 16777216.0,
                            "write": 4096.0,
                            "update": 0,
                            "leak": 0
                        },
                        "reg_file_2d": {
                            "read": 0,
                            "write": 0,
                            "update": 0,
                            "leak": 0
                        },
                        "reg_file_1d": {
                            "read": 0.0,
                            "write": 0.0,
                            "update": 0,
                            "leak": 0
                        }
                    }
                },
                "mac_instances": 256,
                "mac_utilized_instances": 256
            },
            "factors": {
                "DRAM": {
                    "B": 64,
                    "P": 64,
                    "F": 1,
                    "H": 1
                },
                "L3": {
                    "B": 1,
                    "P": 1,
                    "F": 128,
                    "H": 32
                },
                "PE": {
                    "B": 1,
                    "P": 256,
                    "F": 1,
                    "H": 1
                },
                "reg_file": {
                    "B": 1,
                    "P": 1,
                    "F": 1,
                    "H": 1
                }
            }
        },
        "MAV": {
            "tl_rst": {
                "comp_latency": 4.3574468085106384e-06,
                "mem_latency": 0.0,
                "traffic": 0,
                "energy": 57323.55,
                "traffic_energy": 56285606.313984,
                "traffic_energy_foreach": {
                    "DRAM": 0.0,
                    "L3": 56285606.313984,
                    "reg_file": 0.0,
                    "traffic": {
                        "DRAM": {
                            "read": 0.0,
                            "write": 0.0,
                            "update": 0,
                            "leak": 0
                        },
                        "L3": {
                            "read": 4096.0,
                            "write": 4096.0,
                            "update": 0,
                            "leak": 0
                        },
                        "reg_file_2d": {
                            "read": 0,
                            "write": 0,
                            "update": 0,
                            "leak": 0
                        },
                        "reg_file_1d": {
                            "read": 0.0,
                            "write": 0.0,
                            "update": 0,
                            "leak": 0
                        }
                    }
                },
                "mac_instances": 256,
                "mac_utilized_instances": 256
            },
            "factors": {
                "DRAM": {
                    "B": 64,
                    "P": 64
                },
                "L3": {
                    "B": 1,
                    "P": 1
                },
                "PE": {
                    "B": 1,
                    "P": 256
                },
                "reg_file": {
                    "B": 1,
                    "P": 1
                }
            }
        },
        "DAV": {
            "tl_rst": {
                "comp_latency": 0.017848102127659575,
                "mem_latency": 0.0,
                "traffic": 0,
                "energy": 234797272.14,
                "traffic_energy": 230569845721.23547,
                "traffic_energy_foreach": {
                    "DRAM": 0.0,
                    "L3": 230569845721.23547,
                    "reg_file": 0.0,
                    "traffic": {
                        "DRAM": {
                            "read": 0.0,
                            "write": 0.0,
                            "update": 0,
                            "leak": 0
                        },
                        "L3": {
                            "read": 16781312.0,
                            "write": 16777216.0,
                            "update": 0,
                            "leak": 0
                        },
                        "reg_file_2d": {
                            "read": 0,
                            "write": 0,
                            "update": 0,
                            "leak": 0
                        },
                        "reg_file_1d": {
                            "read": 0.0,
                            "write": 0.0,
                            "update": 0,
                            "leak": 0
                        }
                    }
                },
                "mac_instances": 256,