{
    "latency": 0.02011397446808511,
    "energy": 532637536287.65393,
    "energy_rsts": {
        "DRAM": 0.0,
        "L3": 477984777894.8219,
        "reg_file": 0.0,
        "PE": 54652758392.832,
        "total": 532637536287.65393
    },
    "tl_rsts": {
        "IAV": {
            "tl_rst": {
                "comp_latency": 0.0033465191489361703,
                "mem_latency": 0.0,
                "traffic": 0,
                "energy": 44024488.53,
                "traffic_energy": 61661080681.709564,
                "traffic_energy_foreach": {
                    "DRAM": 0.0,
                    "L3": 61661080681.709564,
                    "reg_file": 0.0,
                    "traffic": {
                        "DRAM": {
                            "read": 0.0,
                            "write": 0.0,
                            "update": 0,
                            "leak": 0
                        },
                        "L3": {
                            "read": 6291456.0,
                            "write": 3145728.0,
                            "update": 0,
                            "leak": 0
                        },
                        "reg_file_2d": {
                            "read": 0,
                            "write": 0,
                            "update": 0,
                            "leak": 0
                        },
                        "reg_file_1d": {
                            "read": 0.0,
                            "write": 0.0,
                            "update": 0,
                            "leak": 0
                        }
                    }
                },
                "mac_instances": 256,
                "mac_utilized_instances": 256
            },
            "factors": {
                "DRAM": {
                    "B": 64,
                    "F": 1,
                    "H": 1,
                    "P": 16
                },
                "L3": {
                    "B": 1,
                    "F": 64,
                    "H": 12,
                    "P": 4
                },
                "PE": {
                    "B": 1,
                    "F": 1,
                    "H": 1,
                    "P": 256
                },
                "reg_file": {
                    "B": 1,
                    "F": 1,
                    "H": 1,
                    "P": 1
                }
            }
        },
        "SAV": {
            "tl_rst": {
                "comp_latency": 0.0033465191489361703,
                "mem_latency": 0.0,
                "traffic": 0,
                "energy": 44024488.53,
                "traffic_energy": 19085160049.18067,
                "traffic_energy_foreach": {
                    "DRAM": 0.0,
                    "L3": 19085160049.18067,
                    "reg_file": 0.0,
                    "traffic": {
                        "DRAM": {
                            "read": 0.0,
                            "write": 0.0,
                            "update": 0,
                            "leak": 0
                        },
                        "L3": {
                            "read": 3190784.0,
                            "write": 49152.0,
                            "update": 0,
                            "leak": 0
                        },
                        "reg_file_2d": {
                            "read": 0,
                            "write": 0,
                            "update": 0,
                            "leak": 0
                        },
                        "reg_file_1d": {
                            "read": 0.0,
                            "write": 0.0,
                            "update": 0,
                            "leak": 0
                        }
                    }
                },
                "mac_instances": 256,
                "mac_utilized_instances": 256
            },
            "factors": {
                "DRAM": {
                    "B": 64,
                    "P": 16,
                    "F": 1,
                    "H": 1
                },
                "L3": {
                    "B": 1,
                    "P": 4,
                    "F": 64,
                    "H": 12
                },
                "PE": {
                    "B": 1,
                    "P": 256,
                    "F": 1,
                    "H": 1
                },
                "reg_file": {
                    "B": 1,
                    "P": 1,
                    "F": 1,
                    "H": 1
                }
            }
        },
        "MAV": {
            "tl_rst": {
                "comp_latency": 4.3574468085106384e-06,
                "mem_latency": 0.0,
                "traffic": 0,
                "energy": 57323.55,
                "traffic_energy": 56285606.313984,
                "traffic_energy_foreach": {
                    "DRAM": 0.0,
                    "L3": 56285606.313984,
                    "reg_file": 0.0,
                    "traffic": {
                        "DRAM": {
                            "read": 0.0,
                            "write": 0.0,
                            "update": 0,
                            "leak": 0
                        },
                        "L3": {
                            "read": 4096.0,
                            "write": 4096.0,
                            "update": 0,
                            "leak": 0
                        },
                        "reg_file_2d": {
                            "read": 0,
                            "write": 0,
                            "update": 0,
                            "leak": 0
                        },
                        "reg_file_1d": {
                            "read": 0.0,
                            "write": 0.0,
                            "update": 0,
                            "leak": 0
                        }
                    }
                },
                "mac_instances": 256,
                "mac_utilized_instances": 256
            },
            "factors": {
                "DRAM": {
                    "B": 64,
                    "P": 16
                },
                "L3": {
                    "B": 1,
                    "P": 4
                },
                "PE": {
                    "B": 1,
                    "P": 256
                },
                "reg_file": {
                    "B": 1,
                    "P": 1
                }
            }
        },
        "DAV": {
            "tl_rst": {
                "comp_latency": 0.0033465191489361703,
                "mem_latency": 0.0,
                "traffic": 0,
                "energy": 44024488.53,
                "traffic_energy": 43515372759.02361,
                "traffic_energy_foreach": {
                    "DRAM": 0.0,
                    "L3": 43515372759.02361,
                    "reg_file": 0.0,
                    "traffic": {
                        "DRAM": {
                            "read": 0.0,
                            "write": 0.0,
                            "update": 0,
                            "leak": 0
                        },
                        "L3": {
                            "read": 3194880.0,
                            "write": 3145728.0,
                            "update": 0,
                            "leak": 0
                        },
                        "reg_file_2d": {
                            "read": 0,
                            "write": 0,
                            "update": 0,
                            "leak": 0
                        },
                        "reg_file_1d": {
                            "read": 0.0,
                            "write": 0.0,
                            "update": 0,
                            "leak": 0
                        }
                    }
                },
                "mac_instances": 256,