{
    "latency": 0.0535791659574468,
    "energy": 1414374055424.8848,
    "energy_rsts": {
        "DRAM": 0.0,
        "L3": 1268873343480.6929,
        "reg_file": 0.0,
        "PE": 145500711944.19202,
        "total": 1414374055424.8848
    },
    "tl_rsts": {
        "IAV": {
            "tl_rst": {
                "comp_latency": 0.008924051063829787,
                "mem_latency": 0.0,
                "traffic": 0,
                "energy": 117398636.07,
                "traffic_energy": 164429548484.55884,
                "traffic_energy_foreach": {
                    "DRAM": 0.0,
                    "L3": 164429548484.55884,
                    "reg_file": 0.0,
                    "traffic": {
                        "DRAM": {
                            "read": 0.0,
                            "write": 0.0,
                            "update": 0,
                            "leak": 0
                        },
                        "L3": {
                            "read": 16777216.0,
                            "write": 8388608.0,
                            "update": 0,
                            "leak": 0
                        },
                        "reg_file_2d": {
                            "read": 0,
                            "write": 0,
                            "update": 0,
                            "leak": 0
                        },
                        "reg_file_1d": {
                            "read": 0.0,
                            "write": 0.0,
                            "update": 0,
                            "leak": 0
                        }
                    }
                },
                "mac_instances": 256,
                "mac_utilized_instances": 256
            },
            "factors": {
                "DRAM": {
                    "B": 64,
                    "F": 1,
                    "H": 1,
                    "P": 32
                },
                "L3": {
                    "B": 1,
                    "F": 128,
                    "H": 16,
                    "P": 2
                },
                "PE": {
                    "B": 1,
                    "F": 1,
                    "H": 1,
                    "P": 256
                },
                "reg_file": {
                    "B": 1,
                    "F": 1,
                    "H": 1,
                    "P": 1
                }
            }
        },
        "SAV": {
            "tl_rst": {
                "comp_latency": 0.008924051063829787,
                "mem_latency": 0.0,
                "traffic": 0,
                "energy": 117398636.07,
                "traffic_energy": 50033194195.38637,
                "traffic_energy_foreach": {
                    "DRAM": 0.0,
                    "L3": 50033194195.38637,
                    "reg_file": 0.0,
                    "traffic": {
                        "DRAM": {
                            "read": 0.0,
                            "write": 0.0,
                            "update": 0,
                            "leak": 0
                        },
                        "L3": {
                            "read": 8450048.0,
                            "write": 65536.0,
                            "update": 0,
                            "leak": 0
                        },
                        "reg_file_2d": {
                            "read": 0,
                            "write": 0,
                            "update": 0,
                            "leak": 0
                        },
                        "reg_file_1d": {
                            "read": 0.0,
                            "write": 0.0,
                            "update": 0,
                            "leak": 0
                        }
                    }
                },
                "mac_instances": 256,
                "mac_utilized_instances": 256
            },
            "factors": {
                "DRAM": {
                    "B": 64,
                    "P": 32,
                    "F": 1,
                    "H": 1
                },
                "L3": {
                    "B": 1,
                    "P": 2,
                    "F": 128,
                    "H": 16
                },
                "PE": {
                    "B": 1,
                    "P": 256,
                    "F": 1,
                    "H": 1
                },
                "reg_file": {
                    "B": 1,
                    "P": 1,
                    "F": 1,
                    "H": 1
                }
            }
        },
        "MAV": {
            "tl_rst": {
                "comp_latency": 4.3574468085106384e-06,
                "mem_latency": 0.0,
                "traffic": 0,
                "energy": 57323.55,
                "traffic_energy": 56285606.313984,
                "traffic_energy_foreach": {
                    "DRAM": 0.0,
                    "L3": 56285606.313984,
                    "reg_file": 0.0,
                    "traffic": {
                        "DRAM": {
                            "read": 0.0,
                            "write": 0.0,
                            "update": 0,
                            "leak": 0
                        },
                        "L3": {
                            "read": 4096.0,
                            "write": 4096.0,
                            "update": 0,
                            "leak": 0
                        },
                        "reg_file_2d": {
                            "read": 0,
                            "write": 0,
                            "update": 0,
                            "leak": 0
                        },
                        "reg_file_1d": {
                            "read": 0.0,
                            "write": 0.0,
                            "update": 0,
                            "leak": 0
                        }
                    }
                },
                "mac_instances": 256,
                "mac_utilized_instances": 256
            },
            "factors": {
                "DRAM": {
                    "B": 64,
                    "P": 32
                },
                "L3": {
                    "B": 1,
                    "P": 2
                },
                "PE": {
                    "B": 1,
                    "P": 256
                },
                "reg_file": {
                    "B": 1,
                    "P": 1
                }
            }
        },
        "DAV": {
            "tl_rst": {
                "comp_latency": 0.008924051063829787,
                "mem_latency": 0.0,
                "traffic": 0,
                "energy": 117398636.07,
                "traffic_energy": 115656957877.5511,
                "traffic_energy_foreach": {
                    "DRAM": 0.0,
                    "L3": 115656957877.5511,
                    "reg_file": 0.0,
                    "traffic": {
                        "DRAM": {
                            "read": 0.0,
                            "write": 0.0,
                            "update": 0,
                            "leak": 0
                        },
                        "L3": {
                            "read": 8454144.0,
                            "write": 8388608.0,
                            "update": 0,
                            "leak": 0
                        },
                        "reg_file_2d": {
                            "read": 0,
                            "write": 0,
                            "update": 0,
                            "leak": 0
                        },
                        "reg_file_1d": {
                            "read": 0.0,
                            "write": 0.0,
                            "update": 0,
                            "leak": 0
                        }
                    }
                },
                "mac_instances": 256,