{
    "latency": 0.2231012765957447,
    "energy": 3040464282030.4404,
    "energy_rsts": {
        "DRAM": 0.0,
        "L3": 2456733599109.4805,
        "reg_file": 0.0,
        "PE": 583730682920.96,
        "total": 3040464282030.4404
    },
    "tl_rsts": {
        "IAV": {
            "tl_rst": {
                "comp_latency": 0.03569620425531915,
                "mem_latency": 0.0,
                "traffic": 0,
                "energy": 469594544.28,
                "traffic_energy": 1368248460154.7651,
                "traffic_energy_foreach": {
                    "DRAM": 0.0,
                    "L3": 1368248460154.7651,
                    "reg_file": 0.0,
                    "traffic": {
                        "DRAM": {
                            "read": 0.0,
                            "write": 0.0,
                            "update": 0,
                            "leak": 0
                        },
                        "L3": {
                            "read": 67108864.0,
                            "write": 33554432.0,
                            "update": 0,
                            "leak": 0
                        },
                        "reg_file_2d": {
                            "read": 0,
                            "write": 0,
                            "update": 0,
                            "leak": 0
                        },
                        "reg_file_1d": {
                            "read": 0.0,
                            "write": 0.0,
                            "update": 0,
                            "leak": 0
                        }
                    }
                },
                "mac_instances": 256,
                "mac_utilized_instances": 256
            },
            "factors": {
                "DRAM": {
                    "B": 64,
                    "F": 1,
                    "H": 1,
                    "P": 256
                },
                "L3": {
                    "B": 1,
                    "F": 4,
                    "H": 8,
                    "P": 64
                },
                "PE": {
                    "B": 1,
                    "F": 16,
                    "H": 1,
                    "P": 16
                },
                "reg_file": {
                    "B": 1,
                    "F": 1,
                    "H": 1,
                    "P": 1
                }
            }
        },
        "SAV": {
            "tl_rst": {
                "comp_latency": 0.03569620425531915,
                "mem_latency": 0.0,
                "traffic": 0,
                "energy": 469594544.28,
                "traffic_energy": 433857129443.75397,
                "traffic_energy_foreach": {
                    "DRAM": 0.0,
                    "L3": 433857129443.75397,
                    "reg_file": 0.0,
                    "traffic": {
                        "DRAM": {
                            "read": 0.0,
                            "write": 0.0,
                            "update": 0,
                            "leak": 0
                        },
                        "L3": {
                            "read": 34013184.0,
                            "write": 524288.0,
                            "update": 0,
                            "leak": 0
                        },
                        "reg_file_2d": {
                            "read": 0,
                            "write": 0,
                            "update": 0,
                            "leak": 0
                        },
                        "reg_file_1d": {
                            "read": 0.0,
                            "write": 0.0,
                            "update": 0,
                            "leak": 0
                        }
                    }
                },
                "mac_instances": 256,
                "mac_utilized_instances": 256
            },
            "factors": {
                "DRAM": {
                    "B": 64,
                    "P": 256,
                    "F": 1,
                    "H": 1
                },
                "L3": {
                    "B": 1,
                    "P": 64,
                    "F": 4,
                    "H": 8
                },
                "PE": {
                    "B": 1,
                    "P": 16,
                    "F": 16,
                    "H": 1
                },
                "reg_file": {
                    "B": 1,
                    "P": 1,
                    "F": 1,
                    "H": 1
                }
            }
        },
        "MAV": {
            "tl_rst": {
                "comp_latency": 0.0011155063829787234,
                "mem_latency": 0.0,
                "traffic": 0,
                "energy": 917176.84,
                "traffic_energy": 1852323996.893184,
                "traffic_energy_foreach": {
                    "DRAM": 0.0,
                    "L3": 1852323996.893184,
                    "reg_file": 0.0,
                    "traffic": {
                        "DRAM": {
                            "read": 0.0,
                            "write": 0.0,
                            "update": 0,
                            "leak": 0
                        },
                        "L3": {
                            "read": 65536.0,
                            "write": 65536.0,
                            "update": 0,
                            "leak": 0
                        },
                        "reg_file_2d": {
                            "read": 0,
                            "write": 0,
                            "update": 0,
                            "leak": 0
                        },
                        "reg_file_1d": {
                            "read": 0.0,
                            "write": 0.0,
                            "update": 0,
                            "leak": 0
                        }
                    }
                },
                "mac_instances": 256,
                "mac_utilized_instances": 16
            },
            "factors": {
                "DRAM": {
                    "B": 64,
                    "P": 256
                },
                "L3": {
                    "B": 1,
                    "P": 64
                },
                "PE": {
                    "B": 1,
                    "P": 16
                },
                "reg_file": {
                    "B": 1,
                    "P": 1
                }
            }
        },
        "DAV": {
            "tl_rst": {
                "comp_latency": 0.03569620425531915,
                "mem_latency": 0.0,
                "traffic": 0,
                "energy": 469594544.28,
                "traffic_energy": 954950176624.0829,
                "traffic_energy_foreach": {
                    "DRAM": 0.0,
                    "L3": 954950176624.0829,
                    "reg_file": 0.0,
                    "traffic": {
                        "DRAM": {
                            "read": 0.0,
                            "write": 0.0,
                            "update": 0,
                            "leak": 0
                        },
                        "L3": {
                            "read": 34078720.0,
                            "write": 33554432.0,
                            "update": 0,
                            "leak": 0
                        },
                        "reg_file_2d": {
                            "read": 0,
                            "write": 0,
                            "update": 0,
                            "leak": 0
                        },
                        "reg_file_1d": {
                            "read": 0.0,
                            "write": 0.0,
                            "update": 0,
                            "leak": 0
                        }
                    }
                },
                "mac_instances": 256,