{
    "latency": 0.8924051063829788,
    "energy": 12161857128121.762,
    "energy_rsts": {
        "DRAM": 0.0,
        "L3": 9826934396437.922,
        "reg_file": 0.0,
        "PE": 2334922731683.84,
        "total": 12161857128121.762
    },
    "tl_rsts": {
        "IAV": {
            "tl_rst": {
                "comp_latency": 0.1427848170212766,
                "mem_latency": 0.0,
                "traffic": 0,
                "energy": 1878378177.1,
                "traffic_energy": 5472993840619.061,
                "traffic_energy_foreach": {
                    "DRAM": 0.0,
                    "L3": 5472993840619.061,
                    "reg_file": 0.0,
                    "traffic": {
                        "DRAM": {
                            "read": 0.0,
                            "write": 0.0,
                            "update": 0,
                            "leak": 0
                        },
                        "L3": {
                            "read": 268435456.0,
                            "write": 134217728.0,
                            "update": 0,
                            "leak": 0
                        },
                        "reg_file_2d": {
                            "read": 0,
                            "write": 0,
                            "update": 0,
                            "leak": 0
                        },
                        "reg_file_1d": {
                            "read": 0.0,
                            "write": 0.0,
                            "update": 0,
                            "leak": 0
                        }
                    }
                },
                "mac_instances": 256,
                "mac_utilized_instances": 256
            },
            "factors": {
                "DRAM": {
                    "B": 64,
                    "F": 1,
                    "H": 1,
                    "P": 1024
                },
                "L3": {
                    "B": 1,
                    "F": 4,
                    "H": 8,
                    "P": 64
                },
                "PE": {
                    "B": 1,
                    "F": 16,
                    "H": 1,
                    "P": 16
                },
                "reg_file": {
                    "B": 1,
                    "F": 1,
                    "H": 1,
                    "P": 1
                }
            }
        },
        "SAV": {
            "tl_rst": {
                "comp_latency": 0.1427848170212766,
                "mem_latency": 0.0,
                "traffic": 0,
                "energy": 1878378177.1,
                "traffic_energy": 1735428517775.0159,
                "traffic_energy_foreach": {
                    "DRAM": 0.0,
                    "L3": 1735428517775.0159,
                    "reg_file": 0.0,
                    "traffic": {
                        "DRAM": {
                            "read": 0.0,
                            "write": 0.0,
                            "update": 0,
                            "leak": 0
                        },
                        "L3": {
                            "read": 136052736.0,
                            "write": 2097152.0,
                            "update": 0,
                            "leak": 0
                        },
                        "reg_file_2d": {
                            "read": 0,
                            "write": 0,
                            "update": 0,
                            "leak": 0
                        },
                        "reg_file_1d": {
                            "read": 0.0,
                            "write": 0.0,
                            "update": 0,
                            "leak": 0
                        }
                    }
                },
                "mac_instances": 256,
                "mac_utilized_instances": 256
            },
            "factors": {
                "DRAM": {
                    "B": 64,
                    "P": 1024,
                    "F": 1,
                    "H": 1
                },
                "L3": {
                    "B": 1,
                    "P": 64,
                    "F": 4,
                    "H": 8
                },
                "PE": {
                    "B": 1,
                    "P": 16,
                    "F": 16,
                    "H": 1
                },
                "reg_file": {
                    "B": 1,
                    "P": 1,
                    "F": 1,
                    "H": 1
                }
            }
        },
        "MAV": {
            "tl_rst": {
                "comp_latency": 0.004462025531914894,
                "mem_latency": 0.0,
                "traffic": 0,
                "energy": 3668707.38,
                "traffic_energy": 7409295987.572736,
                "traffic_energy_foreach": {
                    "DRAM": 0.0,
                    "L3": 7409295987.572736,
                    "reg_file": 0.0,
                    "traffic": {
                        "DRAM": {
                            "read": 0.0,
                            "write": 0.0,
                            "update": 0,
                            "leak": 0
                        },
                        "L3": {
                            "read": 262144.0,
                            "write": 262144.0,
                            "update": 0,
                            "leak": 0
                        },
                        "reg_file_2d": {
                            "read": 0,
                            "write": 0,
                            "update": 0,
                            "leak": 0
                        },
                        "reg_file_1d": {
                            "read": 0.0,
                            "write": 0.0,
                            "update": 0,
                            "leak": 0
                        }
                    }
                },
                "mac_instances": 256,
                "mac_utilized_instances": 16
            },
            "factors": {
                "DRAM": {
                    "B": 64,
                    "P": 1024
                },
                "L3": {
                    "B": 1,
                    "P": 64
                },
                "PE": {
                    "B": 1,
                    "P": 16
                },
                "reg_file": {
                    "B": 1,
                    "P": 1
                }
            }
        },
        "DAV": {
            "tl_rst": {
                "comp_latency": 0.1427848170212766,
                "mem_latency": 0.0,
                "traffic": 0,
                "energy": 1878378177.1,
                "traffic_energy": 3819800706496.3315,
                "traffic_energy_foreach": {
                    "DRAM": 0.0,
                    "L3": 3819800706496.3315,
                    "reg_file": 0.0,
                    "traffic": {
                        "DRAM": {
                            "read": 0.0,
                            "write": 0.0,
                            "update": 0,
                            "leak": 0
                        },
                        "L3": {
                            "read": 136314880.0,
                            "write": 134217728.0,
                            "update": 0,
                            "leak": 0
                        },
                        "reg_file_2d": {
                            "read": 0,
                            "write": 0,
                            "update": 0,
                            "leak": 0
                        },
                        "reg_file_1d": {
                            "read": 0.0,
                            "write": 0.0,
                            "update": 0,
                            "leak": 0
                        }
                    }
                },