{
    "latency": 1.3207595574468087,
    "energy": 18234310858178.035,
    "energy_rsts": {
        "DRAM": 0.0,
        "L3": 14736534321036.787,
        "reg_file": 0.0,
        "PE": 3497776537141.248,
        "total": 18234310858178.035
    },
    "tl_rsts": {
        "IAV": {
            "tl_rst": {
                "comp_latency": 0.2141772255319149,
                "mem_latency": 0.0,
                "traffic": 0,
                "energy": 2817567265.65,
                "traffic_energy": 8209490760928.592,
                "traffic_energy_foreach": {
                    "DRAM": 0.0,
                    "L3": 8209490760928.592,
                    "reg_file": 0.0,
                    "traffic": {
                        "DRAM": {
                            "read": 0.0,
                            "write": 0.0,
                            "update": 0,
                            "leak": 0
                        },
                        "L3": {
                            "read": 402653184.0,
                            "write": 201326592.0,
                            "update": 0,
                            "leak": 0
                        },
                        "reg_file_2d": {
                            "read": 0,
                            "write": 0,
                            "update": 0,
                            "leak": 0
                        },
                        "reg_file_1d": {
                            "read": 0.0,
                            "write": 0.0,
                            "update": 0,
                            "leak": 0
                        }
                    }
                },
                "mac_instances": 256,
                "mac_utilized_instances": 256
            },
            "factors": {
                "DRAM": {
                    "B": 64,
                    "F": 1,
                    "H": 1,
                    "P": 1024
                },
                "L3": {
                    "B": 1,
                    "F": 4,
                    "H": 12,
                    "P": 64
                },
                "PE": {
                    "B": 1,
                    "F": 16,
                    "H": 1,
                    "P": 16
                },
                "reg_file": {
                    "B": 1,
                    "F": 1,
                    "H": 1,
                    "P": 1
                }
            }
        },
        "SAV": {
            "tl_rst": {
                "comp_latency": 0.2141772255319149,
                "mem_latency": 0.0,
                "traffic": 0,
                "energy": 2817567265.65,
                "traffic_energy": 2604782849216.217,
                "traffic_energy_foreach": {
                    "DRAM": 0.0,
                    "L3": 2604782849216.217,
                    "reg_file": 0.0,
                    "traffic": {
                        "DRAM": {
                            "read": 0.0,
                            "write": 0.0,
                            "update": 0,
                            "leak": 0
                        },
                        "L3": {
                            "read": 204210176.0,
                            "write": 3145728.0,
                            "update": 0,
                            "leak": 0
                        },
                        "reg_file_2d": {
                            "read": 0,
                            "write": 0,
                            "update": 0,
                            "leak": 0
                        },
                        "reg_file_1d": {
                            "read": 0.0,
                            "write": 0.0,
                            "update": 0,
                            "leak": 0
                        }
                    }
                },
                "mac_instances": 256,
                "mac_utilized_instances": 256
            },
            "factors": {
                "DRAM": {
                    "B": 64,
                    "P": 1024,
                    "F": 1,
                    "H": 1
                },
                "L3": {
                    "B": 1,
                    "P": 64,
                    "F": 4,
                    "H": 12
                },
                "PE": {
                    "B": 1,
                    "P": 16,
                    "F": 16,
                    "H": 1
                },
                "reg_file": {
                    "B": 1,
                    "P": 1,
                    "F": 1,
                    "H": 1
                }
            }
        },
        "MAV": {
            "tl_rst": {
                "comp_latency": 0.004462025531914894,
                "mem_latency": 0.0,
                "traffic": 0,
                "energy": 3668707.38,
                "traffic_energy": 7409295987.572736,
                "traffic_energy_foreach": {
                    "DRAM": 0.0,
                    "L3": 7409295987.572736,
                    "reg_file": 0.0,
                    "traffic": {
                        "DRAM": {
                            "read": 0.0,
                            "write": 0.0,
                            "update": 0,
                            "leak": 0
                        },
                        "L3": {
                            "read": 262144.0,
                            "write": 262144.0,
                            "update": 0,
                            "leak": 0
                        },
                        "reg_file_2d": {
                            "read": 0,
                            "write": 0,
                            "update": 0,
                            "leak": 0
                        },
                        "reg_file_1d": {
                            "read": 0.0,
                            "write": 0.0,
                            "update": 0,
                            "leak": 0
                        }
                    }
                },
                "mac_instances": 256,
                "mac_utilized_instances": 16
            },
            "factors": {
                "DRAM": {
                    "B": 64,
                    "P": 1024
                },
                "L3": {
                    "B": 1,
                    "P": 64
                },
                "PE": {
                    "B": 1,
                    "P": 16
                },
                "reg_file": {
                    "B": 1,
                    "P": 1
                }
            }
        },
        "DAV": {
            "tl_rst": {
                "comp_latency": 0.2141772255319149,
                "mem_latency": 0.0,
                "traffic": 0,
                "energy": 2817567265.65,
                "traffic_energy": 5729701059744.498,
                "traffic_energy_foreach": {
                    "DRAM": 0.0,
                    "L3": 5729701059744.498,
                    "reg_file": 0.0,
                    "traffic": {
                        "DRAM": {
                            "read": 0.0,
                            "write": 0.0,
                            "update": 0,
                            "leak": 0
                        },
                        "L3": {
                            "read": 204472320.0,
                            "write": 201326592.0,
                            "update": 0,
                            "leak": 0
                        },
                        "reg_file_2d": {
                            "read": 0,
                            "write": 0,
                            "update": 0,
                            "leak": 0
                        },
                        "reg_file_1d": {
                            "read": 0.0,
                            "write": 0.0,
                            "update": 0,
                            "leak": 0
                        }
                    }
                },