{
    "latency": 1.722341855319149,
    "energy": 24211837562985.12,
    "energy_rsts": {
        "DRAM": 0.0,
        "L3": 19558118560963.234,
        "reg_file": 0.0,
        "PE": 4653719002021.888,
        "total": 24211837562985.12
    },
    "tl_rsts": {
        "IAV": {
            "tl_rst": {
                "comp_latency": 0.2855696340425532,
                "mem_latency": 0.0,
                "traffic": 0,
                "energy": 3756756354.2,
                "traffic_energy": 10945987681238.121,
                "traffic_energy_foreach": {
                    "DRAM": 0.0,
                    "L3": 10945987681238.121,
                    "reg_file": 0.0,
                    "traffic": {
                        "DRAM": {
                            "read": 0.0,
                            "write": 0.0,
                            "update": 0,
                            "leak": 0
                        },
                        "L3": {
                            "read": 536870912.0,
                            "write": 268435456.0,
                            "update": 0,
                            "leak": 0
                        },
                        "reg_file_2d": {
                            "read": 0,
                            "write": 0,
                            "update": 0,
                            "leak": 0
                        },
                        "reg_file_1d": {
                            "read": 0.0,
                            "write": 0.0,
                            "update": 0,
                            "leak": 0
                        }
                    }
                },
                "mac_instances": 256,
                "mac_utilized_instances": 256
            },
            "factors": {
                "DRAM": {
                    "B": 64,
                    "F": 1,
                    "H": 1,
                    "P": 2048
                },
                "L3": {
                    "B": 1,
                    "F": 8,
                    "H": 32,
                    "P": 8
                },
                "PE": {
                    "B": 1,
                    "F": 16,
                    "H": 1,
                    "P": 16
                },
                "reg_file": {
                    "B": 1,
                    "F": 1,
                    "H": 1,
                    "P": 1
                }
            }
        },
        "SAV": {
            "tl_rst": {
                "comp_latency": 0.2855696340425532,
                "mem_latency": 0.0,
                "traffic": 0,
                "energy": 3756756354.2,
                "traffic_energy": 3417322921587.3755,
                "traffic_energy_foreach": {
                    "DRAM": 0.0,
                    "L3": 3417322921587.3755,
                    "reg_file": 0.0,
                    "traffic": {
                        "DRAM": {
                            "read": 0.0,
                            "write": 0.0,
                            "update": 0,
                            "leak": 0
                        },
                        "L3": {
                            "read": 270467072.0,
                            "write": 2097152.0,
                            "update": 0,
                            "leak": 0
                        },
                        "reg_file_2d": {
                            "read": 0,
                            "write": 0,
                            "update": 0,
                            "leak": 0
                        },
                        "reg_file_1d": {
                            "read": 0.0,
                            "write": 0.0,
                            "update": 0,
                            "leak": 0
                        }
                    }
                },
                "mac_instances": 256,
                "mac_utilized_instances": 256
            },
            "factors": {
                "DRAM": {
                    "B": 64,
                    "P": 2048,
                    "F": 1,
                    "H": 1
                },
                "L3": {
                    "B": 1,
                    "P": 8,
                    "F": 8,
                    "H": 32
                },
                "PE": {
                    "B": 1,
                    "P": 16,
                    "F": 16,
                    "H": 1
                },
                "reg_file": {
                    "B": 1,
                    "P": 1,
                    "F": 1,
                    "H": 1
                }
            }
        },
        "MAV": {
            "tl_rst": {
                "comp_latency": 0.0011155063829787234,
                "mem_latency": 0.0,
                "traffic": 0,
                "energy": 917176.84,
                "traffic_energy": 1852323996.893184,
                "traffic_energy_foreach": {
                    "DRAM": 0.0,
                    "L3": 1852323996.893184,
                    "reg_file": 0.0,
                    "traffic": {
                        "DRAM": {
                            "read": 0.0,
                            "write": 0.0,
                            "update": 0,
                            "leak": 0
                        },
                        "L3": {
                            "read": 65536.0,
                            "write": 65536.0,
                            "update": 0,
                            "leak": 0
                        },
                        "reg_file_2d": {
                            "read": 0,
                            "write": 0,
                            "update": 0,
                            "leak": 0
                        },
                        "reg_file_1d": {
                            "read": 0.0,
                            "write": 0.0,
                            "update": 0,
                            "leak": 0
                        }
                    }
                },
                "mac_instances": 256,
                "mac_utilized_instances": 16
            },
            "factors": {
                "DRAM": {
                    "B": 64,
                    "P": 2048
                },
                "L3": {
                    "B": 1,
                    "P": 8
                },
                "PE": {
                    "B": 1,
                    "P": 16
                },
                "reg_file": {
                    "B": 1,
                    "P": 1
                }
            }
        },
        "DAV": {
            "tl_rst": {
                "comp_latency": 0.2855696340425532,
                "mem_latency": 0.0,
                "traffic": 0,
                "energy": 3756756354.2,
                "traffic_energy": 7613360252133.572,
                "traffic_energy_foreach": {
                    "DRAM": 0.0,
                    "L3": 7613360252133.572,
                    "reg_file": 0.0,
                    "traffic": {
                        "DRAM": {
                            "read": 0.0,
                            "write": 0.0,
                            "update": 0,
                            "leak": 0
                        },
                        "L3": {
                            "read": 270532608.0,
                            "write": 268435456.0,
                            "update": 0,
                            "leak": 0
                        },
                        "reg_file_2d": {
                            "read": 0,
                            "write": 0,
                            "update": 0,
                            "leak": 0
                        },
                        "reg_file_1d": {
                            "read": 0.0,
                            "write": 0.0,
                            "update": 0,
                            "leak": 0
                        }
                    }
                },