{
    "latency": 0.0033813787234042558,
    "energy": 47297021445.28794,
    "energy_rsts": {
        "DRAM": 0.0,
        "L3": 38203226948.77594,
        "reg_file": 0.0,
        "PE": 9093794496.512001,
        "total": 47297021445.28794
    },
    "tl_rsts": {
        "IAV": {
            "tl_rst": {
                "comp_latency": 0.0005577531914893617,
                "mem_latency": 0.0,
                "traffic": 0,
                "energy": 7337414.75,
                "traffic_energy": 21378882189.918205,
                "traffic_energy_foreach": {
                    "DRAM": 0.0,
                    "L3": 21378882189.918205,
                    "reg_file": 0.0,
                    "traffic": {
                        "DRAM": {
                            "read": 0.0,
                            "write": 0.0,
                            "update": 0,
                            "leak": 0
                        },
                        "L3": {
                            "read": 1048576.0,
                            "write": 524288.0,
                            "update": 0,
                            "leak": 0
                        },
                        "reg_file_2d": {
                            "read": 0,
                            "write": 0,
                            "update": 0,
                            "leak": 0
                        },
                        "reg_file_1d": {
                            "read": 0.0,
                            "write": 0.0,
                            "update": 0,
                            "leak": 0
                        }
                    }
                },
                "mac_instances": 256,
                "mac_utilized_instances": 256
            },
            "factors": {
                "DRAM": {
                    "B": 64,
                    "F": 1,
                    "H": 1,
                    "P": 4
                },
                "L3": {
                    "B": 1,
                    "F": 8,
                    "H": 16,
                    "P": 16
                },
                "PE": {
                    "B": 1,
                    "F": 16,
                    "H": 1,
                    "P": 16
                },
                "reg_file": {
                    "B": 1,
                    "F": 1,
                    "H": 1,
                    "P": 1
                }
            }
        },
        "SAV": {
            "tl_rst": {
                "comp_latency": 0.0005577531914893617,
                "mem_latency": 0.0,
                "traffic": 0,
                "energy": 7337414.75,
                "traffic_energy": 6672857197.872128,
                "traffic_energy_foreach": {
                    "DRAM": 0.0,
                    "L3": 6672857197.872128,
                    "reg_file": 0.0,
                    "traffic": {
                        "DRAM": {
                            "read": 0.0,
                            "write": 0.0,
                            "update": 0,
                            "leak": 0
                        },
                        "L3": {
                            "read": 528128.0,
                            "write": 4096.0,
                            "update": 0,
                            "leak": 0
                        },
                        "reg_file_2d": {
                            "read": 0,
                            "write": 0,
                            "update": 0,
                            "leak": 0
                        },
                        "reg_file_1d": {
                            "read": 0.0,
                            "write": 0.0,
                            "update": 0,
                            "leak": 0
                        }
                    }
                },
                "mac_instances": 256,
                "mac_utilized_instances": 256
            },
            "factors": {
                "DRAM": {
                    "B": 64,
                    "P": 4,
                    "F": 1,
                    "H": 1
                },
                "L3": {
                    "B": 1,
                    "P": 16,
                    "F": 8,
                    "H": 16
                },
                "PE": {
                    "B": 1,
                    "P": 16,
                    "F": 16,
                    "H": 1
                },
                "reg_file": {
                    "B": 1,
                    "P": 1,
                    "F": 1,
                    "H": 1
                }
            }
        },
        "MAV": {
            "tl_rst": {
                "comp_latency": 4.3574468085106384e-06,
                "mem_latency": 0.0,
                "traffic": 0,
                "energy": 3582.72,
                "traffic_energy": 7235640.612864,
                "traffic_energy_foreach": {
                    "DRAM": 0.0,
                    "L3": 7235640.612864,
                    "reg_file": 0.0,
                    "traffic": {
                        "DRAM": {
                            "read": 0.0,
                            "write": 0.0,
                            "update": 0,
                            "leak": 0
                        },
                        "L3": {
                            "read": 256.0,
                            "write": 256.0,
                            "update": 0,
                            "leak": 0
                        },
                        "reg_file_2d": {
                            "read": 0,
                            "write": 0,
                            "update": 0,
                            "leak": 0
                        },
                        "reg_file_1d": {
                            "read": 0.0,
                            "write": 0.0,
                            "update": 0,
                            "leak": 0
                        }
                    }
                },
                "mac_instances": 256,
                "mac_utilized_instances": 16
            },
            "factors": {
                "DRAM": {
                    "B": 64,
                    "P": 4
                },
                "L3": {
                    "B": 1,
                    "P": 16
                },
                "PE": {
                    "B": 1,
                    "P": 16
                },
                "reg_file": {
                    "B": 1,
                    "P": 1
                }
            }
        },
        "DAV": {
            "tl_rst": {
                "comp_latency": 0.0005577531914893617,
                "mem_latency": 0.0,
                "traffic": 0,
                "energy": 7337414.75,
                "traffic_energy": 14869844242.448383,
                "traffic_energy_foreach": {
                    "DRAM": 0.0,
                    "L3": 14869844242.448383,
                    "reg_file": 0.0,
                    "traffic": {
                        "DRAM": {
                            "read": 0.0,
                            "write": 0.0,
                            "update": 0,
                            "leak": 0
                        },
                        "L3": {
                            "read": 528384.0,
                            "write": 524288.0,
                            "update": 0,
                            "leak": 0
                        },
                        "reg_file_2d": {
                            "read": 0,
                            "write": 0,
                            "update": 0,
                            "leak": 0
                        },
                        "reg_file_1d": {
                            "read": 0.0,
                            "write": 0.0,
                            "update": 0,
                            "leak": 0
                        }
                    }
                },
                "mac_instances": 256,