{
    "latency": 0.05577531914893617,
    "energy": 760116070507.6101,
    "energy_rsts": {
        "DRAM": 0.0,
        "L3": 614183399777.3701,
        "reg_file": 0.0,
        "PE": 145932670730.24,
        "total": 760116070507.6101
    },
    "tl_rsts": {
        "IAV": {
            "tl_rst": {
                "comp_latency": 0.008924051063829787,
                "mem_latency": 0.0,
                "traffic": 0,
                "energy": 117398636.07,
                "traffic_energy": 342062115038.6913,
                "traffic_energy_foreach": {
                    "DRAM": 0.0,
                    "L3": 342062115038.6913,
                    "reg_file": 0.0,
                    "traffic": {
                        "DRAM": {
                            "read": 0.0,
                            "write": 0.0,
                            "update": 0,
                            "leak": 0
                        },
                        "L3": {
                            "read": 16777216.0,
                            "write": 8388608.0,
                            "update": 0,
                            "leak": 0
                        },
                        "reg_file_2d": {
                            "read": 0,
                            "write": 0,
                            "update": 0,
                            "leak": 0
                        },
                        "reg_file_1d": {
                            "read": 0.0,
                            "write": 0.0,
                            "update": 0,
                            "leak": 0
                        }
                    }
                },
                "mac_instances": 256,
                "mac_utilized_instances": 256
            },
            "factors": {
                "DRAM": {
                    "B": 64,
                    "F": 1,
                    "H": 1,
                    "P": 64
                },
                "L3": {
                    "B": 1,
                    "F": 4,
                    "H": 8,
                    "P": 64
                },
                "PE": {
                    "B": 1,
                    "F": 16,
                    "H": 1,
                    "P": 16
                },
                "reg_file": {
                    "B": 1,
                    "F": 1,
                    "H": 1,
                    "P": 1
                }
            }
        },
        "SAV": {
            "tl_rst": {
                "comp_latency": 0.008924051063829787,
                "mem_latency": 0.0,
                "traffic": 0,
                "energy": 117398636.07,
                "traffic_energy": 108464282360.93849,
                "traffic_energy_foreach": {
                    "DRAM": 0.0,
                    "L3": 108464282360.93849,
                    "reg_file": 0.0,
                    "traffic": {
                        "DRAM": {
                            "read": 0.0,
                            "write": 0.0,
                            "update": 0,
                            "leak": 0
                        },
                        "L3": {
                            "read": 8503296.0,
                            "write": 131072.0,
                            "update": 0,
                            "leak": 0
                        },
                        "reg_file_2d": {
                            "read": 0,
                            "write": 0,
                            "update": 0,
                            "leak": 0
                        },
                        "reg_file_1d": {
                            "read": 0.0,
                            "write": 0.0,
                            "update": 0,
                            "leak": 0
                        }
                    }
                },
                "mac_instances": 256,
                "mac_utilized_instances": 256
            },
            "factors": {
                "DRAM": {
                    "B": 64,
                    "P": 64,
                    "F": 1,
                    "H": 1
                },
                "L3": {
                    "B": 1,
                    "P": 64,
                    "F": 4,
                    "H": 8
                },
                "PE": {
                    "B": 1,
                    "P": 16,
                    "F": 16,
                    "H": 1
                },
                "reg_file": {
                    "B": 1,
                    "P": 1,
                    "F": 1,
                    "H": 1
                }
            }
        },
        "MAV": {
            "tl_rst": {
                "comp_latency": 0.00027887659574468086,
                "mem_latency": 0.0,
                "traffic": 0,
                "energy": 229294.21,
                "traffic_energy": 463080999.223296,
                "traffic_energy_foreach": {
                    "DRAM": 0.0,
                    "L3": 463080999.223296,
                    "reg_file": 0.0,
                    "traffic": {
                        "DRAM": {
                            "read": 0.0,
                            "write": 0.0,
                            "update": 0,
                            "leak": 0
                        },
                        "L3": {
                            "read": 16384.0,
                            "write": 16384.0,
                            "update": 0,
                            "leak": 0
                        },
                        "reg_file_2d": {
                            "read": 0,
                            "write": 0,
                            "update": 0,
                            "leak": 0
                        },
                        "reg_file_1d": {
                            "read": 0.0,
                            "write": 0.0,
                            "update": 0,
                            "leak": 0
                        }
                    }
                },
                "mac_instances": 256,
                "mac_utilized_instances": 16
            },
            "factors": {
                "DRAM": {
                    "B": 64,
                    "P": 64
                },
                "L3": {
                    "B": 1,
                    "P": 64
                },
                "PE": {
                    "B": 1,
                    "P": 16
                },
                "reg_file": {
                    "B": 1,
                    "P": 1
                }
            }
        },
        "DAV": {
            "tl_rst": {
                "comp_latency": 0.008924051063829787,
                "mem_latency": 0.0,
                "traffic": 0,
                "energy": 117398636.07,
                "traffic_energy": 238737544156.02072,
                "traffic_energy_foreach": {
                    "DRAM": 0.0,
                    "L3": 238737544156.02072,
                    "reg_file": 0.0,
                    "traffic": {
                        "DRAM": {
                            "read": 0.0,
                            "write": 0.0,
                            "update": 0,
                            "leak": 0
                        },
                        "L3": {
                            "read": 8519680.0,
                            "write": 8388608.0,
                            "update": 0,
                            "leak": 0
                        },
                        "reg_file_2d": {
                            "read": 0,
                            "write": 0,
                            "update": 0,
                            "leak": 0
                        },
                        "reg_file_1d": {
                            "read": 0.0,
                            "write": 0.0,
                            "update": 0,
                            "leak": 0
                        }
                    }
                },
                "mac_instances": 256,