{
    "latency": 1.7568829954428815,
    "energy": 682672270902003.9,
    "energy_rsts": {
        "DRAM": 21390226646630.4,
        "L3": 56644058142276.22,
        "reg_file": 8269234932.799681,
        "PE": 604629716878164.5,
        "total": 682672270902003.9
    },
    "tl_rsts": {
        "FFN": {
            "tl_rst": {
                "comp_latency": 0.2855696340425532,
                "mem_latency": 0.6400000762939453,
                "traffic": 274877939712,
                "energy": 961729626676.13,
                "traffic_energy": 23236701052822.234,
                "traffic_energy_foreach": {
                    "DRAM": 8576191719014.399,
                    "L3": 14656621607528.582,
                    "reg_file": 3887726279.25216,
                    "traffic": {
                        "DRAM": {
                            "read": 34359742464.0,
                            "write": 0.0,
                            "update": 0,
                            "leak": 0
                        },
                        "L3": {
                            "read": 1056964672.0,
                            "write": 1073741888.0,
                            "update": 0,
                            "leak": 0
                        },
                        "reg_file_2d": {
                            "read": 1073676288.0,
                            "write": 807338048.0,
                            "update": 0,
                            "leak": 0
                        },
                        "reg_file_1d": {
                            "read": 0,
                            "write": 0,
                            "update": 0,
                            "leak": 0
                        }
                    }
                },
                "mac_instances": 65536,
                "mac_utilized_instances": 65536
            },
            "factors": {
                "DRAM": {
                    "B": 64,
                    "S": 64,
                    "P": 16,
                    "F": 128,
                    "H": 32
                },
                "L3": {
                    "B": 1,
                    "S": 1,
                    "P": 1,
                    "F": 1,
                    "H": 1
                },
                "PE": {
                    "B": 1,
                    "S": 1,
                    "P": 256,
                    "F": 1,
                    "H": 1
                },
                "reg_file": {
                    "B": 1,
                    "S": 1,
                    "P": 1,
                    "F": 1,
                    "H": 1
                },
                "PE_col": {
                    "B": 1,
                    "S": 256,
                    "P": 1,
                    "F": 1,
                    "H": 1
                }
            }
        },
        "AR": {
            "tl_rst": {
                "comp_latency": 0.16063291914893618,
                "mem_latency": 0.0,
                "traffic": 0,
                "energy": 234797272.14,
                "traffic_energy": 230545843462.07846,
                "traffic_energy_foreach": {
                    "DRAM": 0.0,
                    "L3": 230545843462.07846,
                    "reg_file": 0.0,
                    "traffic": {
                        "DRAM": {
                            "read": 0.0,
                            "write": 0.0,
                            "update": 0,
                            "leak": 0
                        },
                        "L3": {
                            "read": 16777216.0,
                            "write": 16777216.0,
                            "update": 0,
                            "leak": 0
                        },
                        "reg_file_2d": {
                            "read": 0,
                            "write": 0,
                            "update": 0,
                            "leak": 0
                        },
                        "reg_file_1d": {
                            "read": 0.0,
                            "write": 0.0,
                            "update": 0,
                            "leak": 0
                        }
                    }
                },
                "mac_instances": 256,
                "mac_utilized_instances": 256
            },
            "factors": {
                "DRAM": {
                    "B": 64,
                    "S": 16384,
                    "P": 16
                },
                "L3": {
                    "B": 1,
                    "S": 1,
                    "P": 1
                },
                "PE": {
                    "B": 1,
                    "S": 1,
                    "P": 256
                },
                "reg_file": {
                    "B": 1,
                    "S": 1,
                    "P": 1
                }
            }
        },
        "FFNT": {
            "tl_rst": {
                "comp_latency": 0.2855696340425532,
                "mem_latency": 0.95625,
                "traffic": 410706247680,
                "energy": 961729626676.13,
                "traffic_energy": 25414401632912.8,
                "traffic_energy_foreach": {
                    "DRAM": 12814034927616.0,
                    "L3": 12595985196643.254,
                    "reg_file": 4381508653.54752,
                    "traffic": {
                        "DRAM": {
                            "read": 34158411776.0,
                            "write": 17179869184.0,
                            "update": 0,
                            "leak": 0
                        },
                        "L3": {
                            "read": 1070596096.0,
                            "write": 802160640.0,
                            "update": 0,
                            "leak": 0
                        },
                        "reg_file_2d": {
                            "read": 1069547520.0,
                            "write": 1071644672.0,
                            "update": 0,
                            "leak": 0
                        },
                        "reg_file_1d": {
                            "read": 0,
                            "write": 0,
                            "update": 0,
                            "leak": 0
                        }
                    }
                },
                "mac_instances": 65536,
                "mac_utilized_instances": 65536
            },
            "factors": {
                "DRAM": {
                    "B": 64,
                    "F": 128,
                    "H": 32,
                    "P": 16,
                    "S": 64
                },
                "L3": {
                    "B": 1,
                    "F": 1,
                    "H": 1,
                    "P": 1,
                    "S": 1
                },
                "PE": {
                    "B": 1,
                    "F": 1,
                    "H": 1,
                    "P": 256,
                    "S": 1
                },
                "reg_file": {
                    "B": 1,
                    "F": 1,
                    "H": 1,
                    "P": 1,
                    "S": 1
                },
                "PE_col": {
                    "B": 1,
                    "F": 1,
                    "H": 1,
                    "P": 1,
                    "S": 256
                }
            }
        }
    }
}