{
    "latency": 7.02753175288969,
    "energy": 2730689075113835.0,
    "energy_rsts": {
        "DRAM": 85560903519436.8,
        "L3": 226576227142374.4,
        "reg_file": 33076939365.931202,
        "PE": 2418518867512658.0,
        "total": 2730689075113835.0
    },
    "tl_rsts": {
        "FFN": {
            "tl_rst": {
                "comp_latency": 1.1422785361702128,
                "mem_latency": 2.5600000762939454,
                "traffic": 1099511660544,
                "energy": 3846918506704.54,
                "traffic_energy": 92946798505451.06,
                "traffic_energy_foreach": {
                    "DRAM": 34304763808972.8,
                    "L3": 58626483791726.53,
                    "reg_file": 15550904751.74112,
                    "traffic": {
                        "DRAM": {
                            "read": 137438957568.0,
                            "write": 0.0,
                            "update": 0,
                            "leak": 0
                        },
                        "L3": {
                            "read": 4227858496.0,
                            "write": 4294967360.0,
                            "update": 0,
                            "leak": 0
                        },
                        "reg_file_2d": {
                            "read": 4294705152.0,
                            "write": 3229352000.0,
                            "update": 0,
                            "leak": 0
                        },
                        "reg_file_1d": {
                            "read": 0,
                            "write": 0,
                            "update": 0,
                            "leak": 0
                        }
                    }
                },
                "mac_instances": 65536,
                "mac_utilized_instances": 65536
            },
            "factors": {
                "DRAM": {
                    "B": 64,
                    "S": 64,
                    "P": 64,
                    "F": 128,
                    "H": 32
                },
                "L3": {
                    "B": 1,
                    "S": 1,
                    "P": 1,
                    "F": 1,
                    "H": 1
                },
                "PE": {
                    "B": 1,
                    "S": 1,
                    "P": 256,
                    "F": 1,
                    "H": 1
                },
                "reg_file": {
                    "B": 1,
                    "S": 1,
                    "P": 1,
                    "F": 1,
                    "H": 1
                },
                "PE_col": {
                    "B": 1,
                    "S": 256,
                    "P": 1,
                    "F": 1,
                    "H": 1
                }
            }
        },
        "AR": {
            "tl_rst": {
                "comp_latency": 0.6425316765957447,
                "mem_latency": 0.0,
                "traffic": 0,
                "energy": 939189088.55,
                "traffic_energy": 922183373848.3138,
                "traffic_energy_foreach": {
                    "DRAM": 0.0,
                    "L3": 922183373848.3138,
                    "reg_file": 0.0,
                    "traffic": {
                        "DRAM": {
                            "read": 0.0,
                            "write": 0.0,
                            "update": 0,
                            "leak": 0
                        },
                        "L3": {
                            "read": 67108864.0,
                            "write": 67108864.0,
                            "update": 0,
                            "leak": 0
                        },
                        "reg_file_2d": {
                            "read": 0,
                            "write": 0,
                            "update": 0,
                            "leak": 0
                        },
                        "reg_file_1d": {
                            "read": 0.0,
                            "write": 0.0,
                            "update": 0,
                            "leak": 0
                        }
                    }
                },
                "mac_instances": 256,
                "mac_utilized_instances": 256
            },
            "factors": {
                "DRAM": {
                    "B": 64,
                    "S": 16384,
                    "P": 64
                },
                "L3": {
                    "B": 1,
                    "S": 1,
                    "P": 1
                },
                "PE": {
                    "B": 1,
                    "S": 1,
                    "P": 256
                },
                "reg_file": {
                    "B": 1,
                    "S": 1,
                    "P": 1
                }
            }
        },
        "FFNT": {
            "tl_rst": {
                "comp_latency": 1.1422785361702128,
                "mem_latency": 3.825,
                "traffic": 1642824990720,
                "energy": 3846918506704.54,
                "traffic_energy": 101657606531651.2,
                "traffic_energy_foreach": {
                    "DRAM": 51256139710464.0,
                    "L3": 50383940786573.016,
                    "reg_file": 17526034614.19008,
                    "traffic": {
                        "DRAM": {
                            "read": 136633647104.0,
                            "write": 68719476736.0,
                            "update": 0,
                            "leak": 0
                        },
                        "L3": {
                            "read": 4282384384.0,
                            "write": 3208642560.0,
                            "update": 0,
                            "leak": 0
                        },
                        "reg_file_2d": {
                            "read": 4278190080.0,
                            "write": 4286578688.0,
                            "update": 0,
                            "leak": 0
                        },
                        "reg_file_1d": {
                            "read": 0,
                            "write": 0,
                            "update": 0,
                            "leak": 0
                        }
                    }
                },
                "mac_instances": 65536,
                "mac_utilized_instances": 65536
            },
            "factors": {
                "DRAM": {
                    "B": 64,
                    "F": 128,
                    "H": 32,
                    "P": 64,
                    "S": 64
                },
                "L3": {
                    "B": 1,
                    "F": 1,
                    "H": 1,
                    "P": 1,
                    "S": 1
                },
                "PE": {
                    "B": 1,
                    "F": 1,
                    "H": 1,
                    "P": 256,
                    "S": 1
                },
                "reg_file": {
                    "B": 1,
                    "F": 1,
                    "H": 1,
                    "P": 1,
                    "S": 1
                },
                "PE_col": {
                    "B": 1,
                    "F": 1,
                    "H": 1,
                    "P": 1,
                    "S": 256
                }
            }
        }
    }
}