{
    "latency": 0.43922080608117936,
    "energy": 170668069849046.12,
    "energy_rsts": {
        "DRAM": 5347557428428.8,
        "L3": 14161015892251.67,
        "reg_file": 2067308824.5168,
        "PE": 151157429219541.12,
        "total": 170668069849046.12
    },
    "tl_rsts": {
        "FFN": {
            "tl_rst": {
                "comp_latency": 0.0713924085106383,
                "mem_latency": 0.1600000762939453,
                "traffic": 68719509504,
                "energy": 240432406669.03,
                "traffic_energy": 5809176689665.024,
                "traffic_energy_foreach": {
                    "DRAM": 2144048696524.8,
                    "L3": 3664156061479.094,
                    "reg_file": 971931661.12992,
                    "traffic": {
                        "DRAM": {
                            "read": 8589938688.0,
                            "write": 0.0,
                            "update": 0,
                            "leak": 0
                        },
                        "L3": {
                            "read": 264241216.0,
                            "write": 268435520.0,
                            "update": 0,
                            "leak": 0
                        },
                        "reg_file_2d": {
                            "read": 268419072.0,
                            "write": 201834560.0,
                            "update": 0,
                            "leak": 0
                        },
                        "reg_file_1d": {
                            "read": 0,
                            "write": 0,
                            "update": 0,
                            "leak": 0
                        }
                    }
                },
                "mac_instances": 65536,
                "mac_utilized_instances": 65536
            },
            "factors": {
                "DRAM": {
                    "B": 64,
                    "S": 64,
                    "P": 4,
                    "F": 128,
                    "H": 32
                },
                "L3": {
                    "B": 1,
                    "S": 1,
                    "P": 1,
                    "F": 1,
                    "H": 1
                },
                "PE": {
                    "B": 1,
                    "S": 1,
                    "P": 256,
                    "F": 1,
                    "H": 1
                },
                "reg_file": {
                    "B": 1,
                    "S": 1,
                    "P": 1,
                    "F": 1,
                    "H": 1
                },
                "PE_col": {
                    "B": 1,
                    "S": 256,
                    "P": 1,
                    "F": 1,
                    "H": 1
                }
            }
        },
        "AR": {
            "tl_rst": {
                "comp_latency": 0.040158229787234045,
                "mem_latency": 0.0,
                "traffic": 0,
                "energy": 58699318.03,
                "traffic_energy": 57636460865.519615,
                "traffic_energy_foreach": {
                    "DRAM": 0.0,
                    "L3": 57636460865.519615,
                    "reg_file": 0.0,
                    "traffic": {
                        "DRAM": {
                            "read": 0.0,
                            "write": 0.0,
                            "update": 0,
                            "leak": 0
                        },
                        "L3": {
                            "read": 4194304.0,
                            "write": 4194304.0,
                            "update": 0,
                            "leak": 0
                        },
                        "reg_file_2d": {
                            "read": 0,
                            "write": 0,
                            "update": 0,
                            "leak": 0
                        },
                        "reg_file_1d": {
                            "read": 0.0,
                            "write": 0.0,
                            "update": 0,
                            "leak": 0
                        }
                    }
                },
                "mac_instances": 256,
                "mac_utilized_instances": 256
            },
            "factors": {
                "DRAM": {
                    "B": 64,
                    "S": 16384,
                    "P": 4
                },
                "L3": {
                    "B": 1,
                    "S": 1,
                    "P": 1
                },
                "PE": {
                    "B": 1,
                    "S": 1,
                    "P": 256
                },
                "reg_file": {
                    "B": 1,
                    "S": 1,
                    "P": 1
                }
            }
        },
        "FFNT": {
            "tl_rst": {
                "comp_latency": 0.0713924085106383,
                "mem_latency": 0.2390625,
                "traffic": 102676561920,
                "energy": 240432406669.03,
                "traffic_energy": 6353600408228.2,
                "traffic_energy_foreach": {
                    "DRAM": 3203508731904.0,
                    "L3": 3148996299160.8135,
                    "reg_file": 1095377163.38688,
                    "traffic": {
                        "DRAM": {
                            "read": 8539602944.0,
                            "write": 4294967296.0,
                            "update": 0,
                            "leak": 0
                        },
                        "L3": {
                            "read": 267649024.0,
                            "write": 200540160.0,
                            "update": 0,
                            "leak": 0
                        },
                        "reg_file_2d": {
                            "read": 267386880.0,
                            "write": 267911168.0,
                            "update": 0,
                            "leak": 0
                        },
                        "reg_file_1d": {
                            "read": 0,
                            "write": 0,
                            "update": 0,
                            "leak": 0
                        }
                    }
                },
                "mac_instances": 65536,
                "mac_utilized_instances": 65536
            },
            "factors": {
                "DRAM": {
                    "B": 64,
                    "F": 128,
                    "H": 32,
                    "P": 4,
                    "S": 64
                },
                "L3": {
                    "B": 1,
                    "F": 1,
                    "H": 1,
                    "P": 1,
                    "S": 1
                },
                "PE": {
                    "B": 1,
                    "F": 1,
                    "H": 1,
                    "P": 256,
                    "S": 1
                },
                "reg_file": {
                    "B": 1,
                    "F": 1,
                    "H": 1,
                    "P": 1,
                    "S": 1
                },
                "PE_col": {
                    "B": 1,
                    "F": 1,
                    "H": 1,
                    "P": 1,
                    "S": 256
                }
            }
        }
    }
}