{
    "latency": 0.02662555355270061,
    "energy": 11006383768500.555,
    "energy_rsts": {
        "DRAM": 326894115225.6,
        "L3": 1243063509544.3574,
        "reg_file": 127424537.1318,
        "PE": 9436298719193.465,
        "total": 11006383768500.555
    },
    "tl_rsts": {
        "FFN": {
            "tl_rst": {
                "comp_latency": 0.004462025531914894,
                "mem_latency": 0.010000009536743164,
                "traffic": 4294971392,
                "energy": 15027025416.81,
                "traffic_energy": 467593604605.6909,
                "traffic_energy_foreach": {
                    "DRAM": 134003107430.4,
                    "L3": 333529718437.5626,
                    "reg_file": 60778737.72827999,
                    "traffic": {
                        "DRAM": {
                            "read": 536871424.0,
                            "write": 0.0,
                            "update": 0,
                            "leak": 0
                        },
                        "L3": {
                            "read": 23068680.0,
                            "write": 25165832.0,
                            "update": 0,
                            "leak": 0
                        },
                        "reg_file_2d": {
                            "read": 16769024.0,
                            "write": 12640264.0,
                            "update": 0,
                            "leak": 0
                        },
                        "reg_file_1d": {
                            "read": 0,
                            "write": 0,
                            "update": 0,
                            "leak": 0
                        }
                    }
                },
                "mac_instances": 65536,
                "mac_utilized_instances": 65536
            },
            "factors": {
                "DRAM": {
                    "B": 64,
                    "S": 8,
                    "P": 16,
                    "F": 64,
                    "H": 8
                },
                "L3": {
                    "B": 1,
                    "S": 1,
                    "P": 1,
                    "F": 1,
                    "H": 1
                },
                "PE": {
                    "B": 1,
                    "S": 1,
                    "P": 256,
                    "F": 1,
                    "H": 1
                },
                "reg_file": {
                    "B": 1,
                    "S": 1,
                    "P": 1,
                    "F": 1,
                    "H": 1
                },
                "PE_col": {
                    "B": 1,
                    "S": 256,
                    "P": 1,
                    "F": 1,
                    "H": 1
                }
            }
        },
        "AR": {
            "tl_rst": {
                "comp_latency": 0.002231012765957447,
                "mem_latency": 0.0,
                "traffic": 0,
                "energy": 29349659.02,
                "traffic_energy": 28818230432.759808,
                "traffic_energy_foreach": {
                    "DRAM": 0.0,
                    "L3": 28818230432.759808,
                    "reg_file": 0.0,
                    "traffic": {
                        "DRAM": {
                            "read": 0.0,
                            "write": 0.0,
                            "update": 0,
                            "leak": 0
                        },
                        "L3": {
                            "read": 2097152.0,
                            "write": 2097152.0,
                            "update": 0,
                            "leak": 0
                        },
                        "reg_file_2d": {
                            "read": 0,
                            "write": 0,
                            "update": 0,
                            "leak": 0
                        },
                        "reg_file_1d": {
                            "read": 0.0,
                            "write": 0.0,
                            "update": 0,
                            "leak": 0
                        }
                    }
                },
                "mac_instances": 256,
                "mac_utilized_instances": 256
            },
            "factors": {
                "DRAM": {
                    "B": 64,
                    "S": 2048,
                    "P": 16
                },
                "L3": {
                    "B": 1,
                    "S": 1,
                    "P": 1
                },
                "PE": {
                    "B": 1,
                    "S": 1,
                    "P": 256
                },
                "reg_file": {
                    "B": 1,
                    "S": 1,
                    "P": 1
                }
            }
        },
        "FFNT": {
            "tl_rst": {
                "comp_latency": 0.004462025531914894,
                "mem_latency": 0.01439453125,
                "traffic": 6182404096,
                "energy": 15027025416.81,
                "traffic_energy": 432622561138.50775,
                "traffic_energy_foreach": {
                    "DRAM": 192891007795.19998,
                    "L3": 239664907543.90424,
                    "reg_file": 66645799.40352,
                    "traffic": {
                        "DRAM": {
                            "read": 504365056.0,
                            "write": 268435456.0,
                            "update": 0,
                            "leak": 0
                        },
                        "L3": {
                            "read": 24657920.0,
                            "write": 12075008.0,
                            "update": 0,
                            "leak": 0
                        },
                        "reg_file_2d": {
                            "read": 16252928.0,
                            "write": 16318464.0,
                            "update": 0,
                            "leak": 0
                        },
                        "reg_file_1d": {
                            "read": 0,
                            "write": 0,
                            "update": 0,
                            "leak": 0
                        }
                    }
                },
                "mac_instances": 65536,
                "mac_utilized_instances": 65536
            },
            "factors": {
                "DRAM": {
                    "B": 64,
                    "F": 64,
                    "H": 8,
                    "P": 16,
                    "S": 8
                },
                "L3": {
                    "B": 1,
                    "F": 1,
                    "H": 1,
                    "P": 1,
                    "S": 1
                },
                "PE": {
                    "B": 1,
                    "F": 1,
                    "H": 1,
                    "P": 256,
                    "S": 1
                },
                "reg_file": {
                    "B": 1,
                    "F": 1,
                    "H": 1,
                    "P": 1,
                    "S": 1
                },
                "PE_col": {
                    "B": 1,
                    "F": 1,
                    "H": 1,
                    "P": 1,
                    "S": 256
                }
            }
        }
    }
}