{
    "latency": 1.6526424275841247,
    "energy": 704093265602956.1,
    "energy_rsts": {
        "DRAM": 21189221410406.4,
        "L3": 78973182909662.12,
        "reg_file": 8224909318.19064,
        "PE": 603922636373569.4,
        "total": 704093265602956.1
    },
    "tl_rsts": {
        "FFN": {
            "tl_rst": {
                "comp_latency": 0.2855696340425532,
                "mem_latency": 0.6400000190734864,
                "traffic": 274877915136,
                "energy": 961729626676.13,
                "traffic_energy": 30319230041632.54,
                "traffic_energy_foreach": {
                    "DRAM": 8576190952243.2,
                    "L3": 21739148178197.023,
                    "reg_file": 3890911192.31544,
                    "traffic": {
                        "DRAM": {
                            "read": 34359739392.0,
                            "write": 0.0,
                            "update": 0,
                            "leak": 0
                        },
                        "L3": {
                            "read": 1543503888.0,
                            "write": 1610612752.0,
                            "update": 0,
                            "leak": 0
                        },
                        "reg_file_2d": {
                            "read": 1073479680.0,
                            "write": 809238544.0,
                            "update": 0,
                            "leak": 0
                        },
                        "reg_file_1d": {
                            "read": 0,
                            "write": 0,
                            "update": 0,
                            "leak": 0
                        }
                    }
                },
                "mac_instances": 65536,
                "mac_utilized_instances": 65536
            },
            "factors": {
                "DRAM": {
                    "B": 64,
                    "S": 16,
                    "P": 256,
                    "F": 64,
                    "H": 16
                },
                "L3": {
                    "B": 1,
                    "S": 1,
                    "P": 1,
                    "F": 1,
                    "H": 1
                },
                "PE": {
                    "B": 1,
                    "S": 1,
                    "P": 256,
                    "F": 1,
                    "H": 1
                },
                "reg_file": {
                    "B": 1,
                    "S": 1,
                    "P": 1,
                    "F": 1,
                    "H": 1
                },
                "PE_col": {
                    "B": 1,
                    "S": 256,
                    "P": 1,
                    "F": 1,
                    "H": 1
                }
            }
        },
        "AR": {
            "tl_rst": {
                "comp_latency": 0.0713924085106383,
                "mem_latency": 0.0,
                "traffic": 0,
                "energy": 939189088.55,
                "traffic_energy": 922183373848.3138,
                "traffic_energy_foreach": {
                    "DRAM": 0.0,
                    "L3": 922183373848.3138,
                    "reg_file": 0.0,
                    "traffic": {
                        "DRAM": {
                            "read": 0.0,
                            "write": 0.0,
                            "update": 0,
                            "leak": 0
                        },
                        "L3": {
                            "read": 67108864.0,
                            "write": 67108864.0,
                            "update": 0,
                            "leak": 0
                        },
                        "reg_file_2d": {
                            "read": 0,
                            "write": 0,
                            "update": 0,
                            "leak": 0
                        },
                        "reg_file_1d": {
                            "read": 0.0,
                            "write": 0.0,
                            "update": 0,
                            "leak": 0
                        }
                    }
                },
                "mac_instances": 256,
                "mac_utilized_instances": 256
            },
            "factors": {
                "DRAM": {
                    "B": 64,
                    "S": 4096,
                    "P": 256
                },
                "L3": {
                    "B": 1,
                    "S": 1,
                    "P": 1
                },
                "PE": {
                    "B": 1,
                    "S": 1,
                    "P": 256
                },
                "reg_file": {
                    "B": 1,
                    "S": 1,
                    "P": 1
                }
            }
        },
        "FFNT": {
            "tl_rst": {
                "comp_latency": 0.2855696340425532,
                "mem_latency": 0.94125,
                "traffic": 404263796736,
                "energy": 961729626676.13,
                "traffic_energy": 28186464382561.023,
                "traffic_energy_foreach": {
                    "DRAM": 12613030458163.2,
                    "L3": 15569099926271.95,
                    "reg_file": 4333998125.8752,
                    "traffic": {
                        "DRAM": {
                            "read": 33353105408.0,
                            "write": 17179869184.0,
                            "update": 0,
                            "leak": 0
                        },
                        "L3": {
                            "read": 1594884096.0,
                            "write": 789577728.0,
                            "update": 0,
                            "leak": 0
                        },
                        "reg_file_2d": {
                            "read": 1056964608.0,
                            "write": 1061158912.0,
                            "update": 0,
                            "leak": 0
                        },
                        "reg_file_1d": {
                            "read": 0,
                            "write": 0,
                            "update": 0,
                            "leak": 0
                        }
                    }
                },
                "mac_instances": 65536,
                "mac_utilized_instances": 65536
            },
            "factors": {
                "DRAM": {
                    "B": 64,
                    "F": 64,
                    "H": 16,
                    "P": 256,
                    "S": 16
                },
                "L3": {
                    "B": 1,
                    "F": 1,
                    "H": 1,
                    "P": 1,
                    "S": 1
                },
                "PE": {
                    "B": 1,
                    "F": 1,
                    "H": 1,
                    "P": 256,
                    "S": 1
                },
                "reg_file": {
                    "B": 1,
                    "F": 1,
                    "H": 1,
                    "P": 1,
                    "S": 1
                },
                "PE_col": {
                    "B": 1,
                    "F": 1,
                    "H": 1,
                    "P": 1,
                    "S": 256
                }
            }
        }
    }
}