{
    "latency": 28.110126782676925,
    "energy": 1.092275629196116e+16,
    "energy_rsts": {
        "DRAM": 342243611010662.4,
        "L3": 906304903142767.2,
        "reg_file": 132307757098.45728,
        "PE": 9674075470050632.0,
        "total": 1.092275629196116e+16
    },
    "tl_rsts": {
        "FFN": {
            "tl_rst": {
                "comp_latency": 4.569114144680851,
                "mem_latency": 10.240000076293946,
                "traffic": 4398046543872,
                "energy": 15387674026818.14,
                "traffic_energy": 371787188315966.4,
                "traffic_energy_foreach": {
                    "DRAM": 137219052168806.39,
                    "L3": 234505932528518.3,
                    "reg_file": 62203618641.69696,
                    "traffic": {
                        "DRAM": {
                            "read": 549755817984.0,
                            "write": 0.0,
                            "update": 0,
                            "leak": 0
                        },
                        "L3": {
                            "read": 16911433792.0,
                            "write": 17179869248.0,
                            "update": 0,
                            "leak": 0
                        },
                        "reg_file_2d": {
                            "read": 17178820608.0,
                            "write": 12917407808.0,
                            "update": 0,
                            "leak": 0
                        },
                        "reg_file_1d": {
                            "read": 0,
                            "write": 0,
                            "update": 0,
                            "leak": 0
                        }
                    }
                },
                "mac_instances": 65536,
                "mac_utilized_instances": 65536
            },
            "factors": {
                "DRAM": {
                    "B": 64,
                    "S": 64,
                    "P": 256,
                    "F": 128,
                    "H": 32
                },
                "L3": {
                    "B": 1,
                    "S": 1,
                    "P": 1,
                    "F": 1,
                    "H": 1
                },
                "PE": {
                    "B": 1,
                    "S": 1,
                    "P": 256,
                    "F": 1,
                    "H": 1
                },
                "reg_file": {
                    "B": 1,
                    "S": 1,
                    "P": 1,
                    "F": 1,
                    "H": 1
                },
                "PE_col": {
                    "B": 1,
                    "S": 256,
                    "P": 1,
                    "F": 1,
                    "H": 1
                }
            }
        },
        "AR": {
            "tl_rst": {
                "comp_latency": 2.570126706382979,
                "mem_latency": 0.0,
                "traffic": 0,
                "energy": 3756756354.2,
                "traffic_energy": 3688733495393.2554,
                "traffic_energy_foreach": {
                    "DRAM": 0.0,
                    "L3": 3688733495393.2554,
                    "reg_file": 0.0,
                    "traffic": {
                        "DRAM": {
                            "read": 0.0,
                            "write": 0.0,
                            "update": 0,
                            "leak": 0
                        },
                        "L3": {
                            "read": 268435456.0,
                            "write": 268435456.0,
                            "update": 0,
                            "leak": 0
                        },
                        "reg_file_2d": {
                            "read": 0,
                            "write": 0,
                            "update": 0,
                            "leak": 0
                        },
                        "reg_file_1d": {
                            "read": 0.0,
                            "write": 0.0,
                            "update": 0,
                            "leak": 0
                        }
                    }
                },
                "mac_instances": 256,
                "mac_utilized_instances": 256
            },
            "factors": {
                "DRAM": {
                    "B": 64,
                    "S": 16384,
                    "P": 256
                },
                "L3": {
                    "B": 1,
                    "S": 1,
                    "P": 1
                },
                "PE": {
                    "B": 1,
                    "S": 1,
                    "P": 256
                },
                "reg_file": {
                    "B": 1,
                    "S": 1,
                    "P": 1
                }
            }
        },
        "FFNT": {
            "tl_rst": {
                "comp_latency": 4.569114144680851,
                "mem_latency": 15.3,
                "traffic": 6571299962880,
                "energy": 15387674026818.14,
                "traffic_energy": 406630426126604.8,
                "traffic_energy_foreach": {
                    "DRAM": 205024558841856.0,
                    "L3": 201535763146292.06,
                    "reg_file": 70104138456.76031,
                    "traffic": {
                        "DRAM": {
                            "read": 546534588416.0,
                            "write": 274877906944.0,
                            "update": 0,
                            "leak": 0
                        },
                        "L3": {
                            "read": 17129537536.0,
                            "write": 12834570240.0,
                            "update": 0,
                            "leak": 0
                        },
                        "reg_file_2d": {
                            "read": 17112760320.0,
                            "write": 17146314752.0,
                            "update": 0,
                            "leak": 0
                        },
                        "reg_file_1d": {
                            "read": 0,
                            "write": 0,
                            "update": 0,
                            "leak": 0
                        }
                    }
                },
                "mac_instances": 65536,
                "mac_utilized_instances": 65536
            },
            "factors": {
                "DRAM": {
                    "B": 64,
                    "F": 128,
                    "H": 32,
                    "P": 256,
                    "S": 64
                },
                "L3": {
                    "B": 1,
                    "F": 1,
                    "H": 1,
                    "P": 1,
                    "S": 1
                },
                "PE": {
                    "B": 1,
                    "F": 1,
                    "H": 1,
                    "P": 256,
                    "S": 1
                },
                "reg_file": {
                    "B": 1,
                    "F": 1,
                    "H": 1,
                    "P": 1,
                    "S": 1
                },
                "PE_col": {
                    "B": 1,
                    "F": 1,
                    "H": 1,
                    "P": 1,
                    "S": 256
                }
            }
        }
    }
}