{
    "latency": 0.02136879371834613,
    "energy": 6222405226944.022,
    "energy_rsts": {
        "DRAM": 185448407040.0,
        "L3": 695808195775.4199,
        "reg_file": 72084948.5457,
        "PE": 5341076539180.057,
        "total": 6222405226944.022
    },
    "tl_rsts": {
        "FFN": {
            "tl_rst": {
                "comp_latency": 0.002509889361702128,
                "mem_latency": 0.005625014305114746,
                "traffic": 2415925248,
                "energy": 8452701796.96,
                "traffic_energy": 265325848640.71222,
                "traffic_energy_foreach": {
                    "DRAM": 75376867737.59999,
                    "L3": 189914786562.22348,
                    "reg_file": 34194340.88874,
                    "traffic": {
                        "DRAM": {
                            "read": 301990656.0,
                            "write": 0.0,
                            "update": 0,
                            "leak": 0
                        },
                        "L3": {
                            "read": 13369356.0,
                            "write": 14155788.0,
                            "update": 0,
                            "leak": 0
                        },
                        "reg_file_2d": {
                            "read": 9434112.0,
                            "write": 7111692.0,
                            "update": 0,
                            "leak": 0
                        },
                        "reg_file_1d": {
                            "read": 0,
                            "write": 0,
                            "update": 0,
                            "leak": 0
                        }
                    }
                },
                "mac_instances": 65536,
                "mac_utilized_instances": 65536
            },
            "factors": {
                "DRAM": {
                    "B": 64,
                    "S": 12,
                    "P": 4,
                    "F": 64,
                    "H": 12
                },
                "L3": {
                    "B": 1,
                    "S": 1,
                    "P": 1,
                    "F": 1,
                    "H": 1
                },
                "PE": {
                    "B": 1,
                    "S": 1,
                    "P": 256,
                    "F": 1,
                    "H": 1
                },
                "reg_file": {
                    "B": 1,
                    "S": 1,
                    "P": 1,
                    "F": 1,
                    "H": 1
                },
                "PE_col": {
                    "B": 1,
                    "S": 256,
                    "P": 1,
                    "F": 1,
                    "H": 1
                }
            }
        },
        "AR": {
            "tl_rst": {
                "comp_latency": 0.0075296680851063835,
                "mem_latency": 0.0,
                "traffic": 0,
                "energy": 11006122.13,
                "traffic_energy": 10806836412.284927,
                "traffic_energy_foreach": {
                    "DRAM": 0.0,
                    "L3": 10806836412.284927,
                    "reg_file": 0.0,
                    "traffic": {
                        "DRAM": {
                            "read": 0.0,
                            "write": 0.0,
                            "update": 0,
                            "leak": 0
                        },
                        "L3": {
                            "read": 786432.0,
                            "write": 786432.0,
                            "update": 0,
                            "leak": 0
                        },
                        "reg_file_2d": {
                            "read": 0,
                            "write": 0,
                            "update": 0,
                            "leak": 0
                        },
                        "reg_file_1d": {
                            "read": 0.0,
                            "write": 0.0,
                            "update": 0,
                            "leak": 0
                        }
                    }
                },
                "mac_instances": 256,
                "mac_utilized_instances": 256
            },
            "factors": {
                "DRAM": {
                    "B": 64,
                    "S": 3072,
                    "P": 4
                },
                "L3": {
                    "B": 1,
                    "S": 1,
                    "P": 1
                },
                "PE": {
                    "B": 1,
                    "S": 1,
                    "P": 256
                },
                "reg_file": {
                    "B": 1,
                    "S": 1,
                    "P": 1
                }
            }
        },
        "FFNT": {
            "tl_rst": {
                "comp_latency": 0.002509889361702128,
                "mem_latency": 0.008214111328125,
                "traffic": 3527933952,
                "energy": 8452701796.96,
                "traffic_energy": 246271794955.03873,
                "traffic_energy_foreach": {
                    "DRAM": 110071539302.4,
                    "L3": 136162365044.98177,
                    "reg_file": 37890607.65696,
                    "traffic": {
                        "DRAM": {
                            "read": 289996800.0,
                            "write": 150994944.0,
                            "update": 0,
                            "leak": 0
                        },
                        "L3": {
                            "read": 13968384.0,
                            "write": 6890496.0,
                            "update": 0,
                            "leak": 0
                        },
                        "reg_file_2d": {
                            "read": 9240576.0,
                            "write": 9277440.0,
                            "update": 0,
                            "leak": 0
                        },
                        "reg_file_1d": {
                            "read": 0,
                            "write": 0,
                            "update": 0,
                            "leak": 0
                        }
                    }
                },
                "mac_instances": 65536,
                "mac_utilized_instances": 65536
            },
            "factors": {
                "DRAM": {
                    "B": 64,
                    "F": 64,
                    "H": 12,
                    "P": 4,
                    "S": 12
                },
                "L3": {
                    "B": 1,
                    "F": 1,
                    "H": 1,
                    "P": 1,
                    "S": 1
                },
                "PE": {
                    "B": 1,
                    "F": 1,
                    "H": 1,
                    "P": 256,
                    "S": 1
                },
                "reg_file": {
                    "B": 1,
                    "F": 1,
                    "H": 1,
                    "P": 1,
                    "S": 1
                },
                "PE_col": {
                    "B": 1,
                    "F": 1,
                    "H": 1,
                    "P": 1,
                    "S": 256
                }
            }
        }
    }
}