{
    "latency": 1.3676018967519235,
    "energy": 398233901078581.6,
    "energy_rsts": {
        "DRAM": 11868685973913.6,
        "L3": 44531703161875.69,
        "reg_file": 4613435268.68394,
        "PE": 341828898507523.6,
        "total": 398233901078581.6
    },
    "tl_rsts": {
        "FFN": {
            "tl_rst": {
                "comp_latency": 0.16063291914893618,
                "mem_latency": 0.36000001430511475,
                "traffic": 154618828800,
                "energy": 540972915005.33,
                "traffic_energy": 16980831846268.994,
                "traffic_energy_foreach": {
                    "DRAM": 4824107458560.0,
                    "L3": 12154535951330.355,
                    "reg_file": 2188436378.6385,
                    "traffic": {
                        "DRAM": {
                            "read": 19327353600.0,
                            "write": 0.0,
                            "update": 0,
                            "leak": 0
                        },
                        "L3": {
                            "read": 855638028.0,
                            "write": 905969676.0,
                            "update": 0,
                            "leak": 0
                        },
                        "reg_file_2d": {
                            "read": 603783168.0,
                            "write": 455147532.0,
                            "update": 0,
                            "leak": 0
                        },
                        "reg_file_1d": {
                            "read": 0,
                            "write": 0,
                            "update": 0,
                            "leak": 0
                        }
                    }
                },
                "mac_instances": 65536,
                "mac_utilized_instances": 65536
            },
            "factors": {
                "DRAM": {
                    "B": 64,
                    "S": 12,
                    "P": 256,
                    "F": 64,
                    "H": 12
                },
                "L3": {
                    "B": 1,
                    "S": 1,
                    "P": 1,
                    "F": 1,
                    "H": 1
                },
                "PE": {
                    "B": 1,
                    "S": 1,
                    "P": 256,
                    "F": 1,
                    "H": 1
                },
                "reg_file": {
                    "B": 1,
                    "S": 1,
                    "P": 1,
                    "F": 1,
                    "H": 1
                },
                "PE_col": {
                    "B": 1,
                    "S": 256,
                    "P": 1,
                    "F": 1,
                    "H": 1
                }
            }
        },
        "AR": {
            "tl_rst": {
                "comp_latency": 0.48189875744680855,
                "mem_latency": 0.0,
                "traffic": 0,
                "energy": 704391816.41,
                "traffic_energy": 691637530386.2354,
                "traffic_energy_foreach": {
                    "DRAM": 0.0,
                    "L3": 691637530386.2354,
                    "reg_file": 0.0,
                    "traffic": {
                        "DRAM": {
                            "read": 0.0,
                            "write": 0.0,
                            "update": 0,
                            "leak": 0
                        },
                        "L3": {
                            "read": 50331648.0,
                            "write": 50331648.0,
                            "update": 0,
                            "leak": 0
                        },
                        "reg_file_2d": {
                            "read": 0,
                            "write": 0,
                            "update": 0,
                            "leak": 0
                        },
                        "reg_file_1d": {
                            "read": 0.0,
                            "write": 0.0,
                            "update": 0,
                            "leak": 0
                        }
                    }
                },
                "mac_instances": 256,
                "mac_utilized_instances": 256
            },
            "factors": {
                "DRAM": {
                    "B": 64,
                    "S": 3072,
                    "P": 256
                },
                "L3": {
                    "B": 1,
                    "S": 1,
                    "P": 1
                },
                "PE": {
                    "B": 1,
                    "S": 1,
                    "P": 256
                },
                "reg_file": {
                    "B": 1,
                    "S": 1,
                    "P": 1
                }
            }
        },
        "FFNT": {
            "tl_rst": {
                "comp_latency": 0.16063291914893618,
                "mem_latency": 0.525703125,
                "traffic": 225787772928,
                "energy": 540972915005.33,
                "traffic_energy": 15761394877122.479,
                "traffic_energy_foreach": {
                    "DRAM": 7044578515353.6,
                    "L3": 8714391362878.833,
                    "reg_file": 2424998890.04544,
                    "traffic": {
                        "DRAM": {
                            "read": 18559795200.0,
                            "write": 9663676416.0,
                            "update": 0,
                            "leak": 0
                        },
                        "L3": {
                            "read": 893976576.0,
                            "write": 440991744.0,
                            "update": 0,
                            "leak": 0
                        },
                        "reg_file_2d": {
                            "read": 591396864.0,
                            "write": 593756160.0,
                            "update": 0,
                            "leak": 0
                        },
                        "reg_file_1d": {
                            "read": 0,
                            "write": 0,
                            "update": 0,
                            "leak": 0
                        }
                    }
                },
                "mac_instances": 65536,
                "mac_utilized_instances": 65536
            },
            "factors": {
                "DRAM": {
                    "B": 64,
                    "F": 64,
                    "H": 12,
                    "P": 256,
                    "S": 12
                },
                "L3": {
                    "B": 1,
                    "F": 1,
                    "H": 1,
                    "P": 1,
                    "S": 1
                },
                "PE": {
                    "B": 1,
                    "F": 1,
                    "H": 1,
                    "P": 256,
                    "S": 1
                },
                "reg_file": {
                    "B": 1,
                    "F": 1,
                    "H": 1,
                    "P": 1,
                    "S": 1
                },
                "PE_col": {
                    "B": 1,
                    "F": 1,
                    "H": 1,
                    "P": 1,
                    "S": 256
                }
            }
        }
    }
}