{
    "latency": 0.10329016960540122,
    "energy": 44005829763792.61,
    "energy_rsts": {
        "DRAM": 1324326577766.4,
        "L3": 4935824355817.201,
        "reg_file": 514056860.92344,
        "PE": 37745164773348.086,
        "total": 44005829763792.61
    },
    "tl_rsts": {
        "FFN": {
            "tl_rst": {
                "comp_latency": 0.017848102127659575,
                "mem_latency": 0.040000019073486326,
                "traffic": 17179877376,
                "energy": 60108101667.26,
                "traffic_energy": 1894952323370.6167,
                "traffic_energy_foreach": {
                    "DRAM": 536012174131.2,
                    "L3": 1358696967261.3606,
                    "reg_file": 243181978.05624,
                    "traffic": {
                        "DRAM": {
                            "read": 2147484672.0,
                            "write": 0.0,
                            "update": 0,
                            "leak": 0
                        },
                        "L3": {
                            "read": 96469008.0,
                            "write": 100663312.0,
                            "update": 0,
                            "leak": 0
                        },
                        "reg_file_2d": {
                            "read": 67092480.0,
                            "write": 50577424.0,
                            "update": 0,
                            "leak": 0
                        },
                        "reg_file_1d": {
                            "read": 0,
                            "write": 0,
                            "update": 0,
                            "leak": 0
                        }
                    }
                },
                "mac_instances": 65536,
                "mac_utilized_instances": 65536
            },
            "factors": {
                "DRAM": {
                    "B": 64,
                    "S": 16,
                    "P": 16,
                    "F": 64,
                    "H": 16
                },
                "L3": {
                    "B": 1,
                    "S": 1,
                    "P": 1,
                    "F": 1,
                    "H": 1
                },
                "PE": {
                    "B": 1,
                    "S": 1,
                    "P": 256,
                    "F": 1,
                    "H": 1
                },
                "reg_file": {
                    "B": 1,
                    "S": 1,
                    "P": 1,
                    "F": 1,
                    "H": 1
                },
                "PE_col": {
                    "B": 1,
                    "S": 256,
                    "P": 1,
                    "F": 1,
                    "H": 1
                }
            }
        },
        "AR": {
            "tl_rst": {
                "comp_latency": 0.004462025531914894,
                "mem_latency": 0.0,
                "traffic": 0,
                "energy": 58699318.03,
                "traffic_energy": 57636460865.519615,
                "traffic_energy_foreach": {
                    "DRAM": 0.0,
                    "L3": 57636460865.519615,
                    "reg_file": 0.0,
                    "traffic": {
                        "DRAM": {
                            "read": 0.0,
                            "write": 0.0,
                            "update": 0,
                            "leak": 0
                        },
                        "L3": {
                            "read": 4194304.0,
                            "write": 4194304.0,
                            "update": 0,
                            "leak": 0
                        },
                        "reg_file_2d": {
                            "read": 0,
                            "write": 0,
                            "update": 0,
                            "leak": 0
                        },
                        "reg_file_1d": {
                            "read": 0.0,
                            "write": 0.0,
                            "update": 0,
                            "leak": 0
                        }
                    }
                },
                "mac_instances": 256,
                "mac_utilized_instances": 256
            },
            "factors": {
                "DRAM": {
                    "B": 64,
                    "S": 4096,
                    "P": 16
                },
                "L3": {
                    "B": 1,
                    "S": 1,
                    "P": 1
                },
                "PE": {
                    "B": 1,
                    "S": 1,
                    "P": 256
                },
                "reg_file": {
                    "B": 1,
                    "S": 1,
                    "P": 1
                }
            }
        },
        "FFNT": {
            "tl_rst": {
                "comp_latency": 0.017848102127659575,
                "mem_latency": 0.058828125,
                "traffic": 25266487296,
                "energy": 60108101667.26,
                "traffic_energy": 1761654023910.064,
                "traffic_energy_foreach": {
                    "DRAM": 788314403635.2,
                    "L3": 973068745391.9968,
                    "reg_file": 270874882.8672,
                    "traffic": {
                        "DRAM": {
                            "read": 2084569088.0,
                            "write": 1073741824.0,
                            "update": 0,
                            "leak": 0
                        },
                        "L3": {
                            "read": 99680256.0,
                            "write": 49348608.0,
                            "update": 0,
                            "leak": 0
                        },
                        "reg_file_2d": {
                            "read": 66060288.0,
                            "write": 66322432.0,
                            "update": 0,
                            "leak": 0
                        },
                        "reg_file_1d": {
                            "read": 0,
                            "write": 0,
                            "update": 0,
                            "leak": 0
                        }
                    }
                },
                "mac_instances": 65536,
                "mac_utilized_instances": 65536
            },
            "factors": {
                "DRAM": {
                    "B": 64,
                    "F": 64,
                    "H": 16,
                    "P": 16,
                    "S": 16
                },
                "L3": {
                    "B": 1,
                    "F": 1,
                    "H": 1,
                    "P": 1,
                    "S": 1
                },
                "PE": {
                    "B": 1,
                    "F": 1,
                    "H": 1,
                    "P": 256,
                    "S": 1
                },
                "reg_file": {
                    "B": 1,
                    "F": 1,
                    "H": 1,
                    "P": 1,
                    "S": 1
                },
                "PE_col": {
                    "B": 1,
                    "F": 1,
                    "H": 1,
                    "P": 1,
                    "S": 256
                }
            }
        }
    }
}