{
    "latency": 0.4260087137920623,
    "energy": 176102134987146.03,
    "energy_rsts": {
        "DRAM": 5230303926681.6,
        "L3": 19889012761003.184,
        "reg_file": 2038792365.8166,
        "PE": 150980779507095.44,
        "total": 176102134987146.03
    },
    "tl_rsts": {
        "FFN": {
            "tl_rst": {
                "comp_latency": 0.0713924085106383,
                "mem_latency": 0.16000000953674318,
                "traffic": 68719480832,
                "energy": 240432406669.03,
                "traffic_energy": 7481494107542.39,
                "traffic_energy_foreach": {
                    "DRAM": 2144047801958.4,
                    "L3": 5336473846008.629,
                    "reg_file": 972459575.3602799,
                    "traffic": {
                        "DRAM": {
                            "read": 8589935104.0,
                            "write": 0.0,
                            "update": 0,
                            "leak": 0
                        },
                        "L3": {
                            "read": 369098760.0,
                            "write": 402653192.0,
                            "update": 0,
                            "leak": 0
                        },
                        "reg_file_2d": {
                            "read": 268304384.0,
                            "write": 202244104.0,
                            "update": 0,
                            "leak": 0
                        },
                        "reg_file_1d": {
                            "read": 0,
                            "write": 0,
                            "update": 0,
                            "leak": 0
                        }
                    }
                },
                "mac_instances": 65536,
                "mac_utilized_instances": 65536
            },
            "factors": {
                "DRAM": {
                    "B": 64,
                    "S": 8,
                    "P": 256,
                    "F": 64,
                    "H": 8
                },
                "L3": {
                    "B": 1,
                    "S": 1,
                    "P": 1,
                    "F": 1,
                    "H": 1
                },
                "PE": {
                    "B": 1,
                    "S": 1,
                    "P": 256,
                    "F": 1,
                    "H": 1
                },
                "reg_file": {
                    "B": 1,
                    "S": 1,
                    "P": 1,
                    "F": 1,
                    "H": 1
                },
                "PE_col": {
                    "B": 1,
                    "S": 256,
                    "P": 1,
                    "F": 1,
                    "H": 1
                }
            }
        },
        "AR": {
            "tl_rst": {
                "comp_latency": 0.03569620425531915,
                "mem_latency": 0.0,
                "traffic": 0,
                "energy": 469594544.28,
                "traffic_energy": 461091686924.1569,
                "traffic_energy_foreach": {
                    "DRAM": 0.0,
                    "L3": 461091686924.1569,
                    "reg_file": 0.0,
                    "traffic": {
                        "DRAM": {
                            "read": 0.0,
                            "write": 0.0,
                            "update": 0,
                            "leak": 0
                        },
                        "L3": {
                            "read": 33554432.0,
                            "write": 33554432.0,
                            "update": 0,
                            "leak": 0
                        },
                        "reg_file_2d": {
                            "read": 0,
                            "write": 0,
                            "update": 0,
                            "leak": 0
                        },
                        "reg_file_1d": {
                            "read": 0.0,
                            "write": 0.0,
                            "update": 0,
                            "leak": 0
                        }
                    }
                },
                "mac_instances": 256,
                "mac_utilized_instances": 256
            },
            "factors": {
                "DRAM": {
                    "B": 64,
                    "S": 2048,
                    "P": 256
                },
                "L3": {
                    "B": 1,
                    "S": 1,
                    "P": 1
                },
                "PE": {
                    "B": 1,
                    "S": 1,
                    "P": 256
                },
                "reg_file": {
                    "B": 1,
                    "S": 1,
                    "P": 1
                }
            }
        },
        "FFNT": {
            "tl_rst": {
                "comp_latency": 0.0713924085106383,
                "mem_latency": 0.2303125,
                "traffic": 98918465536,
                "energy": 240432406669.03,
                "traffic_energy": 6921960978216.124,
                "traffic_energy_foreach": {
                    "DRAM": 3086256124723.1997,
                    "L3": 3834638520702.468,
                    "reg_file": 1066332790.45632,
                    "traffic": {
                        "DRAM": {
                            "read": 8069840896.0,
                            "write": 4294967296.0,
                            "update": 0,
                            "leak": 0
                        },
                        "L3": {
                            "read": 394526720.0,
                            "write": 193200128.0,
                            "update": 0,
                            "leak": 0
                        },
                        "reg_file_2d": {
                            "read": 260046848.0,
                            "write": 261095424.0,
                            "update": 0,
                            "leak": 0
                        },
                        "reg_file_1d": {
                            "read": 0,
                            "write": 0,
                            "update": 0,
                            "leak": 0
                        }
                    }
                },
                "mac_instances": 65536,
                "mac_utilized_instances": 65536
            },
            "factors": {
                "DRAM": {
                    "B": 64,
                    "F": 64,
                    "H": 8,
                    "P": 256,
                    "S": 8
                },
                "L3": {
                    "B": 1,
                    "F": 1,
                    "H": 1,
                    "P": 1,
                    "S": 1
                },
                "PE": {
                    "B": 1,
                    "F": 1,
                    "H": 1,
                    "P": 256,
                    "S": 1
                },
                "reg_file": {
                    "B": 1,
                    "F": 1,
                    "H": 1,
                    "P": 1,
                    "S": 1
                },
                "PE_col": {
                    "B": 1,
                    "F": 1,
                    "H": 1,
                    "P": 1,
                    "S": 256
                }
            }
        }
    }
}