{
    "latency": 0.3419004849168169,
    "energy": 99558475667810.11,
    "energy_rsts": {
        "DRAM": 2967171637248.0,
        "L3": 11132926044846.914,
        "reg_file": 1153358834.2929,
        "PE": 85457224626880.9,
        "total": 99558475667810.11
    },
    "tl_rsts": {
        "FFN": {
            "tl_rst": {
                "comp_latency": 0.040158229787234045,
                "mem_latency": 0.09000001430511474,
                "traffic": 38654711808,
                "energy": 135243228751.33,
                "traffic_energy": 4245208229028.399,
                "traffic_energy_foreach": {
                    "DRAM": 1206027008409.5999,
                    "L3": 3038634111507.017,
                    "reg_file": 547109111.7815399,
                    "traffic": {
                        "DRAM": {
                            "read": 4831838976.0,
                            "write": 0.0,
                            "update": 0,
                            "leak": 0
                        },
                        "L3": {
                            "read": 213909516.0,
                            "write": 226492428.0,
                            "update": 0,
                            "leak": 0
                        },
                        "reg_file_2d": {
                            "read": 150945792.0,
                            "write": 113786892.0,
                            "update": 0,
                            "leak": 0
                        },
                        "reg_file_1d": {
                            "read": 0,
                            "write": 0,
                            "update": 0,
                            "leak": 0
                        }
                    }
                },
                "mac_instances": 65536,
                "mac_utilized_instances": 65536
            },
            "factors": {
                "DRAM": {
                    "B": 64,
                    "S": 12,
                    "P": 64,
                    "F": 64,
                    "H": 12
                },
                "L3": {
                    "B": 1,
                    "S": 1,
                    "P": 1,
                    "F": 1,
                    "H": 1
                },
                "PE": {
                    "B": 1,
                    "S": 1,
                    "P": 256,
                    "F": 1,
                    "H": 1
                },
                "reg_file": {
                    "B": 1,
                    "S": 1,
                    "P": 1,
                    "F": 1,
                    "H": 1
                },
                "PE_col": {
                    "B": 1,
                    "S": 256,
                    "P": 1,
                    "F": 1,
                    "H": 1
                }
            }
        },
        "AR": {
            "tl_rst": {
                "comp_latency": 0.12047468936170214,
                "mem_latency": 0.0,
                "traffic": 0,
                "energy": 176097954.1,
                "traffic_energy": 172909382596.55884,
                "traffic_energy_foreach": {
                    "DRAM": 0.0,
                    "L3": 172909382596.55884,
                    "reg_file": 0.0,
                    "traffic": {
                        "DRAM": {
                            "read": 0.0,
                            "write": 0.0,
                            "update": 0,
                            "leak": 0
                        },
                        "L3": {
                            "read": 12582912.0,
                            "write": 12582912.0,
                            "update": 0,
                            "leak": 0
                        },
                        "reg_file_2d": {
                            "read": 0,
                            "write": 0,
                            "update": 0,
                            "leak": 0
                        },
                        "reg_file_1d": {
                            "read": 0.0,
                            "write": 0.0,
                            "update": 0,
                            "leak": 0
                        }
                    }
                },
                "mac_instances": 256,
                "mac_utilized_instances": 256
            },
            "factors": {
                "DRAM": {
                    "B": 64,
                    "S": 3072,
                    "P": 64
                },
                "L3": {
                    "B": 1,
                    "S": 1,
                    "P": 1
                },
                "PE": {
                    "B": 1,
                    "S": 1,
                    "P": 256
                },
                "reg_file": {
                    "B": 1,
                    "S": 1,
                    "P": 1
                }
            }
        },
        "FFNT": {
            "tl_rst": {
                "comp_latency": 0.040158229787234045,
                "mem_latency": 0.13142578125,
                "traffic": 56446943232,
                "energy": 135243228751.33,
                "traffic_energy": 3940348719280.6196,
                "traffic_energy_foreach": {
                    "DRAM": 1761144628838.4,
                    "L3": 2178597840719.7083,
                    "reg_file": 606249722.51136,
                    "traffic": {
                        "DRAM": {
                            "read": 4639948800.0,
                            "write": 2415919104.0,
                            "update": 0,
                            "leak": 0
                        },
                        "L3": {
                            "read": 223494144.0,
                            "write": 110247936.0,
                            "update": 0,
                            "leak": 0
                        },
                        "reg_file_2d": {
                            "read": 147849216.0,
                            "write": 148439040.0,
                            "update": 0,
                            "leak": 0
                        },
                        "reg_file_1d": {
                            "read": 0,
                            "write": 0,
                            "update": 0,
                            "leak": 0
                        }
                    }
                },
                "mac_instances": 65536,
                "mac_utilized_instances": 65536
            },
            "factors": {
                "DRAM": {
                    "B": 64,
                    "F": 64,
                    "H": 12,
                    "P": 64,
                    "S": 12
                },
                "L3": {
                    "B": 1,
                    "F": 1,
                    "H": 1,
                    "P": 1,
                    "S": 1
                },
                "PE": {
                    "B": 1,
                    "F": 1,
                    "H": 1,
                    "P": 256,
                    "S": 1
                },
                "reg_file": {
                    "B": 1,
                    "F": 1,
                    "H": 1,
                    "P": 1,
                    "S": 1
                },
                "PE_col": {
                    "B": 1,
                    "F": 1,
                    "H": 1,
                    "P": 1,
                    "S": 256
                }
            }
        }
    }
}