{
    "latency": 86.42349258037316,
    "energy": 309559199452124.4,
    "energy_rsts": {
        "DRAM": 86817181453516.8,
        "L3": 71054327744750.83,
        "reg_file": 530261034315.648,
        "PE": 151157429219541.12,
        "total": 309559199452124.4
    },
    "tl_rsts": {
        "FFN": {
            "tl_rst": {
                "comp_latency": 18.276456578723405,
                "mem_latency": 34.13333435058594,
                "traffic": 1099511660544,
                "energy": 240432406669.03,
                "traffic_energy": 98991610048025.72,
                "traffic_energy_foreach": {
                    "DRAM": 34304763808972.8,
                    "L3": 64438031763025.06,
                    "reg_file": 248814476027.8579,
                    "traffic": {
                        "DRAM": {
                            "read": 137438957568.0,
                            "write": 0.0,
                            "update": 0,
                            "leak": 0
                        },
                        "L3": {
                            "read": 2277507136.0,
                            "write": 2281701440.0,
                            "update": 0,
                            "leak": 0
                        },
                        "reg_file_2d": {
                            "read": 68715282432.0,
                            "write": 51669632000.0,
                            "update": 0,
                            "leak": 0
                        },
                        "reg_file_1d": {
                            "read": 0,
                            "write": 0,
                            "update": 0,
                            "leak": 0
                        }
                    }
                },
                "mac_instances": 256,
                "mac_utilized_instances": 256
            },
            "factors": {
                "DRAM": {
                    "B": 64,
                    "S": 1024,
                    "P": 64,
                    "F": 128,
                    "H": 32
                },
                "L3": {
                    "B": 1,
                    "S": 1,
                    "P": 1,
                    "F": 1,
                    "H": 1
                },
                "PE": {
                    "B": 1,
                    "S": 1,
                    "P": 16,
                    "F": 1,
                    "H": 1
                },
                "reg_file": {
                    "B": 1,
                    "S": 1,
                    "P": 1,
                    "F": 1,
                    "H": 1
                },
                "PE_col": {
                    "B": 1,
                    "S": 16,
                    "P": 1,
                    "F": 1,
                    "H": 1
                }
            }
        },
        "AR": {
            "tl_rst": {
                "comp_latency": 0.040158229787234045,
                "mem_latency": 0.0,
                "traffic": 0,
                "energy": 58699318.03,
                "traffic_energy": 118548735801.16377,
                "traffic_energy_foreach": {
                    "DRAM": 0.0,
                    "L3": 118548735801.16377,
                    "reg_file": 0.0,
                    "traffic": {
                        "DRAM": {
                            "read": 0.0,
                            "write": 0.0,
                            "update": 0,
                            "leak": 0
                        },
                        "L3": {
                            "read": 4194304.0,
                            "write": 4194304.0,
                            "update": 0,
                            "leak": 0
                        },
                        "reg_file_2d": {
                            "read": 0,
                            "write": 0,
                            "update": 0,
                            "leak": 0
                        },
                        "reg_file_1d": {
                            "read": 0.0,
                            "write": 0.0,
                            "update": 0,
                            "leak": 0
                        }
                    }
                },
                "mac_instances": 256,
                "mac_utilized_instances": 256
            },
            "factors": {
                "DRAM": {
                    "B": 64,
                    "S": 16384,
                    "P": 4
                },
                "L3": {
                    "B": 1,
                    "S": 1,
                    "P": 1
                },
                "PE": {
                    "B": 1,
                    "S": 1,
                    "P": 256
                },
                "reg_file": {
                    "B": 1,
                    "S": 1,
                    "P": 1
                }
            }
        },
        "FFNT": {
            "tl_rst": {
                "comp_latency": 18.276456578723405,
                "mem_latency": 52.25,
                "traffic": 1683090309120,
                "energy": 240432406669.03,
                "traffic_energy": 133950395822121.16,
                "traffic_energy_foreach": {
                    "DRAM": 52512417644544.0,
                    "L3": 81156531619289.36,
                    "reg_file": 281446558287.79004,
                    "traffic": {
                        "DRAM": {
                            "read": 141666811904.0,
                            "write": 68719476736.0,
                            "update": 0,
                            "leak": 0
                        },
                        "L3": {
                            "read": 2347761664.0,
                            "write": 3287285760.0,
                            "update": 0,
                            "leak": 0
                        },
                        "reg_file_2d": {
                            "read": 68702699520.0,
                            "write": 68836917248.0,
                            "update": 0,
                            "leak": 0
                        },
                        "reg_file_1d": {
                            "read": 0,
                            "write": 0,
                            "update": 0,
                            "leak": 0
                        }
                    }
                },
                "mac_instances": 256,
                "mac_utilized_instances": 256
            },
            "factors": {
                "DRAM": {
                    "B": 64,
                    "F": 128,
                    "H": 32,
                    "P": 64,
                    "S": 1024
                },
                "L3": {
                    "B": 1,
                    "F": 1,
                    "H": 1,
                    "P": 1,
                    "S": 1
                },
                "PE": {
                    "B": 1,
                    "F": 1,
                    "H": 1,
                    "P": 16,
                    "S": 1
                },
                "reg_file": {
                    "B": 1,
                    "F": 1,
                    "H": 1,
                    "P": 1,
                    "S": 1
                },
                "PE_col": {
                    "B": 1,
                    "F": 1,
                    "H": 1,
                    "P": 1,
                    "S": 16
                }
            }
        }
    }
}