{
    "latency": 1382.7758660271816,
    "energy": 4952947162677406.0,
    "energy_rsts": {
        "DRAM": 1389074887920844.8,
        "L3": 1136869230724074.2,
        "reg_file": 8484176519828.967,
        "PE": 2418518867512658.0,
        "total": 4952947162677406.0
    },
    "tl_rsts": {
        "FFN": {
            "tl_rst": {
                "comp_latency": 292.4233052595745,
                "mem_latency": 546.133334350586,
                "traffic": 17592186077184,
                "energy": 3846918506704.54,
                "traffic_energy": 1583865718270113.8,
                "traffic_energy_foreach": {
                    "DRAM": 548876205608140.8,
                    "L3": 1031008481074748.8,
                    "reg_file": 3981031587224.325,
                    "traffic": {
                        "DRAM": {
                            "read": 2199023259648.0,
                            "write": 0.0,
                            "update": 0,
                            "leak": 0
                        },
                        "L3": {
                            "read": 36440113216.0,
                            "write": 36507222080.0,
                            "update": 0,
                            "leak": 0
                        },
                        "reg_file_2d": {
                            "read": 1099444518912.0,
                            "write": 826714096640.0,
                            "update": 0,
                            "leak": 0
                        },
                        "reg_file_1d": {
                            "read": 0,
                            "write": 0,
                            "update": 0,
                            "leak": 0
                        }
                    }
                },
                "mac_instances": 256,
                "mac_utilized_instances": 256
            },
            "factors": {
                "DRAM": {
                    "B": 64,
                    "S": 1024,
                    "P": 1024,
                    "F": 128,
                    "H": 32
                },
                "L3": {
                    "B": 1,
                    "S": 1,
                    "P": 1,
                    "F": 1,
                    "H": 1
                },
                "PE": {
                    "B": 1,
                    "S": 1,
                    "P": 16,
                    "F": 1,
                    "H": 1
                },
                "reg_file": {
                    "B": 1,
                    "S": 1,
                    "P": 1,
                    "F": 1,
                    "H": 1
                },
                "PE_col": {
                    "B": 1,
                    "S": 16,
                    "P": 1,
                    "F": 1,
                    "H": 1
                }
            }
        },
        "AR": {
            "tl_rst": {
                "comp_latency": 0.6425316765957447,
                "mem_latency": 0.0,
                "traffic": 0,
                "energy": 939189088.55,
                "traffic_energy": 1896779772818.6204,
                "traffic_energy_foreach": {
                    "DRAM": 0.0,
                    "L3": 1896779772818.6204,
                    "reg_file": 0.0,
                    "traffic": {
                        "DRAM": {
                            "read": 0.0,
                            "write": 0.0,
                            "update": 0,
                            "leak": 0
                        },
                        "L3": {
                            "read": 67108864.0,
                            "write": 67108864.0,
                            "update": 0,
                            "leak": 0
                        },
                        "reg_file_2d": {
                            "read": 0,
                            "write": 0,
                            "update": 0,
                            "leak": 0
                        },
                        "reg_file_1d": {
                            "read": 0.0,
                            "write": 0.0,
                            "update": 0,
                            "leak": 0
                        }
                    }
                },
                "mac_instances": 256,
                "mac_utilized_instances": 256
            },
            "factors": {
                "DRAM": {
                    "B": 64,
                    "S": 16384,
                    "P": 64
                },
                "L3": {
                    "B": 1,
                    "S": 1,
                    "P": 1
                },
                "PE": {
                    "B": 1,
                    "S": 1,
                    "P": 256
                },
                "reg_file": {
                    "B": 1,
                    "S": 1,
                    "P": 1
                }
            }
        },
        "FFNT": {
            "tl_rst": {
                "comp_latency": 292.4233052595745,
                "mem_latency": 836.0,
                "traffic": 26929444945920,
                "energy": 3846918506704.54,
                "traffic_energy": 2143206333153938.5,
                "traffic_energy_foreach": {
                    "DRAM": 840198682312704.0,
                    "L3": 1298504505908629.8,
                    "reg_file": 4503144932604.641,
                    "traffic": {
                        "DRAM": {
                            "read": 2266668990464.0,
                            "write": 1099511627776.0,
                            "update": 0,
                            "leak": 0
                        },
                        "L3": {
                            "read": 37564186624.0,
                            "write": 52596572160.0,
                            "update": 0,
                            "leak": 0
                        },
                        "reg_file_2d": {
                            "read": 1099243192320.0,
                            "write": 1101390675968.0,
                            "update": 0,
                            "leak": 0
                        },
                        "reg_file_1d": {
                            "read": 0,
                            "write": 0,
                            "update": 0,
                            "leak": 0
                        }
                    }
                },
                "mac_instances": 256,
                "mac_utilized_instances": 256
            },
            "factors": {
                "DRAM": {
                    "B": 64,
                    "F": 128,
                    "H": 32,
                    "P": 1024,
                    "S": 1024
                },
                "L3": {
                    "B": 1,
                    "F": 1,
                    "H": 1,
                    "P": 1,
                    "S": 1
                },
                "PE": {
                    "B": 1,
                    "F": 1,
                    "H": 1,
                    "P": 16,
                    "S": 1
                },
                "reg_file": {
                    "B": 1,
                    "F": 1,
                    "H": 1,
                    "P": 1,
                    "S": 1
                },
                "PE_col": {
                    "B": 1,
                    "F": 1,
                    "H": 1,
                    "P": 1,
                    "S": 16
                }
            }
        }
    }
}