{
    "latency": 5.396949094029463,
    "energy": 19501203560774.43,
    "energy_rsts": {
        "DRAM": 5422933337702.399,
        "L3": 4608821890981.794,
        "reg_file": 33157138753.21728,
        "PE": 9436291193337.021,
        "total": 19501203560774.43
    },
    "tl_rsts": {
        "FFN": {
            "tl_rst": {
                "comp_latency": 1.1422785361702128,
                "mem_latency": 2.1333335876464843,
                "traffic": 68719484928,
                "energy": 15027025416.81,
                "traffic_energy": 6414245935528.018,
                "traffic_energy_foreach": {
                    "DRAM": 2144047929753.5999,
                    "L3": 4254634360639.8887,
                    "reg_file": 15563645134.52928,
                    "traffic": {
                        "DRAM": {
                            "read": 8589935616.0,
                            "write": 0.0,
                            "update": 0,
                            "leak": 0
                        },
                        "L3": {
                            "read": 149946384.0,
                            "write": 150994960.0,
                            "update": 0,
                            "leak": 0
                        },
                        "reg_file_2d": {
                            "read": 4293918720.0,
                            "write": 3236954368.0,
                            "update": 0,
                            "leak": 0
                        },
                        "reg_file_1d": {
                            "read": 0,
                            "write": 0,
                            "update": 0,
                            "leak": 0
                        }
                    }
                },
                "mac_instances": 256,
                "mac_utilized_instances": 256
            },
            "factors": {
                "DRAM": {
                    "B": 64,
                    "S": 256,
                    "P": 64,
                    "F": 64,
                    "H": 16
                },
                "L3": {
                    "B": 1,
                    "S": 1,
                    "P": 1,
                    "F": 1,
                    "H": 1
                },
                "PE": {
                    "B": 1,
                    "S": 1,
                    "P": 16,
                    "F": 1,
                    "H": 1
                },
                "reg_file": {
                    "B": 1,
                    "S": 1,
                    "P": 1,
                    "F": 1,
                    "H": 1
                },
                "PE_col": {
                    "B": 1,
                    "S": 16,
                    "P": 1,
                    "F": 1,
                    "H": 1
                }
            }
        },
        "AR": {
            "tl_rst": {
                "comp_latency": 0.0011155063829787234,
                "mem_latency": 0.0,
                "traffic": 0,
                "energy": 14674829.51,
                "traffic_energy": 29637183950.290943,
                "traffic_energy_foreach": {
                    "DRAM": 0.0,
                    "L3": 29637183950.290943,
                    "reg_file": 0.0,
                    "traffic": {
                        "DRAM": {
                            "read": 0.0,
                            "write": 0.0,
                            "update": 0,
                            "leak": 0
                        },
                        "L3": {
                            "read": 1048576.0,
                            "write": 1048576.0,
                            "update": 0,
                            "leak": 0
                        },
                        "reg_file_2d": {
                            "read": 0,
                            "write": 0,
                            "update": 0,
                            "leak": 0
                        },
                        "reg_file_1d": {
                            "read": 0.0,
                            "write": 0.0,
                            "update": 0,
                            "leak": 0
                        }
                    }
                },
                "mac_instances": 256,
                "mac_utilized_instances": 256
            },
            "factors": {
                "DRAM": {
                    "B": 64,
                    "S": 4096,
                    "P": 4
                },
                "L3": {
                    "B": 1,
                    "S": 1,
                    "P": 1
                },
                "PE": {
                    "B": 1,
                    "S": 1,
                    "P": 256
                },
                "reg_file": {
                    "B": 1,
                    "S": 1,
                    "P": 1
                }
            }
        },
        "FFNT": {
            "tl_rst": {
                "comp_latency": 1.1422785361702128,
                "mem_latency": 3.2625,
                "traffic": 105092481024,
                "energy": 15027025416.81,
                "traffic_energy": 8468169799218.758,
                "traffic_energy_foreach": {
                    "DRAM": 3278885407948.8,
                    "L3": 5171690897651.27,
                    "reg_file": 17593493618.688,
                    "traffic": {
                        "DRAM": {
                            "read": 8841592832.0,
                            "write": 4294967296.0,
                            "update": 0,
                            "leak": 0
                        },
                        "L3": {
                            "read": 154927104.0,
                            "write": 205258752.0,
                            "update": 0,
                            "leak": 0
                        },
                        "reg_file_2d": {
                            "read": 4290772992.0,
                            "write": 4307550208.0,
                            "update": 0,
                            "leak": 0
                        },
                        "reg_file_1d": {
                            "read": 0,
                            "write": 0,
                            "update": 0,
                            "leak": 0
                        }
                    }
                },
                "mac_instances": 256,
                "mac_utilized_instances": 256
            },
            "factors": {
                "DRAM": {
                    "B": 64,
                    "F": 64,
                    "H": 16,
                    "P": 64,
                    "S": 256
                },
                "L3": {
                    "B": 1,
                    "F": 1,
                    "H": 1,
                    "P": 1,
                    "S": 1
                },
                "PE": {
                    "B": 1,
                    "F": 1,
                    "H": 1,
                    "P": 16,
                    "S": 1
                },
                "reg_file": {
                    "B": 1,
                    "F": 1,
                    "H": 1,
                    "P": 1,
                    "S": 1
                },
                "PE_col": {
                    "B": 1,
                    "F": 1,
                    "H": 1,
                    "P": 1,
                    "S": 16
                }
            }
        }
    }
}