{
    "latency": 194.6818989481817,
    "energy": 704171165436615.9,
    "energy_rsts": {
        "DRAM": 195175340030361.6,
        "L3": 165973527421897.6,
        "reg_file": 1193399476833.0615,
        "PE": 341828898507523.6,
        "total": 704171165436615.9
    },
    "tl_rsts": {
        "FFN": {
            "tl_rst": {
                "comp_latency": 41.12202730212766,
                "mem_latency": 76.80000019073486,
                "traffic": 2473901168640,
                "energy": 540972915005.33,
                "traffic_energy": 230755330245881.16,
                "traffic_energy_foreach": {
                    "DRAM": 77185716461568.0,
                    "L3": 153009374076860.72,
                    "reg_file": 560239707452.4431,
                    "traffic": {
                        "DRAM": {
                            "read": 309237646080.0,
                            "write": 0.0,
                            "update": 0,
                            "leak": 0
                        },
                        "L3": {
                            "read": 5385486348.0,
                            "write": 5435817996.0,
                            "update": 0,
                            "leak": 0
                        },
                        "reg_file_2d": {
                            "read": 154568491008.0,
                            "write": 116517765312.0,
                            "update": 0,
                            "leak": 0
                        },
                        "reg_file_1d": {
                            "read": 0,
                            "write": 0,
                            "update": 0,
                            "leak": 0
                        }
                    }
                },
                "mac_instances": 256,
                "mac_utilized_instances": 256
            },
            "factors": {
                "DRAM": {
                    "B": 64,
                    "S": 192,
                    "P": 4096,
                    "F": 64,
                    "H": 12
                },
                "L3": {
                    "B": 1,
                    "S": 1,
                    "P": 1,
                    "F": 1,
                    "H": 1
                },
                "PE": {
                    "B": 1,
                    "S": 1,
                    "P": 16,
                    "F": 1,
                    "H": 1
                },
                "reg_file": {
                    "B": 1,
                    "S": 1,
                    "P": 1,
                    "F": 1,
                    "H": 1
                },
                "PE_col": {
                    "B": 1,
                    "S": 16,
                    "P": 1,
                    "F": 1,
                    "H": 1
                }
            }
        },
        "AR": {
            "tl_rst": {
                "comp_latency": 0.48189875744680855,
                "mem_latency": 0.0,
                "traffic": 0,
                "energy": 704391816.41,
                "traffic_energy": 1422584829613.9653,
                "traffic_energy_foreach": {
                    "DRAM": 0.0,
                    "L3": 1422584829613.9653,
                    "reg_file": 0.0,
                    "traffic": {
                        "DRAM": {
                            "read": 0.0,
                            "write": 0.0,
                            "update": 0,
                            "leak": 0
                        },
                        "L3": {
                            "read": 50331648.0,
                            "write": 50331648.0,
                            "update": 0,
                            "leak": 0
                        },
                        "reg_file_2d": {
                            "read": 0,
                            "write": 0,
                            "update": 0,
                            "leak": 0
                        },
                        "reg_file_1d": {
                            "read": 0.0,
                            "write": 0.0,
                            "update": 0,
                            "leak": 0
                        }
                    }
                },
                "mac_instances": 256,
                "mac_utilized_instances": 256
            },
            "factors": {
                "DRAM": {
                    "B": 64,
                    "S": 3072,
                    "P": 256
                },
                "L3": {
                    "B": 1,
                    "S": 1,
                    "P": 1
                },
                "PE": {
                    "B": 1,
                    "S": 1,
                    "P": 256
                },
                "reg_file": {
                    "B": 1,
                    "S": 1,
                    "P": 1
                }
            }
        },
        "FFNT": {
            "tl_rst": {
                "comp_latency": 41.12202730212766,
                "mem_latency": 117.4,
                "traffic": 3781718704128,
                "energy": 540972915005.33,
                "traffic_energy": 304714744101769.06,
                "traffic_energy_foreach": {
                    "DRAM": 117989623568793.6,
                    "L3": 186091960763594.84,
                    "reg_file": 633159769380.6182,
                    "traffic": {
                        "DRAM": {
                            "read": 318096015360.0,
                            "write": 154618822656.0,
                            "update": 0,
                            "leak": 0
                        },
                        "L3": {
                            "read": 5574230016.0,
                            "write": 7386169344.0,
                            "update": 0,
                            "leak": 0
                        },
                        "reg_file_2d": {
                            "read": 154417496064.0,
                            "write": 155021475840.0,
                            "update": 0,
                            "leak": 0
                        },
                        "reg_file_1d": {
                            "read": 0,
                            "write": 0,
                            "update": 0,
                            "leak": 0
                        }
                    }
                },
                "mac_instances": 256,
                "mac_utilized_instances": 256
            },
            "factors": {
                "DRAM": {
                    "B": 64,
                    "F": 64,
                    "H": 12,
                    "P": 4096,
                    "S": 192
                },
                "L3": {
                    "B": 1,
                    "F": 1,
                    "H": 1,
                    "P": 1,
                    "S": 1
                },
                "PE": {
                    "B": 1,
                    "F": 1,
                    "H": 1,
                    "P": 16,
                    "S": 1
                },
                "reg_file": {
                    "B": 1,
                    "F": 1,
                    "H": 1,
                    "P": 1,
                    "S": 1
                },
                "PE_col": {
                    "B": 1,
                    "F": 1,
                    "H": 1,
                    "P": 1,
                    "S": 16
                }
            }
        }
    }
}