{
    "latency": 778.7275952205221,
    "energy": 2816684660675591.5,
    "energy_rsts": {
        "DRAM": 780701359546368.0,
        "L3": 663894109192892.6,
        "reg_file": 4773597906236.443,
        "PE": 1367315594030094.5,
        "total": 2816684660675591.5
    },
    "tl_rsts": {
        "FFN": {
            "tl_rst": {
                "comp_latency": 164.48810920851065,
                "mem_latency": 307.20000019073484,
                "traffic": 9895604656128,
                "energy": 2163891660021.3,
                "traffic_energy": 923021319389838.5,
                "traffic_energy_foreach": {
                    "DRAM": 308742865271193.56,
                    "L3": 612037495289930.9,
                    "reg_file": 2240958828713.97,
                    "traffic": {
                        "DRAM": {
                            "read": 1236950582016.0,
                            "write": 0.0,
                            "update": 0,
                            "leak": 0
                        },
                        "L3": {
                            "read": 21541945356.0,
                            "write": 21743271948.0,
                            "update": 0,
                            "leak": 0
                        },
                        "reg_file_2d": {
                            "read": 618273964032.0,
                            "write": 466071060672.0,
                            "update": 0,
                            "leak": 0
                        },
                        "reg_file_1d": {
                            "read": 0,
                            "write": 0,
                            "update": 0,
                            "leak": 0
                        }
                    }
                },
                "mac_instances": 256,
                "mac_utilized_instances": 256
            },
            "factors": {
                "DRAM": {
                    "B": 64,
                    "S": 192,
                    "P": 16384,
                    "F": 64,
                    "H": 12
                },
                "L3": {
                    "B": 1,
                    "S": 1,
                    "P": 1,
                    "F": 1,
                    "H": 1
                },
                "PE": {
                    "B": 1,
                    "S": 1,
                    "P": 16,
                    "F": 1,
                    "H": 1
                },
                "reg_file": {
                    "B": 1,
                    "S": 1,
                    "P": 1,
                    "F": 1,
                    "H": 1
                },
                "PE_col": {
                    "B": 1,
                    "S": 16,
                    "P": 1,
                    "F": 1,
                    "H": 1
                }
            }
        },
        "AR": {
            "tl_rst": {
                "comp_latency": 1.9275950297872342,
                "mem_latency": 0.0,
                "traffic": 0,
                "energy": 2817567265.65,
                "traffic_energy": 5690339318455.861,
                "traffic_energy_foreach": {
                    "DRAM": 0.0,
                    "L3": 5690339318455.861,
                    "reg_file": 0.0,
                    "traffic": {
                        "DRAM": {
                            "read": 0.0,
                            "write": 0.0,
                            "update": 0,
                            "leak": 0
                        },
                        "L3": {
                            "read": 201326592.0,
                            "write": 201326592.0,
                            "update": 0,
                            "leak": 0
                        },
                        "reg_file_2d": {
                            "read": 0,
                            "write": 0,
                            "update": 0,
                            "leak": 0
                        },
                        "reg_file_1d": {
                            "read": 0.0,
                            "write": 0.0,
                            "update": 0,
                            "leak": 0
                        }
                    }
                },
                "mac_instances": 256,
                "mac_utilized_instances": 256
            },
            "factors": {
                "DRAM": {
                    "B": 64,
                    "S": 3072,
                    "P": 1024
                },
                "L3": {
                    "B": 1,
                    "S": 1,
                    "P": 1
                },
                "PE": {
                    "B": 1,
                    "S": 1,
                    "P": 256
                },
                "reg_file": {
                    "B": 1,
                    "S": 1,
                    "P": 1
                }
            }
        },
        "FFNT": {
            "tl_rst": {
                "comp_latency": 164.48810920851065,
                "mem_latency": 469.6,
                "traffic": 15126874816512,
                "energy": 2163891660021.3,
                "traffic_energy": 1218858976407076.2,
                "traffic_energy_foreach": {
                    "DRAM": 471958494275174.4,
                    "L3": 744367843054379.4,
                    "reg_file": 2532639077522.4727,
                    "traffic": {
                        "DRAM": {
                            "read": 1272384061440.0,
                            "write": 618475290624.0,
                            "update": 0,
                            "leak": 0
                        },
                        "L3": {
                            "read": 22296920064.0,
                            "write": 29544677376.0,
                            "update": 0,
                            "leak": 0
                        },
                        "reg_file_2d": {
                            "read": 617669984256.0,
                            "write": 620085903360.0,
                            "update": 0,
                            "leak": 0
                        },
                        "reg_file_1d": {
                            "read": 0,
                            "write": 0,
                            "update": 0,
                            "leak": 0
                        }
                    }
                },
                "mac_instances": 256,
                "mac_utilized_instances": 256
            },
            "factors": {
                "DRAM": {
                    "B": 64,
                    "F": 64,
                    "H": 12,
                    "P": 16384,
                    "S": 192
                },
                "L3": {
                    "B": 1,
                    "F": 1,
                    "H": 1,
                    "P": 1,
                    "S": 1
                },
                "PE": {
                    "B": 1,
                    "F": 1,
                    "H": 1,
                    "P": 16,
                    "S": 1
                },
                "reg_file": {
                    "B": 1,
                    "F": 1,
                    "H": 1,
                    "P": 1,
                    "S": 1
                },
                "PE_col": {
                    "B": 1,
                    "F": 1,
                    "H": 1,
                    "P": 1,
                    "S": 16
                }
            }
        }
    }
}