{
    "latency": 21.611746290186588,
    "energy": 77434476180465.38,
    "energy_rsts": {
        "DRAM": 21700108025856.0,
        "L3": 17768244414121.453,
        "reg_file": 132543800639.66977,
        "PE": 37833579939848.26,
        "total": 77434476180465.38
    },
    "tl_rsts": {
        "FFN": {
            "tl_rst": {
                "comp_latency": 4.569114144680851,
                "mem_latency": 8.533333841959635,
                "traffic": 274877923328,
                "energy": 60108101667.26,
                "traffic_energy": 24734778348196.594,
                "traffic_energy_foreach": {
                    "DRAM": 8576191207833.6,
                    "L3": 16096387812554.258,
                    "reg_file": 62199327808.73472,
                    "traffic": {
                        "DRAM": {
                            "read": 34359740416.0,
                            "write": 0.0,
                            "update": 0,
                            "leak": 0
                        },
                        "L3": {
                            "read": 568328224.0,
                            "write": 570425376.0,
                            "update": 0,
                            "leak": 0
                        },
                        "reg_file_2d": {
                            "read": 17177772032.0,
                            "write": 12916359680.0,
                            "update": 0,
                            "leak": 0
                        },
                        "reg_file_1d": {
                            "read": 0,
                            "write": 0,
                            "update": 0,
                            "leak": 0
                        }
                    }
                },
                "mac_instances": 256,
                "mac_utilized_instances": 256
            },
            "factors": {
                "DRAM": {
                    "B": 64,
                    "S": 512,
                    "P": 64,
                    "F": 128,
                    "H": 16
                },
                "L3": {
                    "B": 1,
                    "S": 1,
                    "P": 1,
                    "F": 1,
                    "H": 1
                },
                "PE": {
                    "B": 1,
                    "S": 1,
                    "P": 16,
                    "F": 1,
                    "H": 1
                },
                "reg_file": {
                    "B": 1,
                    "S": 1,
                    "P": 1,
                    "F": 1,
                    "H": 1
                },
                "PE_col": {
                    "B": 1,
                    "S": 16,
                    "P": 1,
                    "F": 1,
                    "H": 1
                }
            }
        },
        "AR": {
            "tl_rst": {
                "comp_latency": 0.020079114893617023,
                "mem_latency": 0.0,
                "traffic": 0,
                "energy": 29349659.02,
                "traffic_energy": 59274367900.58189,
                "traffic_energy_foreach": {
                    "DRAM": 0.0,
                    "L3": 59274367900.58189,
                    "reg_file": 0.0,
                    "traffic": {
                        "DRAM": {
                            "read": 0.0,
                            "write": 0.0,
                            "update": 0,
                            "leak": 0
                        },
                        "L3": {
                            "read": 2097152.0,
                            "write": 2097152.0,
                            "update": 0,
                            "leak": 0
                        },
                        "reg_file_2d": {
                            "read": 0,
                            "write": 0,
                            "update": 0,
                            "leak": 0
                        },
                        "reg_file_1d": {
                            "read": 0.0,
                            "write": 0.0,
                            "update": 0,
                            "leak": 0
                        }
                    }
                },
                "mac_instances": 256,
                "mac_utilized_instances": 256
            },
            "factors": {
                "DRAM": {
                    "B": 64,
                    "S": 8192,
                    "P": 4
                },
                "L3": {
                    "B": 1,
                    "S": 1,
                    "P": 1
                },
                "PE": {
                    "B": 1,
                    "S": 1,
                    "P": 256
                },
                "reg_file": {
                    "B": 1,
                    "S": 1,
                    "P": 1
                }
            }
        },
        "FFNT": {
            "tl_rst": {
                "comp_latency": 4.569114144680851,
                "mem_latency": 13.058333333333334,
                "traffic": 420638359552,
                "energy": 60108101667.26,
                "traffic_energy": 33475984899688.105,
                "traffic_energy_foreach": {
                    "DRAM": 13123916818022.4,
                    "L3": 20281723608834.77,
                    "reg_file": 70344472830.93503,
                    "traffic": {
                        "DRAM": {
                            "read": 35399925760.0,
                            "write": 17179869184.0,
                            "update": 0,
                            "leak": 0
                        },
                        "L3": {
                            "read": 586678272.0,
                            "write": 821559296.0,
                            "update": 0,
                            "leak": 0
                        },
                        "reg_file_2d": {
                            "read": 17171480576.0,
                            "write": 17205035008.0,
                            "update": 0,
                            "leak": 0
                        },
                        "reg_file_1d": {
                            "read": 0,
                            "write": 0,
                            "update": 0,
                            "leak": 0
                        }
                    }
                },
                "mac_instances": 256,
                "mac_utilized_instances": 256
            },
            "factors": {
                "DRAM": {
                    "B": 64,
                    "F": 128,
                    "H": 16,
                    "P": 64,
                    "S": 512
                },
                "L3": {
                    "B": 1,
                    "F": 1,
                    "H": 1,
                    "P": 1,
                    "S": 1
                },
                "PE": {
                    "B": 1,
                    "F": 1,
                    "H": 1,
                    "P": 16,
                    "S": 1
                },
                "reg_file": {
                    "B": 1,
                    "F": 1,
                    "H": 1,
                    "P": 1,
                    "S": 1
                },
                "PE_col": {
                    "B": 1,
                    "F": 1,
                    "H": 1,
                    "P": 1,
                    "S": 16
                }
            }
        }
    }
}