{
    "latency": 1380.8378060619084,
    "energy": 4992425937445276.0,
    "energy_rsts": {
        "DRAM": 1387198845311385.5,
        "L3": 1181051885981098.0,
        "reg_file": 8482734039265.162,
        "PE": 2415692472113527.0,
        "total": 4992425937445276.0
    },
    "tl_rsts": {
        "FFN": {
            "tl_rst": {
                "comp_latency": 292.4233052595745,
                "mem_latency": 546.1333334604899,
                "traffic": 17592186048512,
                "energy": 3846918506704.54,
                "traffic_energy": 1638686811261866.2,
                "traffic_energy_foreach": {
                    "DRAM": 548876204713574.4,
                    "L3": 1085827412189711.8,
                    "reg_file": 3983194358580.2285,
                    "traffic": {
                        "DRAM": {
                            "read": 2199023256064.0,
                            "write": 0.0,
                            "update": 0,
                            "leak": 0
                        },
                        "L3": {
                            "read": 38117834760.0,
                            "write": 38654705672.0,
                            "update": 0,
                            "leak": 0
                        },
                        "reg_file_2d": {
                            "read": 1098974756864.0,
                            "write": 828391817344.0,
                            "update": 0,
                            "leak": 0
                        },
                        "reg_file_1d": {
                            "read": 0,
                            "write": 0,
                            "update": 0,
                            "leak": 0
                        }
                    }
                },
                "mac_instances": 256,
                "mac_utilized_instances": 256
            },
            "factors": {
                "DRAM": {
                    "B": 64,
                    "S": 128,
                    "P": 65536,
                    "F": 64,
                    "H": 8
                },
                "L3": {
                    "B": 1,
                    "S": 1,
                    "P": 1,
                    "F": 1,
                    "H": 1
                },
                "PE": {
                    "B": 1,
                    "S": 1,
                    "P": 16,
                    "F": 1,
                    "H": 1
                },
                "reg_file": {
                    "B": 1,
                    "S": 1,
                    "P": 1,
                    "F": 1,
                    "H": 1
                },
                "PE_col": {
                    "B": 1,
                    "S": 16,
                    "P": 1,
                    "F": 1,
                    "H": 1
                }
            }
        },
        "AR": {
            "tl_rst": {
                "comp_latency": 0.5711392680851064,
                "mem_latency": 0.0,
                "traffic": 0,
                "energy": 7513512708.41,
                "traffic_energy": 15174238182548.963,
                "traffic_energy_foreach": {
                    "DRAM": 0.0,
                    "L3": 15174238182548.963,
                    "reg_file": 0.0,
                    "traffic": {
                        "DRAM": {
                            "read": 0.0,
                            "write": 0.0,
                            "update": 0,
                            "leak": 0
                        },
                        "L3": {
                            "read": 536870912.0,
                            "write": 536870912.0,
                            "update": 0,
                            "leak": 0
                        },
                        "reg_file_2d": {
                            "read": 0,
                            "write": 0,
                            "update": 0,
                            "leak": 0
                        },
                        "reg_file_1d": {
                            "read": 0.0,
                            "write": 0.0,
                            "update": 0,
                            "leak": 0
                        }
                    }
                },
                "mac_instances": 256,
                "mac_utilized_instances": 256
            },
            "factors": {
                "DRAM": {
                    "B": 64,
                    "S": 2048,
                    "P": 4096
                },
                "L3": {
                    "B": 1,
                    "S": 1,
                    "P": 1
                },
                "PE": {
                    "B": 1,
                    "S": 1,
                    "P": 256
                },
                "reg_file": {
                    "B": 1,
                    "S": 1,
                    "P": 1
                }
            }
        },
        "FFNT": {
            "tl_rst": {
                "comp_latency": 292.4233052595745,
                "mem_latency": 834.1333333333333,
                "traffic": 26869315403776,
                "energy": 3846918506704.54,
                "traffic_energy": 2164878270304402.8,
                "traffic_energy_foreach": {
                    "DRAM": 838322640597811.2,
                    "L3": 1322056090025906.5,
                    "reg_file": 4499539680684.934,
                    "traffic": {
                        "DRAM": {
                            "read": 2259152797696.0,
                            "write": 1099511627776.0,
                            "update": 0,
                            "leak": 0
                        },
                        "L3": {
                            "read": 39594229760.0,
                            "write": 52479131648.0,
                            "update": 0,
                            "leak": 0
                        },
                        "reg_file_2d": {
                            "read": 1097364144128.0,
                            "write": 1101659111424.0,
                            "update": 0,
                            "leak": 0
                        },
                        "reg_file_1d": {
                            "read": 0,
                            "write": 0,
                            "update": 0,
                            "leak": 0
                        }
                    }
                },
                "mac_instances": 256,
                "mac_utilized_instances": 256
            },
            "factors": {
                "DRAM": {
                    "B": 64,
                    "F": 64,
                    "H": 8,
                    "P": 65536,
                    "S": 128
                },
                "L3": {
                    "B": 1,
                    "F": 1,
                    "H": 1,
                    "P": 1,
                    "S": 1
                },
                "PE": {
                    "B": 1,
                    "F": 1,
                    "H": 1,
                    "P": 16,
                    "S": 1
                },
                "reg_file": {
                    "B": 1,
                    "F": 1,
                    "H": 1,
                    "P": 1,
                    "S": 1
                },
                "PE_col": {
                    "B": 1,
                    "F": 1,
                    "H": 1,
                    "P": 1,
                    "S": 16
                }
            }
        }
    }
}