{
    "latency": 86.35118168977414,
    "energy": 312019249833244.9,
    "energy_rsts": {
        "DRAM": 86766929569382.39,
        "L3": 73741146957723.97,
        "reg_file": 530514212746.1261,
        "PE": 150980659093392.34,
        "total": 312019249833244.9
    },
    "tl_rsts": {
        "FFN": {
            "tl_rst": {
                "comp_latency": 18.276456578723405,
                "mem_latency": 34.13333358764648,
                "traffic": 1099511635968,
                "energy": 240432406669.03,
                "traffic_energy": 102627924343873.86,
                "traffic_energy_foreach": {
                    "DRAM": 34304763042201.598,
                    "L3": 68074142986825.14,
                    "reg_file": 249018314847.11807,
                    "traffic": {
                        "DRAM": {
                            "read": 137438954496.0,
                            "write": 0.0,
                            "update": 0,
                            "leak": 0
                        },
                        "L3": {
                            "read": 2399141904.0,
                            "write": 2415919120.0,
                            "update": 0,
                            "leak": 0
                        },
                        "reg_file_2d": {
                            "read": 68702699520.0,
                            "write": 51791266048.0,
                            "update": 0,
                            "leak": 0
                        },
                        "reg_file_1d": {
                            "read": 0,
                            "write": 0,
                            "update": 0,
                            "leak": 0
                        }
                    }
                },
                "mac_instances": 256,
                "mac_utilized_instances": 256
            },
            "factors": {
                "DRAM": {
                    "B": 64,
                    "S": 256,
                    "P": 1024,
                    "F": 64,
                    "H": 16
                },
                "L3": {
                    "B": 1,
                    "S": 1,
                    "P": 1,
                    "F": 1,
                    "H": 1
                },
                "PE": {
                    "B": 1,
                    "S": 1,
                    "P": 16,
                    "F": 1,
                    "H": 1
                },
                "reg_file": {
                    "B": 1,
                    "S": 1,
                    "P": 1,
                    "F": 1,
                    "H": 1
                },
                "PE_col": {
                    "B": 1,
                    "S": 16,
                    "P": 1,
                    "F": 1,
                    "H": 1
                }
            }
        },
        "AR": {
            "tl_rst": {
                "comp_latency": 0.017848102127659575,
                "mem_latency": 0.0,
                "traffic": 0,
                "energy": 234797272.14,
                "traffic_energy": 474194943204.6551,
                "traffic_energy_foreach": {
                    "DRAM": 0.0,
                    "L3": 474194943204.6551,
                    "reg_file": 0.0,
                    "traffic": {
                        "DRAM": {
                            "read": 0.0,
                            "write": 0.0,
                            "update": 0,
                            "leak": 0
                        },
                        "L3": {
                            "read": 16777216.0,
                            "write": 16777216.0,
                            "update": 0,
                            "leak": 0
                        },
                        "reg_file_2d": {
                            "read": 0,
                            "write": 0,
                            "update": 0,
                            "leak": 0
                        },
                        "reg_file_1d": {
                            "read": 0.0,
                            "write": 0.0,
                            "update": 0,
                            "leak": 0
                        }
                    }
                },
                "mac_instances": 256,
                "mac_utilized_instances": 256
            },
            "factors": {
                "DRAM": {
                    "B": 64,
                    "S": 4096,
                    "P": 64
                },
                "L3": {
                    "B": 1,
                    "S": 1,
                    "P": 1
                },
                "PE": {
                    "B": 1,
                    "S": 1,
                    "P": 256
                },
                "reg_file": {
                    "B": 1,
                    "S": 1,
                    "P": 1
                }
            }
        },
        "FFNT": {
            "tl_rst": {
                "comp_latency": 18.276456578723405,
                "mem_latency": 52.2,
                "traffic": 1681479696384,
                "energy": 240432406669.03,
                "traffic_energy": 135490716787500.12,
                "traffic_energy_foreach": {
                    "DRAM": 52462166527180.8,
                    "L3": 82747054362420.31,
                    "reg_file": 281495897899.008,
                    "traffic": {
                        "DRAM": {
                            "read": 141465485312.0,
                            "write": 68719476736.0,
                            "update": 0,
                            "leak": 0
                        },
                        "L3": {
                            "read": 2478833664.0,
                            "write": 3284140032.0,
                            "update": 0,
                            "leak": 0
                        },
                        "reg_file_2d": {
                            "read": 68652367872.0,
                            "write": 68920803328.0,
                            "update": 0,
                            "leak": 0
                        },
                        "reg_file_1d": {
                            "read": 0,
                            "write": 0,
                            "update": 0,
                            "leak": 0
                        }
                    }
                },
                "mac_instances": 256,
                "mac_utilized_instances": 256
            },
            "factors": {
                "DRAM": {
                    "B": 64,
                    "F": 64,
                    "H": 16,
                    "P": 1024,
                    "S": 256
                },
                "L3": {
                    "B": 1,
                    "F": 1,
                    "H": 1,
                    "P": 1,
                    "S": 1
                },
                "PE": {
                    "B": 1,
                    "F": 1,
                    "H": 1,
                    "P": 16,
                    "S": 1
                },
                "reg_file": {
                    "B": 1,
                    "F": 1,
                    "H": 1,
                    "P": 1,
                    "S": 1
                },
                "PE_col": {
                    "B": 1,
                    "F": 1,
                    "H": 1,
                    "P": 1,
                    "S": 16
                }
            }
        }
    }
}