{
    "latency": 0.02231012765957447,
    "energy": 254869263609.59384,
    "energy_rsts": {
        "DRAM": 0.0,
        "L3": 171146827769.1515,
        "reg_file": 0.0,
        "PE": 83722435840.44235,
        "total": 254869263609.59384
    },
    "tl_rsts": {
        "SM": {
            "tl_rst": {
                "comp_latency": 0.002231012765957447,
                "mem_latency": 0.0,
                "traffic": 0,
                "energy": 29349659.02,
                "traffic_energy": 12305298361.9584,
                "traffic_energy_foreach": {
                    "DRAM": 0.0,
                    "L3": 12305298361.9584,
                    "reg_file": 0.0,
                    "traffic": {
                        "DRAM": {
                            "read": 0.0,
                            "write": 0.0,
                            "update": 0,
                            "leak": 0
                        },
                        "L3": {
                            "read": 2097152.0,
                            "write": 2048.0,
                            "update": 0,
                            "leak": 0
                        },
                        "reg_file_2d": {
                            "read": 0,
                            "write": 0,
                            "update": 0,
                            "leak": 0
                        },
                        "reg_file_1d": {
                            "read": 0.0,
                            "write": 0.0,
                            "update": 0,
                            "leak": 0
                        }
                    }
                },
                "mac_instances": 256,
                "mac_utilized_instances": 256
            },
            "factors": {
                "DRAM": {
                    "B": 64,
                    "H": 8,
                    "P": 1024,
                    "M": 1,
                    "N": 1
                },
                "L3": {
                    "B": 1,
                    "H": 1,
                    "P": 1,
                    "M": 4,
                    "N": 1
                },
                "PE": {
                    "B": 1,
                    "H": 1,
                    "P": 1,
                    "M": 1,
                    "N": 256
                },
                "reg_file": {
                    "B": 1,
                    "H": 1,
                    "P": 1,
                    "M": 1,
                    "N": 1
                }
            }
        },
        "SN": {
            "tl_rst": {
                "comp_latency": 0.015617089361702127,
                "mem_latency": 0.0,
                "traffic": 0,
                "energy": 29349659.02,
                "traffic_energy": 28830231562.338303,
                "traffic_energy_foreach": {
                    "DRAM": 0.0,
                    "L3": 28830231562.338303,
                    "reg_file": 0.0,
                    "traffic": {
                        "DRAM": {
                            "read": 0.0,
                            "write": 0.0,
                            "update": 0,
                            "leak": 0
                        },
                        "L3": {
                            "read": 2099200.0,
                            "write": 2097152.0,
                            "update": 0,
                            "leak": 0
                        },
                        "reg_file_2d": {
                            "read": 0,
                            "write": 0,
                            "update": 0,
                            "leak": 0
                        },
                        "reg_file_1d": {
                            "read": 0.0,
                            "write": 0.0,
                            "update": 0,
                            "leak": 0
                        }
                    }
                },
                "mac_instances": 256,
                "mac_utilized_instances": 256
            },
            "factors": {
                "DRAM": {
                    "B": 64,
                    "H": 8,
                    "M": 1,
                    "N": 1,
                    "P": 1024
                },
                "L3": {
                    "B": 1,
                    "H": 1,
                    "M": 4,
                    "N": 1,
                    "P": 1
                },
                "PE": {
                    "B": 1,
                    "H": 1,
                    "M": 1,
                    "N": 256,
                    "P": 1
                },
                "reg_file": {
                    "B": 1,
                    "H": 1,
                    "M": 1,
                    "N": 1,
                    "P": 1
                }
            }
        },
        "SD": {
            "tl_rst": {
                "comp_latency": 0.002231012765957447,
                "mem_latency": 0.0,
                "traffic": 0,
                "energy": 29349659.02,
                "traffic_energy": 12305298361.9584,
                "traffic_energy_foreach": {
                    "DRAM": 0.0,
                    "L3": 12305298361.9584,
                    "reg_file": 0.0,
                    "traffic": {
                        "DRAM": {
                            "read": 0.0,
                            "write": 0.0,
                            "update": 0,
                            "leak": 0
                        },
                        "L3": {
                            "read": 2097152.0,
                            "write": 2048.0,
                            "update": 0,
                            "leak": 0
                        },
                        "reg_file_2d": {
                            "read": 0,
                            "write": 0,
                            "update": 0,
                            "leak": 0
                        },
                        "reg_file_1d": {
                            "read": 0.0,
                            "write": 0.0,
                            "update": 0,
                            "leak": 0
                        }
                    }
                },
                "mac_instances": 256,
                "mac_utilized_instances": 256
            },
            "factors": {
                "DRAM": {
                    "B": 64,
                    "H": 8,
                    "P": 1024,
                    "M": 1,
                    "N": 1
                },
                "L3": {
                    "B": 1,
                    "H": 1,
                    "P": 1,
                    "M": 4,
                    "N": 1
                },
                "PE": {
                    "B": 1,
                    "H": 1,
                    "P": 1,
                    "M": 1,
                    "N": 256
                },
                "reg_file": {
                    "B": 1,
                    "H": 1,
                    "P": 1,
                    "M": 1,
                    "N": 1
                }
            }
        },
        "SA": {
            "tl_rst": {
                "comp_latency": 0.002231012765957447,
                "mem_latency": 0.0,
                "traffic": 0,
                "energy": 29349659.02,
                "traffic_energy": 28830231562.338303,
                "traffic_energy_foreach": {
                    "DRAM": 0.0,
                    "L3": 28830231562.338303,
                    "reg_file": 0.0,
                    "traffic": {
                        "DRAM": {
                            "read": 0.0,
                            "write": 0.0,
                            "update": 0,
                            "leak": 0
                        },
                        "L3": {
                            "read": 2099200.0,
                            "write": 2097152.0,
                            "update": 0,