{
    "latency": 35090.796631148936,
    "energy": 4.832403308698998e+17,
    "energy_rsts": {
        "DRAM": 0.0,
        "L3": 3.515563255441582e+17,
        "reg_file": 0.0,
        "PE": 1.3168400532574155e+17,
        "total": 4.832403308698998e+17
    },
    "tl_rsts": {
        "SM": {
            "tl_rst": {
                "comp_latency": 3509.0796631148937,
                "mem_latency": 0.0,
                "traffic": 0,
                "energy": 46163022080454.43,
                "traffic_energy": 1.9329196939122584e+16,
                "traffic_energy_foreach": {
                    "DRAM": 0.0,
                    "L3": 1.9329196939122584e+16,
                    "reg_file": 0.0,
                    "traffic": {
                        "DRAM": {
                            "read": 0.0,
                            "write": 0.0,
                            "update": 0,
                            "leak": 0
                        },
                        "L3": {
                            "read": 3298534883328.0,
                            "write": 3145728.0,
                            "update": 0,
                            "leak": 0
                        },
                        "reg_file_2d": {
                            "read": 0,
                            "write": 0,
                            "update": 0,
                            "leak": 0
                        },
                        "reg_file_1d": {
                            "read": 0.0,
                            "write": 0.0,
                            "update": 0,
                            "leak": 0
                        }
                    }
                },
                "mac_instances": 256,
                "mac_utilized_instances": 256
            },
            "factors": {
                "DRAM": {
                    "B": 64,
                    "H": 12,
                    "P": 1048576,
                    "M": 1,
                    "N": 1
                },
                "L3": {
                    "B": 1,
                    "H": 1,
                    "P": 1,
                    "M": 4096,
                    "N": 1
                },
                "PE": {
                    "B": 1,
                    "H": 1,
                    "P": 1,
                    "M": 1,
                    "N": 256
                },
                "reg_file": {
                    "B": 1,
                    "H": 1,
                    "P": 1,
                    "M": 1,
                    "N": 1
                }
            }
        },
        "SN": {
            "tl_rst": {
                "comp_latency": 24563.557641804255,
                "mem_latency": 0.0,
                "traffic": 0,
                "energy": 46163022080454.43,
                "traffic_energy": 6.465634777063932e+16,
                "traffic_energy_foreach": {
                    "DRAM": 0.0,
                    "L3": 6.465634777063932e+16,
                    "reg_file": 0.0,
                    "traffic": {
                        "DRAM": {
                            "read": 0.0,
                            "write": 0.0,
                            "update": 0,
                            "leak": 0
                        },
                        "L3": {
                            "read": 6597072912384.0,
                            "write": 3298534883328.0,
                            "update": 0,
                            "leak": 0
                        },
                        "reg_file_2d": {
                            "read": 0,
                            "write": 0,
                            "update": 0,
                            "leak": 0
                        },
                        "reg_file_1d": {
                            "read": 0.0,
                            "write": 0.0,
                            "update": 0,
                            "leak": 0
                        }
                    }
                },
                "mac_instances": 256,
                "mac_utilized_instances": 256
            },
            "factors": {
                "DRAM": {
                    "B": 64,
                    "H": 12,
                    "M": 1,
                    "N": 1,
                    "P": 1048576
                },
                "L3": {
                    "B": 1,
                    "H": 1,
                    "M": 4096,
                    "N": 1,
                    "P": 1
                },
                "PE": {
                    "B": 1,
                    "H": 1,
                    "M": 1,
                    "N": 256,
                    "P": 1
                },
                "reg_file": {
                    "B": 1,
                    "H": 1,
                    "M": 1,
                    "N": 1,
                    "P": 1
                }
            }
        },
        "SD": {
            "tl_rst": {
                "comp_latency": 3509.0796631148937,
                "mem_latency": 0.0,
                "traffic": 0,
                "energy": 46163022080454.43,
                "traffic_energy": 1.9329196939122584e+16,
                "traffic_energy_foreach": {
                    "DRAM": 0.0,
                    "L3": 1.9329196939122584e+16,
                    "reg_file": 0.0,
                    "traffic": {
                        "DRAM": {
                            "read": 0.0,
                            "write": 0.0,
                            "update": 0,
                            "leak": 0
                        },
                        "L3": {
                            "read": 3298534883328.0,
                            "write": 3145728.0,
                            "update": 0,
                            "leak": 0
                        },
                        "reg_file_2d": {
                            "read": 0,
                            "write": 0,
                            "update": 0,
                            "leak": 0
                        },
                        "reg_file_1d": {
                            "read": 0.0,
                            "write": 0.0,
                            "update": 0,
                            "leak": 0
                        }
                    }
                },
                "mac_instances": 256,
                "mac_utilized_instances": 256
            },
            "factors": {
                "DRAM": {
                    "B": 64,
                    "H": 12,
                    "P": 1048576,
                    "M": 1,
                    "N": 1
                },
                "L3": {
                    "B": 1,
                    "H": 1,
                    "P": 1,
                    "M": 4096,
                    "N": 1
                },
                "PE": {
                    "B": 1,
                    "H": 1,
                    "P": 1,
                    "M": 1,
                    "N": 256
                },
                "reg_file": {
                    "B": 1,
                    "H": 1,
                    "P": 1,
                    "M": 1,
                    "N": 1
                }
            }
        },
        "SA": {
            "tl_rst": {
                "comp_latency": 3509.0796631148937,
                "mem_latency": 0.0,
                "traffic": 0,
                "energy": 46163022080454.43,
                "traffic_energy": 6.465634777063932e+16,
                "traffic_energy_foreach": {
                    "DRAM": 0.0,
                    "L3": 6.465634777063932e+16,
                    "reg_file": 0.0,
                    "traffic": {
                        "DRAM": {
                            "read": 0.0,
                            "write": 0.0,
                            "update": 0,
                            "leak": 0
                        },
                        "L3": {
                            "read": 6597072912384.0,