{
    "latency": 23393.86442076596,
    "energy": 3.221602205799332e+17,
    "energy_rsts": {
        "DRAM": 0.0,
        "L3": 2.3437088369610547e+17,
        "reg_file": 0.0,
        "PE": 8.778933688382768e+16,
        "total": 3.221602205799332e+17
    },
    "tl_rsts": {
        "SM": {
            "tl_rst": {
                "comp_latency": 2339.386442076596,
                "mem_latency": 0.0,
                "traffic": 0,
                "energy": 30775348053636.29,
                "traffic_energy": 1.288613129274839e+16,
                "traffic_energy_foreach": {
                    "DRAM": 0.0,
                    "L3": 1.288613129274839e+16,
                    "reg_file": 0.0,
                    "traffic": {
                        "DRAM": {
                            "read": 0.0,
                            "write": 0.0,
                            "update": 0,
                            "leak": 0
                        },
                        "L3": {
                            "read": 2199023255552.0,
                            "write": 2097152.0,
                            "update": 0,
                            "leak": 0
                        },
                        "reg_file_2d": {
                            "read": 0,
                            "write": 0,
                            "update": 0,
                            "leak": 0
                        },
                        "reg_file_1d": {
                            "read": 0.0,
                            "write": 0.0,
                            "update": 0,
                            "leak": 0
                        }
                    }
                },
                "mac_instances": 256,
                "mac_utilized_instances": 256
            },
            "factors": {
                "DRAM": {
                    "B": 64,
                    "H": 8,
                    "P": 1048576,
                    "M": 1,
                    "N": 1
                },
                "L3": {
                    "B": 1,
                    "H": 1,
                    "P": 1,
                    "M": 4096,
                    "N": 1
                },
                "PE": {
                    "B": 1,
                    "H": 1,
                    "P": 1,
                    "M": 1,
                    "N": 256
                },
                "reg_file": {
                    "B": 1,
                    "H": 1,
                    "P": 1,
                    "M": 1,
                    "N": 1
                }
            }
        },
        "SN": {
            "tl_rst": {
                "comp_latency": 16375.70509453617,
                "mem_latency": 0.0,
                "traffic": 0,
                "energy": 30775348053636.29,
                "traffic_energy": 4.310423184709288e+16,
                "traffic_energy_foreach": {
                    "DRAM": 0.0,
                    "L3": 4.310423184709288e+16,
                    "reg_file": 0.0,
                    "traffic": {
                        "DRAM": {
                            "read": 0.0,
                            "write": 0.0,
                            "update": 0,
                            "leak": 0
                        },
                        "L3": {
                            "read": 4398048608256.0,
                            "write": 2199023255552.0,
                            "update": 0,
                            "leak": 0
                        },
                        "reg_file_2d": {
                            "read": 0,
                            "write": 0,
                            "update": 0,
                            "leak": 0
                        },
                        "reg_file_1d": {
                            "read": 0.0,
                            "write": 0.0,
                            "update": 0,
                            "leak": 0
                        }
                    }
                },
                "mac_instances": 256,
                "mac_utilized_instances": 256
            },
            "factors": {
                "DRAM": {
                    "B": 64,
                    "H": 8,
                    "M": 1,
                    "N": 1,
                    "P": 1048576
                },
                "L3": {
                    "B": 1,
                    "H": 1,
                    "M": 4096,
                    "N": 1,
                    "P": 1
                },
                "PE": {
                    "B": 1,
                    "H": 1,
                    "M": 1,
                    "N": 256,
                    "P": 1
                },
                "reg_file": {
                    "B": 1,
                    "H": 1,
                    "M": 1,
                    "N": 1,
                    "P": 1
                }
            }
        },
        "SD": {
            "tl_rst": {
                "comp_latency": 2339.386442076596,
                "mem_latency": 0.0,
                "traffic": 0,
                "energy": 30775348053636.29,
                "traffic_energy": 1.288613129274839e+16,
                "traffic_energy_foreach": {
                    "DRAM": 0.0,
                    "L3": 1.288613129274839e+16,
                    "reg_file": 0.0,
                    "traffic": {
                        "DRAM": {
                            "read": 0.0,
                            "write": 0.0,
                            "update": 0,
                            "leak": 0
                        },
                        "L3": {
                            "read": 2199023255552.0,
                            "write": 2097152.0,
                            "update": 0,
                            "leak": 0
                        },
                        "reg_file_2d": {
                            "read": 0,
                            "write": 0,
                            "update": 0,
                            "leak": 0
                        },
                        "reg_file_1d": {
                            "read": 0.0,
                            "write": 0.0,
                            "update": 0,
                            "leak": 0
                        }
                    }
                },
                "mac_instances": 256,
                "mac_utilized_instances": 256
            },
            "factors": {
                "DRAM": {
                    "B": 64,
                    "H": 8,
                    "P": 1048576,
                    "M": 1,
                    "N": 1
                },
                "L3": {
                    "B": 1,
                    "H": 1,
                    "P": 1,
                    "M": 4096,
                    "N": 1
                },
                "PE": {
                    "B": 1,
                    "H": 1,
                    "P": 1,
                    "M": 1,
                    "N": 256
                },
                "reg_file": {
                    "B": 1,
                    "H": 1,
                    "P": 1,
                    "M": 1,
                    "N": 1
                }
            }
        },
        "SA": {
            "tl_rst": {
                "comp_latency": 2339.386442076596,
                "mem_latency": 0.0,
                "traffic": 0,
                "energy": 30775348053636.29,
                "traffic_energy": 4.310423184709288e+16,
                "traffic_energy_foreach": {
                    "DRAM": 0.0,
                    "L3": 4.310423184709288e+16,
                    "reg_file": 0.0,
                    "traffic": {
                        "DRAM": {
                            "read": 0.0,
                            "write": 0.0,
                            "update": 0,
                            "leak": 0
                        },
                        "L3": {
                            "read": 4398048608256.0,