{
    "latency": 0.04462025531914894,
    "energy": 509738527219.1877,
    "energy_rsts": {
        "DRAM": 0.0,
        "L3": 342293655538.303,
        "reg_file": 0.0,
        "PE": 167444871680.8847,
        "total": 509738527219.1877
    },
    "tl_rsts": {
        "SM": {
            "tl_rst": {
                "comp_latency": 0.004462025531914894,
                "mem_latency": 0.0,
                "traffic": 0,
                "energy": 58699318.03,
                "traffic_energy": 24610596723.9168,
                "traffic_energy_foreach": {
                    "DRAM": 0.0,
                    "L3": 24610596723.9168,
                    "reg_file": 0.0,
                    "traffic": {
                        "DRAM": {
                            "read": 0.0,
                            "write": 0.0,
                            "update": 0,
                            "leak": 0
                        },
                        "L3": {
                            "read": 4194304.0,
                            "write": 4096.0,
                            "update": 0,
                            "leak": 0
                        },
                        "reg_file_2d": {
                            "read": 0,
                            "write": 0,
                            "update": 0,
                            "leak": 0
                        },
                        "reg_file_1d": {
                            "read": 0.0,
                            "write": 0.0,
                            "update": 0,
                            "leak": 0
                        }
                    }
                },
                "mac_instances": 256,
                "mac_utilized_instances": 256
            },
            "factors": {
                "DRAM": {
                    "B": 64,
                    "H": 16,
                    "P": 1024,
                    "M": 1,
                    "N": 1
                },
                "L3": {
                    "B": 1,
                    "H": 1,
                    "P": 1,
                    "M": 4,
                    "N": 1
                },
                "PE": {
                    "B": 1,
                    "H": 1,
                    "P": 1,
                    "M": 1,
                    "N": 256
                },
                "reg_file": {
                    "B": 1,
                    "H": 1,
                    "P": 1,
                    "M": 1,
                    "N": 1
                }
            }
        },
        "SN": {
            "tl_rst": {
                "comp_latency": 0.031234178723404254,
                "mem_latency": 0.0,
                "traffic": 0,
                "energy": 58699318.03,
                "traffic_energy": 57660463124.676605,
                "traffic_energy_foreach": {
                    "DRAM": 0.0,
                    "L3": 57660463124.676605,
                    "reg_file": 0.0,
                    "traffic": {
                        "DRAM": {
                            "read": 0.0,
                            "write": 0.0,
                            "update": 0,
                            "leak": 0
                        },
                        "L3": {
                            "read": 4198400.0,
                            "write": 4194304.0,
                            "update": 0,
                            "leak": 0
                        },
                        "reg_file_2d": {
                            "read": 0,
                            "write": 0,
                            "update": 0,
                            "leak": 0
                        },
                        "reg_file_1d": {
                            "read": 0.0,
                            "write": 0.0,
                            "update": 0,
                            "leak": 0
                        }
                    }
                },
                "mac_instances": 256,
                "mac_utilized_instances": 256
            },
            "factors": {
                "DRAM": {
                    "B": 64,
                    "H": 16,
                    "M": 1,
                    "N": 1,
                    "P": 1024
                },
                "L3": {
                    "B": 1,
                    "H": 1,
                    "M": 4,
                    "N": 1,
                    "P": 1
                },
                "PE": {
                    "B": 1,
                    "H": 1,
                    "M": 1,
                    "N": 256,
                    "P": 1
                },
                "reg_file": {
                    "B": 1,
                    "H": 1,
                    "M": 1,
                    "N": 1,
                    "P": 1
                }
            }
        },
        "SD": {
            "tl_rst": {
                "comp_latency": 0.004462025531914894,
                "mem_latency": 0.0,
                "traffic": 0,
                "energy": 58699318.03,
                "traffic_energy": 24610596723.9168,
                "traffic_energy_foreach": {
                    "DRAM": 0.0,
                    "L3": 24610596723.9168,
                    "reg_file": 0.0,
                    "traffic": {
                        "DRAM": {
                            "read": 0.0,
                            "write": 0.0,
                            "update": 0,
                            "leak": 0
                        },
                        "L3": {
                            "read": 4194304.0,
                            "write": 4096.0,
                            "update": 0,
                            "leak": 0
                        },
                        "reg_file_2d": {
                            "read": 0,
                            "write": 0,
                            "update": 0,
                            "leak": 0
                        },
                        "reg_file_1d": {
                            "read": 0.0,
                            "write": 0.0,
                            "update": 0,
                            "leak": 0
                        }
                    }
                },
                "mac_instances": 256,
                "mac_utilized_instances": 256
            },
            "factors": {
                "DRAM": {
                    "B": 64,
                    "H": 16,
                    "P": 1024,
                    "M": 1,
                    "N": 1
                },
                "L3": {
                    "B": 1,
                    "H": 1,
                    "P": 1,
                    "M": 4,
                    "N": 1
                },
                "PE": {
                    "B": 1,
                    "H": 1,
                    "P": 1,
                    "M": 1,
                    "N": 256
                },
                "reg_file": {
                    "B": 1,
                    "H": 1,
                    "P": 1,
                    "M": 1,
                    "N": 1
                }
            }
        },
        "SA": {
            "tl_rst": {
                "comp_latency": 0.004462025531914894,
                "mem_latency": 0.0,
                "traffic": 0,
                "energy": 58699318.03,
                "traffic_energy": 57660463124.676605,
                "traffic_energy_foreach": {
                    "DRAM": 0.0,
                    "L3": 57660463124.676605,
                    "reg_file": 0.0,
                    "traffic": {
                        "DRAM": {
                            "read": 0.0,
                            "write": 0.0,
                            "update": 0,
                            "leak": 0
                        },
                        "L3": {
                            "read": 4198400.0,
                            "write": 4194304.0,
                            "update": 0,