{
    "latency": 2924.233052595745,
    "energy": 4.027007202826757e+16,
    "energy_rsts": {
        "DRAM": 0.0,
        "L3": 2.929640491778911e+16,
        "reg_file": 0.0,
        "PE": 1.097366711047846e+16,
        "total": 4.027007202826757e+16
    },
    "tl_rsts": {
        "SM": {
            "tl_rst": {
                "comp_latency": 292.4233052595745,
                "mem_latency": 0.0,
                "traffic": 0,
                "energy": 3846918506704.54,
                "traffic_energy": 1610772609996203.0,
                "traffic_energy_foreach": {
                    "DRAM": 0.0,
                    "L3": 1610772609996203.0,
                    "reg_file": 0.0,
                    "traffic": {
                        "DRAM": {
                            "read": 0.0,
                            "write": 0.0,
                            "update": 0,
                            "leak": 0
                        },
                        "L3": {
                            "read": 274877906944.0,
                            "write": 1048576.0,
                            "update": 0,
                            "leak": 0
                        },
                        "reg_file_2d": {
                            "read": 0,
                            "write": 0,
                            "update": 0,
                            "leak": 0
                        },
                        "reg_file_1d": {
                            "read": 0.0,
                            "write": 0.0,
                            "update": 0,
                            "leak": 0
                        }
                    }
                },
                "mac_instances": 256,
                "mac_utilized_instances": 256
            },
            "factors": {
                "DRAM": {
                    "B": 64,
                    "H": 16,
                    "P": 262144,
                    "M": 1,
                    "N": 1
                },
                "L3": {
                    "B": 1,
                    "H": 1,
                    "P": 1,
                    "M": 1024,
                    "N": 1
                },
                "PE": {
                    "B": 1,
                    "H": 1,
                    "P": 1,
                    "M": 1,
                    "N": 256
                },
                "reg_file": {
                    "B": 1,
                    "H": 1,
                    "P": 1,
                    "M": 1,
                    "N": 1
                }
            }
        },
        "SN": {
            "tl_rst": {
                "comp_latency": 2046.9631368170212,
                "mem_latency": 0.0,
                "traffic": 0,
                "energy": 3846918506704.54,
                "traffic_energy": 5388033589320368.0,
                "traffic_energy_foreach": {
                    "DRAM": 0.0,
                    "L3": 5388033589320368.0,
                    "reg_file": 0.0,
                    "traffic": {
                        "DRAM": {
                            "read": 0.0,
                            "write": 0.0,
                            "update": 0,
                            "leak": 0
                        },
                        "L3": {
                            "read": 549756862464.0,
                            "write": 274877906944.0,
                            "update": 0,
                            "leak": 0
                        },
                        "reg_file_2d": {
                            "read": 0,
                            "write": 0,
                            "update": 0,
                            "leak": 0
                        },
                        "reg_file_1d": {
                            "read": 0.0,
                            "write": 0.0,
                            "update": 0,
                            "leak": 0
                        }
                    }
                },
                "mac_instances": 256,
                "mac_utilized_instances": 256
            },
            "factors": {
                "DRAM": {
                    "B": 64,
                    "H": 16,
                    "M": 1,
                    "N": 1,
                    "P": 262144
                },
                "L3": {
                    "B": 1,
                    "H": 1,
                    "M": 1024,
                    "N": 1,
                    "P": 1
                },
                "PE": {
                    "B": 1,
                    "H": 1,
                    "M": 1,
                    "N": 256,
                    "P": 1
                },
                "reg_file": {
                    "B": 1,
                    "H": 1,
                    "M": 1,
                    "N": 1,
                    "P": 1
                }
            }
        },
        "SD": {
            "tl_rst": {
                "comp_latency": 292.4233052595745,
                "mem_latency": 0.0,
                "traffic": 0,
                "energy": 3846918506704.54,
                "traffic_energy": 1610772609996203.0,
                "traffic_energy_foreach": {
                    "DRAM": 0.0,
                    "L3": 1610772609996203.0,
                    "reg_file": 0.0,
                    "traffic": {
                        "DRAM": {
                            "read": 0.0,
                            "write": 0.0,
                            "update": 0,
                            "leak": 0
                        },
                        "L3": {
                            "read": 274877906944.0,
                            "write": 1048576.0,
                            "update": 0,
                            "leak": 0
                        },
                        "reg_file_2d": {
                            "read": 0,
                            "write": 0,
                            "update": 0,
                            "leak": 0
                        },
                        "reg_file_1d": {
                            "read": 0.0,
                            "write": 0.0,
                            "update": 0,
                            "leak": 0
                        }
                    }
                },
                "mac_instances": 256,
                "mac_utilized_instances": 256
            },
            "factors": {
                "DRAM": {
                    "B": 64,
                    "H": 16,
                    "P": 262144,
                    "M": 1,
                    "N": 1
                },
                "L3": {
                    "B": 1,
                    "H": 1,
                    "P": 1,
                    "M": 1024,
                    "N": 1
                },
                "PE": {
                    "B": 1,
                    "H": 1,
                    "P": 1,
                    "M": 1,
                    "N": 256
                },
                "reg_file": {
                    "B": 1,
                    "H": 1,
                    "P": 1,
                    "M": 1,
                    "N": 1
                }
            }
        },
        "SA": {
            "tl_rst": {
                "comp_latency": 292.4233052595745,
                "mem_latency": 0.0,
                "traffic": 0,
                "energy": 3846918506704.54,
                "traffic_energy": 5388033589320368.0,
                "traffic_energy_foreach": {
                    "DRAM": 0.0,
                    "L3": 5388033589320368.0,
                    "reg_file": 0.0,
                    "traffic": {
                        "DRAM": {
                            "read": 0.0,
                            "write": 0.0,
                            "update": 0,
                            "leak": 0
                        },
                        "L3": {
                            "read": 549756862464.0,
                            "write": 274877906944.0,