{
    "latency": 1462.1165262978725,
    "energy": 1.6695554578011018e+16,
    "energy_rsts": {
        "DRAM": 0.0,
        "L3": 1.1208721022771788e+16,
        "reg_file": 0.0,
        "PE": 5486833555239230.0,
        "total": 1.6695554578011018e+16
    },
    "tl_rsts": {
        "SM": {
            "tl_rst": {
                "comp_latency": 146.21165262978724,
                "mem_latency": 0.0,
                "traffic": 0,
                "energy": 1923459253352.27,
                "traffic_energy": 805386304998101.5,
                "traffic_energy_foreach": {
                    "DRAM": 0.0,
                    "L3": 805386304998101.5,
                    "reg_file": 0.0,
                    "traffic": {
                        "DRAM": {
                            "read": 0.0,
                            "write": 0.0,
                            "update": 0,
                            "leak": 0
                        },
                        "L3": {
                            "read": 137438953472.0,
                            "write": 524288.0,
                            "update": 0,
                            "leak": 0
                        },
                        "reg_file_2d": {
                            "read": 0,
                            "write": 0,
                            "update": 0,
                            "leak": 0
                        },
                        "reg_file_1d": {
                            "read": 0.0,
                            "write": 0.0,
                            "update": 0,
                            "leak": 0
                        }
                    }
                },
                "mac_instances": 256,
                "mac_utilized_instances": 256
            },
            "factors": {
                "DRAM": {
                    "B": 64,
                    "H": 8,
                    "P": 262144,
                    "M": 1,
                    "N": 1
                },
                "L3": {
                    "B": 1,
                    "H": 1,
                    "P": 1,
                    "M": 1024,
                    "N": 1
                },
                "PE": {
                    "B": 1,
                    "H": 1,
                    "P": 1,
                    "M": 1,
                    "N": 256
                },
                "reg_file": {
                    "B": 1,
                    "H": 1,
                    "P": 1,
                    "M": 1,
                    "N": 1
                }
            }
        },
        "SN": {
            "tl_rst": {
                "comp_latency": 1023.4815684085106,
                "mem_latency": 0.0,
                "traffic": 0,
                "energy": 1923459253352.27,
                "traffic_energy": 1888634621930519.0,
                "traffic_energy_foreach": {
                    "DRAM": 0.0,
                    "L3": 1888634621930519.0,
                    "reg_file": 0.0,
                    "traffic": {
                        "DRAM": {
                            "read": 0.0,
                            "write": 0.0,
                            "update": 0,
                            "leak": 0
                        },
                        "L3": {
                            "read": 137439477760.0,
                            "write": 137438953472.0,
                            "update": 0,
                            "leak": 0
                        },
                        "reg_file_2d": {
                            "read": 0,
                            "write": 0,
                            "update": 0,
                            "leak": 0
                        },
                        "reg_file_1d": {
                            "read": 0.0,
                            "write": 0.0,
                            "update": 0,
                            "leak": 0
                        }
                    }
                },
                "mac_instances": 256,
                "mac_utilized_instances": 256
            },
            "factors": {
                "DRAM": {
                    "B": 64,
                    "H": 8,
                    "M": 1,
                    "N": 1,
                    "P": 262144
                },
                "L3": {
                    "B": 1,
                    "H": 1,
                    "M": 1024,
                    "N": 1,
                    "P": 1
                },
                "PE": {
                    "B": 1,
                    "H": 1,
                    "M": 1,
                    "N": 256,
                    "P": 1
                },
                "reg_file": {
                    "B": 1,
                    "H": 1,
                    "M": 1,
                    "N": 1,
                    "P": 1
                }
            }
        },
        "SD": {
            "tl_rst": {
                "comp_latency": 146.21165262978724,
                "mem_latency": 0.0,
                "traffic": 0,
                "energy": 1923459253352.27,
                "traffic_energy": 805386304998101.5,
                "traffic_energy_foreach": {
                    "DRAM": 0.0,
                    "L3": 805386304998101.5,
                    "reg_file": 0.0,
                    "traffic": {
                        "DRAM": {
                            "read": 0.0,
                            "write": 0.0,
                            "update": 0,
                            "leak": 0
                        },
                        "L3": {
                            "read": 137438953472.0,
                            "write": 524288.0,
                            "update": 0,
                            "leak": 0
                        },
                        "reg_file_2d": {
                            "read": 0,
                            "write": 0,
                            "update": 0,
                            "leak": 0
                        },
                        "reg_file_1d": {
                            "read": 0.0,
                            "write": 0.0,
                            "update": 0,
                            "leak": 0
                        }
                    }
                },
                "mac_instances": 256,
                "mac_utilized_instances": 256
            },
            "factors": {
                "DRAM": {
                    "B": 64,
                    "H": 8,
                    "P": 262144,
                    "M": 1,
                    "N": 1
                },
                "L3": {
                    "B": 1,
                    "H": 1,
                    "P": 1,
                    "M": 1024,
                    "N": 1
                },
                "PE": {
                    "B": 1,
                    "H": 1,
                    "P": 1,
                    "M": 1,
                    "N": 256
                },
                "reg_file": {
                    "B": 1,
                    "H": 1,
                    "P": 1,
                    "M": 1,
                    "N": 1
                }
            }
        },
        "SA": {
            "tl_rst": {
                "comp_latency": 146.21165262978724,
                "mem_latency": 0.0,
                "traffic": 0,
                "energy": 1923459253352.27,
                "traffic_energy": 1888634621930519.0,
                "traffic_energy_foreach": {
                    "DRAM": 0.0,
                    "L3": 1888634621930519.0,
                    "reg_file": 0.0,
                    "traffic": {
                        "DRAM": {
                            "read": 0.0,
                            "write": 0.0,
                            "update": 0,
                            "leak": 0
                        },
                        "L3": {
                            "read": 137439477760.0,
                            "write": 137438953472.0,