{
    "latency": 5848.46610519149,
    "energy": 2718729659110530.0,
    "energy_rsts": {
        "DRAM": 0.0,
        "L3": 1347021270300722.5,
        "reg_file": 0.0,
        "PE": 1371708388809807.8,
        "total": 2718729659110530.0
    },
    "tl_rsts": {
        "SM": {
            "tl_rst": {
                "comp_latency": 584.846610519149,
                "mem_latency": 0.0,
                "traffic": 0,
                "energy": 480864813338.07,
                "traffic_energy": 429943437817106.4,
                "traffic_energy_foreach": {
                    "DRAM": 0.0,
                    "L3": 429943437817106.4,
                    "reg_file": 0.0,
                    "traffic": {
                        "DRAM": {
                            "read": 0.0,
                            "write": 0.0,
                            "update": 0,
                            "leak": 0
                        },
                        "L3": {
                            "read": 34359738368.0,
                            "write": 524288.0,
                            "update": 0,
                            "leak": 0
                        },
                        "reg_file_2d": {
                            "read": 0,
                            "write": 0,
                            "update": 0,
                            "leak": 0
                        },
                        "reg_file_1d": {
                            "read": 0.0,
                            "write": 0.0,
                            "update": 0,
                            "leak": 0
                        }
                    }
                },
                "mac_instances": 256,
                "mac_utilized_instances": 16
            },
            "factors": {
                "DRAM": {
                    "B": 64,
                    "H": 32,
                    "P": 65536,
                    "M": 1,
                    "N": 1
                },
                "L3": {
                    "B": 1,
                    "H": 1,
                    "P": 1,
                    "M": 4096,
                    "N": 1
                },
                "PE": {
                    "B": 1,
                    "H": 1,
                    "P": 1,
                    "M": 1,
                    "N": 16
                },
                "reg_file": {
                    "B": 1,
                    "H": 1,
                    "P": 1,
                    "M": 1,
                    "N": 1
                }
            }
        },
        "SN": {
            "tl_rst": {
                "comp_latency": 4093.9262736340424,
                "mem_latency": 0.0,
                "traffic": 0,
                "energy": 480864813338.07,
                "traffic_energy": 971157803973348.4,
                "traffic_energy_foreach": {
                    "DRAM": 0.0,
                    "L3": 971157803973348.4,
                    "reg_file": 0.0,
                    "traffic": {
                        "DRAM": {
                            "read": 0.0,
                            "write": 0.0,
                            "update": 0,
                            "leak": 0
                        },
                        "L3": {
                            "read": 34360262656.0,
                            "write": 34359738368.0,
                            "update": 0,
                            "leak": 0
                        },
                        "reg_file_2d": {
                            "read": 0,
                            "write": 0,
                            "update": 0,
                            "leak": 0
                        },
                        "reg_file_1d": {
                            "read": 0.0,
                            "write": 0.0,
                            "update": 0,
                            "leak": 0
                        }
                    }
                },
                "mac_instances": 256,
                "mac_utilized_instances": 16
            },
            "factors": {
                "DRAM": {
                    "B": 64,
                    "H": 32,
                    "M": 1,
                    "N": 1,
                    "P": 65536
                },
                "L3": {
                    "B": 1,
                    "H": 1,
                    "M": 4096,
                    "N": 1,
                    "P": 1
                },
                "PE": {
                    "B": 1,
                    "H": 1,
                    "M": 1,
                    "N": 16,
                    "P": 1
                },
                "reg_file": {
                    "B": 1,
                    "H": 1,
                    "M": 1,
                    "N": 1,
                    "P": 1
                }
            }
        },
        "SD": {
            "tl_rst": {
                "comp_latency": 584.846610519149,
                "mem_latency": 0.0,
                "traffic": 0,
                "energy": 480864813338.07,
                "traffic_energy": 429943437817106.4,
                "traffic_energy_foreach": {
                    "DRAM": 0.0,
                    "L3": 429943437817106.4,
                    "reg_file": 0.0,
                    "traffic": {
                        "DRAM": {
                            "read": 0.0,
                            "write": 0.0,
                            "update": 0,
                            "leak": 0
                        },
                        "L3": {
                            "read": 34359738368.0,
                            "write": 524288.0,
                            "update": 0,
                            "leak": 0
                        },
                        "reg_file_2d": {
                            "read": 0,
                            "write": 0,
                            "update": 0,
                            "leak": 0
                        },
                        "reg_file_1d": {
                            "read": 0.0,
                            "write": 0.0,
                            "update": 0,
                            "leak": 0
                        }
                    }
                },
                "mac_instances": 256,
                "mac_utilized_instances": 16
            },
            "factors": {
                "DRAM": {
                    "B": 64,
                    "H": 32,
                    "P": 65536,
                    "M": 1,
                    "N": 1
                },
                "L3": {
                    "B": 1,
                    "H": 1,
                    "P": 1,
                    "M": 4096,
                    "N": 1
                },
                "PE": {
                    "B": 1,
                    "H": 1,
                    "P": 1,
                    "M": 1,
                    "N": 16
                },
                "reg_file": {
                    "B": 1,
                    "H": 1,
                    "P": 1,
                    "M": 1,
                    "N": 1
                }
            }
        },
        "SA": {
            "tl_rst": {
                "comp_latency": 584.846610519149,
                "mem_latency": 0.0,
                "traffic": 0,
                "energy": 480864813338.07,
                "traffic_energy": 971157803973348.4,
                "traffic_energy_foreach": {
                    "DRAM": 0.0,
                    "L3": 971157803973348.4,
                    "reg_file": 0.0,
                    "traffic": {
                        "DRAM": {
                            "read": 0.0,
                            "write": 0.0,
                            "update": 0,
                            "leak": 0
                        },
                        "L3": {
                            "read": 34360262656.0,
                            "write": 34359738368.0,
                            "update": 0,