{
    "latency": 1462.1165262978725,
    "energy": 679682414777632.5,
    "energy_rsts": {
        "DRAM": 0.0,
        "L3": 336755317575180.6,
        "reg_file": 0.0,
        "PE": 342927097202451.94,
        "total": 679682414777632.5
    },
    "tl_rsts": {
        "SM": {
            "tl_rst": {
                "comp_latency": 146.21165262978724,
                "mem_latency": 0.0,
                "traffic": 0,
                "energy": 120216203334.52,
                "traffic_energy": 107485859454276.6,
                "traffic_energy_foreach": {
                    "DRAM": 0.0,
                    "L3": 107485859454276.6,
                    "reg_file": 0.0,
                    "traffic": {
                        "DRAM": {
                            "read": 0.0,
                            "write": 0.0,
                            "update": 0,
                            "leak": 0
                        },
                        "L3": {
                            "read": 8589934592.0,
                            "write": 131072.0,
                            "update": 0,
                            "leak": 0
                        },
                        "reg_file_2d": {
                            "read": 0,
                            "write": 0,
                            "update": 0,
                            "leak": 0
                        },
                        "reg_file_1d": {
                            "read": 0.0,
                            "write": 0.0,
                            "update": 0,
                            "leak": 0
                        }
                    }
                },
                "mac_instances": 256,
                "mac_utilized_instances": 16
            },
            "factors": {
                "DRAM": {
                    "B": 64,
                    "H": 8,
                    "P": 65536,
                    "M": 1,
                    "N": 1
                },
                "L3": {
                    "B": 1,
                    "H": 1,
                    "P": 1,
                    "M": 4096,
                    "N": 1
                },
                "PE": {
                    "B": 1,
                    "H": 1,
                    "P": 1,
                    "M": 1,
                    "N": 16
                },
                "reg_file": {
                    "B": 1,
                    "H": 1,
                    "P": 1,
                    "M": 1,
                    "N": 1
                }
            }
        },
        "SN": {
            "tl_rst": {
                "comp_latency": 1023.4815684085106,
                "mem_latency": 0.0,
                "traffic": 0,
                "energy": 120216203334.52,
                "traffic_energy": 242789450993337.1,
                "traffic_energy_foreach": {
                    "DRAM": 0.0,
                    "L3": 242789450993337.1,
                    "reg_file": 0.0,
                    "traffic": {
                        "DRAM": {
                            "read": 0.0,
                            "write": 0.0,
                            "update": 0,
                            "leak": 0
                        },
                        "L3": {
                            "read": 8590065664.0,
                            "write": 8589934592.0,
                            "update": 0,
                            "leak": 0
                        },
                        "reg_file_2d": {
                            "read": 0,
                            "write": 0,
                            "update": 0,
                            "leak": 0
                        },
                        "reg_file_1d": {
                            "read": 0.0,
                            "write": 0.0,
                            "update": 0,
                            "leak": 0
                        }
                    }
                },
                "mac_instances": 256,
                "mac_utilized_instances": 16
            },
            "factors": {
                "DRAM": {
                    "B": 64,
                    "H": 8,
                    "M": 1,
                    "N": 1,
                    "P": 65536
                },
                "L3": {
                    "B": 1,
                    "H": 1,
                    "M": 4096,
                    "N": 1,
                    "P": 1
                },
                "PE": {
                    "B": 1,
                    "H": 1,
                    "M": 1,
                    "N": 16,
                    "P": 1
                },
                "reg_file": {
                    "B": 1,
                    "H": 1,
                    "M": 1,
                    "N": 1,
                    "P": 1
                }
            }
        },
        "SD": {
            "tl_rst": {
                "comp_latency": 146.21165262978724,
                "mem_latency": 0.0,
                "traffic": 0,
                "energy": 120216203334.52,
                "traffic_energy": 107485859454276.6,
                "traffic_energy_foreach": {
                    "DRAM": 0.0,
                    "L3": 107485859454276.6,
                    "reg_file": 0.0,
                    "traffic": {
                        "DRAM": {
                            "read": 0.0,
                            "write": 0.0,
                            "update": 0,
                            "leak": 0
                        },
                        "L3": {
                            "read": 8589934592.0,
                            "write": 131072.0,
                            "update": 0,
                            "leak": 0
                        },
                        "reg_file_2d": {
                            "read": 0,
                            "write": 0,
                            "update": 0,
                            "leak": 0
                        },
                        "reg_file_1d": {
                            "read": 0.0,
                            "write": 0.0,
                            "update": 0,
                            "leak": 0
                        }
                    }
                },
                "mac_instances": 256,
                "mac_utilized_instances": 16
            },
            "factors": {
                "DRAM": {
                    "B": 64,
                    "H": 8,
                    "P": 65536,
                    "M": 1,
                    "N": 1
                },
                "L3": {
                    "B": 1,
                    "H": 1,
                    "P": 1,
                    "M": 4096,
                    "N": 1
                },
                "PE": {
                    "B": 1,
                    "H": 1,
                    "P": 1,
                    "M": 1,
                    "N": 16
                },
                "reg_file": {
                    "B": 1,
                    "H": 1,
                    "P": 1,
                    "M": 1,
                    "N": 1
                }
            }
        },
        "SA": {
            "tl_rst": {
                "comp_latency": 146.21165262978724,
                "mem_latency": 0.0,
                "traffic": 0,
                "energy": 120216203334.52,
                "traffic_energy": 242789450993337.1,
                "traffic_energy_foreach": {
                    "DRAM": 0.0,
                    "L3": 242789450993337.1,
                    "reg_file": 0.0,
                    "traffic": {
                        "DRAM": {
                            "read": 0.0,
                            "write": 0.0,
                            "update": 0,
                            "leak": 0
                        },
                        "L3": {
                            "read": 8590065664.0,
                            "write": 8589934592.0,
                            "update": 0,