{
    "latency": 140.37873947234044,
    "energy": 2588614355431361.5,
    "energy_rsts": {
        "DRAM": 617485730159001.5,
        "L3": 1456737979468682.0,
        "reg_file": 0.0,
        "PE": 514390645803677.94,
        "total": 2588614355431361.5
    },
    "tl_rsts": {
        "SM": {
            "tl_rst": {
                "comp_latency": 13.707342434042554,
                "mem_latency": 15.36,
                "traffic": 6597069766656,
                "energy": 180324305001.78,
                "traffic_energy": 382889334099207.0,
                "traffic_energy_foreach": {
                    "DRAM": 205828576719667.2,
                    "L3": 177060757379539.8,
                    "reg_file": 0.0,
                    "traffic": {
                        "DRAM": {
                            "read": 824633720832.0,
                            "write": 0.0,
                            "update": 0,
                            "leak": 0
                        },
                        "L3": {
                            "read": 12884901888.0,
                            "write": 12885098496.0,
                            "update": 0,
                            "leak": 0
                        },
                        "reg_file_2d": {
                            "read": 0,
                            "write": 0,
                            "update": 0,
                            "leak": 0
                        },
                        "reg_file_1d": {
                            "read": 0.0,
                            "write": 0.0,
                            "update": 0,
                            "leak": 0
                        }
                    }
                },
                "mac_instances": 256,
                "mac_utilized_instances": 256
            },
            "factors": {
                "DRAM": {
                    "B": 64,
                    "H": 12,
                    "P": 65536,
                    "M": 1,
                    "N": 1
                },
                "L3": {
                    "B": 1,
                    "H": 1,
                    "P": 1,
                    "M": 256,
                    "N": 1
                },
                "PE": {
                    "B": 1,
                    "H": 1,
                    "P": 1,
                    "M": 1,
                    "N": 256
                },
                "reg_file": {
                    "B": 1,
                    "H": 1,
                    "P": 1,
                    "M": 1,
                    "N": 1
                }
            }
        },
        "SN": {
            "tl_rst": {
                "comp_latency": 95.95139703829787,
                "mem_latency": 15.36,
                "traffic": 6597069766656,
                "energy": 180324305001.78,
                "traffic_energy": 484443565692453.1,
                "traffic_energy_foreach": {
                    "DRAM": 205828576719667.2,
                    "L3": 278614988972785.94,
                    "reg_file": 0.0,
                    "traffic": {
                        "DRAM": {
                            "read": 824633720832.0,
                            "write": 0.0,
                            "update": 0,
                            "leak": 0
                        },
                        "L3": {
                            "read": 12885098496.0,
                            "write": 25769803776.0,
                            "update": 0,
                            "leak": 0
                        },
                        "reg_file_2d": {
                            "read": 0,
                            "write": 0,
                            "update": 0,
                            "leak": 0
                        },
                        "reg_file_1d": {
                            "read": 0.0,
                            "write": 0.0,
                            "update": 0,
                            "leak": 0
                        }
                    }
                },
                "mac_instances": 256,
                "mac_utilized_instances": 256
            },
            "factors": {
                "DRAM": {
                    "B": 64,
                    "H": 12,
                    "M": 1,
                    "N": 1,
                    "P": 65536
                },
                "L3": {
                    "B": 1,
                    "H": 1,
                    "M": 256,
                    "N": 1,
                    "P": 1
                },
                "PE": {
                    "B": 1,
                    "H": 1,
                    "M": 1,
                    "N": 256,
                    "P": 1
                },
                "reg_file": {
                    "B": 1,
                    "H": 1,
                    "M": 1,
                    "N": 1,
                    "P": 1
                }
            }
        },
        "SD": {
            "tl_rst": {
                "comp_latency": 13.707342434042554,
                "mem_latency": 0.0,
                "traffic": 0,
                "energy": 180324305001.78,
                "traffic_energy": 75506128294069.66,
                "traffic_energy_foreach": {
                    "DRAM": 0.0,
                    "L3": 75506128294069.66,
                    "reg_file": 0.0,
                    "traffic": {
                        "DRAM": {
                            "read": 0.0,
                            "write": 0.0,
                            "update": 0,
                            "leak": 0
                        },
                        "L3": {
                            "read": 12884901888.0,
                            "write": 196608.0,
                            "update": 0,
                            "leak": 0
                        },
                        "reg_file_2d": {
                            "read": 0,
                            "write": 0,
                            "update": 0,
                            "leak": 0
                        },
                        "reg_file_1d": {
                            "read": 0.0,
                            "write": 0.0,
                            "update": 0,
                            "leak": 0
                        }
                    }
                },
                "mac_instances": 256,
                "mac_utilized_instances": 256
            },
            "factors": {
                "DRAM": {
                    "B": 64,
                    "H": 12,
                    "P": 65536,
                    "M": 1,
                    "N": 1
                },
                "L3": {
                    "B": 1,
                    "H": 1,
                    "P": 1,
                    "M": 256,
                    "N": 1
                },
                "PE": {
                    "B": 1,
                    "H": 1,
                    "P": 1,
                    "M": 1,
                    "N": 256
                },
                "reg_file": {
                    "B": 1,
                    "H": 1,
                    "P": 1,
                    "M": 1,
                    "N": 1
                }
            }
        },
        "SA": {
            "tl_rst": {
                "comp_latency": 13.707342434042554,
                "mem_latency": 15.36,
                "traffic": 6597069766656,
                "energy": 180324305001.78,
                "traffic_energy": 382888936606983.0,
                "traffic_energy_foreach": {
                    "DRAM": 205828576719667.2,
                    "L3": 177060359887315.8,
                    "reg_file": 0.0,
                    "traffic": {
                        "DRAM": {
                            "read": 0.0,
                            "write": 824633720832.0,
                            "update": 0,
                            "leak": 0
                        },