{
    "latency": 35936.95730491915,
    "energy": 7.971869042709271e+17,
    "energy_rsts": {
        "DRAM": 1.580763469207044e+17,
        "L3": 5.074265520244811e+17,
        "reg_file": 0.0,
        "PE": 1.3168400532574155e+17,
        "total": 7.971869042709271e+17
    },
    "tl_rsts": {
        "SM": {
            "tl_rst": {
                "comp_latency": 3509.0796631148937,
                "mem_latency": 3932.16,
                "traffic": 1688849860263936,
                "energy": 46163022080454.43,
                "traffic_energy": 9.801929762523773e+16,
                "traffic_energy_foreach": {
                    "DRAM": 5.26921156402348e+16,
                    "L3": 4.5327181985002936e+16,
                    "reg_file": 0.0,
                    "traffic": {
                        "DRAM": {
                            "read": 211106232532992.0,
                            "write": 0.0,
                            "update": 0,
                            "leak": 0
                        },
                        "L3": {
                            "read": 3298534883328.0,
                            "write": 3298538029056.0,
                            "update": 0,
                            "leak": 0
                        },
                        "reg_file_2d": {
                            "read": 0,
                            "write": 0,
                            "update": 0,
                            "leak": 0
                        },
                        "reg_file_1d": {
                            "read": 0.0,
                            "write": 0.0,
                            "update": 0,
                            "leak": 0
                        }
                    }
                },
                "mac_instances": 256,
                "mac_utilized_instances": 256
            },
            "factors": {
                "DRAM": {
                    "B": 64,
                    "H": 12,
                    "P": 1048576,
                    "M": 1,
                    "N": 1
                },
                "L3": {
                    "B": 1,
                    "H": 1,
                    "P": 1,
                    "M": 4096,
                    "N": 1
                },
                "PE": {
                    "B": 1,
                    "H": 1,
                    "P": 1,
                    "M": 1,
                    "N": 256
                },
                "reg_file": {
                    "B": 1,
                    "H": 1,
                    "P": 1,
                    "M": 1,
                    "N": 1
                }
            }
        },
        "SN": {
            "tl_rst": {
                "comp_latency": 24563.557641804255,
                "mem_latency": 3932.16,
                "traffic": 1688849860263936,
                "energy": 46163022080454.43,
                "traffic_energy": 1.4334644845675448e+17,
                "traffic_energy_foreach": {
                    "DRAM": 5.26921156402348e+16,
                    "L3": 9.065433281651968e+16,
                    "reg_file": 0.0,
                    "traffic": {
                        "DRAM": {
                            "read": 211106232532992.0,
                            "write": 0.0,
                            "update": 0,
                            "leak": 0
                        },
                        "L3": {
                            "read": 6597072912384.0,
                            "write": 6597069766656.0,
                            "update": 0,
                            "leak": 0
                        },
                        "reg_file_2d": {
                            "read": 0,
                            "write": 0,
                            "update": 0,
                            "leak": 0
                        },
                        "reg_file_1d": {
                            "read": 0.0,
                            "write": 0.0,
                            "update": 0,
                            "leak": 0
                        }
                    }
                },
                "mac_instances": 256,
                "mac_utilized_instances": 256
            },
            "factors": {
                "DRAM": {
                    "B": 64,
                    "H": 12,
                    "M": 1,
                    "N": 1,
                    "P": 1048576
                },
                "L3": {
                    "B": 1,
                    "H": 1,
                    "M": 4096,
                    "N": 1,
                    "P": 1
                },
                "PE": {
                    "B": 1,
                    "H": 1,
                    "M": 1,
                    "N": 256,
                    "P": 1
                },
                "reg_file": {
                    "B": 1,
                    "H": 1,
                    "M": 1,
                    "N": 1,
                    "P": 1
                }
            }
        },
        "SD": {
            "tl_rst": {
                "comp_latency": 3509.0796631148937,
                "mem_latency": 0.0,
                "traffic": 0,
                "energy": 46163022080454.43,
                "traffic_energy": 1.9329196939122584e+16,
                "traffic_energy_foreach": {
                    "DRAM": 0.0,
                    "L3": 1.9329196939122584e+16,
                    "reg_file": 0.0,
                    "traffic": {
                        "DRAM": {
                            "read": 0.0,
                            "write": 0.0,
                            "update": 0,
                            "leak": 0
                        },
                        "L3": {
                            "read": 3298534883328.0,
                            "write": 3145728.0,
                            "update": 0,
                            "leak": 0
                        },
                        "reg_file_2d": {
                            "read": 0,
                            "write": 0,
                            "update": 0,
                            "leak": 0
                        },
                        "reg_file_1d": {
                            "read": 0.0,
                            "write": 0.0,
                            "update": 0,
                            "leak": 0
                        }
                    }
                },
                "mac_instances": 256,
                "mac_utilized_instances": 256
            },
            "factors": {
                "DRAM": {
                    "B": 64,
                    "H": 12,
                    "P": 1048576,
                    "M": 1,
                    "N": 1
                },
                "L3": {
                    "B": 1,
                    "H": 1,
                    "P": 1,
                    "M": 4096,
                    "N": 1
                },
                "PE": {
                    "B": 1,
                    "H": 1,
                    "P": 1,
                    "M": 1,
                    "N": 256
                },
                "reg_file": {
                    "B": 1,
                    "H": 1,
                    "P": 1,
                    "M": 1,
                    "N": 1
                }
            }
        },
        "SA": {
            "tl_rst": {
                "comp_latency": 3509.0796631148937,
                "mem_latency": 3932.16,
                "traffic": 1688849860263936,
                "energy": 46163022080454.43,
                "traffic_energy": 1.4334644845675448e+17,
                "traffic_energy_foreach": {
                    "DRAM": 5.26921156402348e+16,
                    "L3": 9.065433281651968e+16,
                    "reg_file": 0.0,
                    "traffic": {
                        "DRAM": {
                            "read": 0.0,
                            "write": 211106232532992.0,