{
    "latency": 0.5483544510638299,
    "energy": 10112426033558.912,
    "energy_rsts": {
        "DRAM": 2412053633433.5996,
        "L3": 5691033939954.695,
        "reg_file": 0.0,
        "PE": 2009338460170.617,
        "total": 10112426033558.912
    },
    "tl_rsts": {
        "SM": {
            "tl_rst": {
                "comp_latency": 0.053544306382978725,
                "mem_latency": 0.06,
                "traffic": 25769803776,
                "energy": 704391816.41,
                "traffic_energy": 1495752258238.9062,
                "traffic_energy_foreach": {
                    "DRAM": 804017877811.2,
                    "L3": 691734380427.7063,
                    "reg_file": 0.0,
                    "traffic": {
                        "DRAM": {
                            "read": 3221225472.0,
                            "write": 0.0,
                            "update": 0,
                            "leak": 0
                        },
                        "L3": {
                            "read": 50331648.0,
                            "write": 50343936.0,
                            "update": 0,
                            "leak": 0
                        },
                        "reg_file_2d": {
                            "read": 0,
                            "write": 0,
                            "update": 0,
                            "leak": 0
                        },
                        "reg_file_1d": {
                            "read": 0.0,
                            "write": 0.0,
                            "update": 0,
                            "leak": 0
                        }
                    }
                },
                "mac_instances": 256,
                "mac_utilized_instances": 256
            },
            "factors": {
                "DRAM": {
                    "B": 64,
                    "H": 12,
                    "P": 4096,
                    "M": 1,
                    "N": 1
                },
                "L3": {
                    "B": 1,
                    "H": 1,
                    "P": 1,
                    "M": 16,
                    "N": 1
                },
                "PE": {
                    "B": 1,
                    "H": 1,
                    "P": 1,
                    "M": 1,
                    "N": 256
                },
                "reg_file": {
                    "B": 1,
                    "H": 1,
                    "P": 1,
                    "M": 1,
                    "N": 1
                }
            }
        },
        "SN": {
            "tl_rst": {
                "comp_latency": 0.37481014468085105,
                "mem_latency": 0.06,
                "traffic": 25769803776,
                "energy": 704391816.41,
                "traffic_energy": 1892425184840.024,
                "traffic_energy_foreach": {
                    "DRAM": 804017877811.2,
                    "L3": 1088407307028.824,
                    "reg_file": 0.0,
                    "traffic": {
                        "DRAM": {
                            "read": 3221225472.0,
                            "write": 0.0,
                            "update": 0,
                            "leak": 0
                        },
                        "L3": {
                            "read": 50343936.0,
                            "write": 100663296.0,
                            "update": 0,
                            "leak": 0
                        },
                        "reg_file_2d": {
                            "read": 0,
                            "write": 0,
                            "update": 0,
                            "leak": 0
                        },
                        "reg_file_1d": {
                            "read": 0.0,
                            "write": 0.0,
                            "update": 0,
                            "leak": 0
                        }
                    }
                },
                "mac_instances": 256,
                "mac_utilized_instances": 256
            },
            "factors": {
                "DRAM": {
                    "B": 64,
                    "H": 12,
                    "M": 1,
                    "N": 1,
                    "P": 4096
                },
                "L3": {
                    "B": 1,
                    "H": 1,
                    "M": 16,
                    "N": 1,
                    "P": 1
                },
                "PE": {
                    "B": 1,
                    "H": 1,
                    "M": 1,
                    "N": 256,
                    "P": 1
                },
                "reg_file": {
                    "B": 1,
                    "H": 1,
                    "M": 1,
                    "N": 1,
                    "P": 1
                }
            }
        },
        "SD": {
            "tl_rst": {
                "comp_latency": 0.053544306382978725,
                "mem_latency": 0.0,
                "traffic": 0,
                "energy": 704391816.41,
                "traffic_energy": 295036610562.5886,
                "traffic_energy_foreach": {
                    "DRAM": 0.0,
                    "L3": 295036610562.5886,
                    "reg_file": 0.0,
                    "traffic": {
                        "DRAM": {
                            "read": 0.0,
                            "write": 0.0,
                            "update": 0,
                            "leak": 0
                        },
                        "L3": {
                            "read": 50331648.0,
                            "write": 12288.0,
                            "update": 0,
                            "leak": 0
                        },
                        "reg_file_2d": {
                            "read": 0,
                            "write": 0,
                            "update": 0,
                            "leak": 0
                        },
                        "reg_file_1d": {
                            "read": 0.0,
                            "write": 0.0,
                            "update": 0,
                            "leak": 0
                        }
                    }
                },
                "mac_instances": 256,
                "mac_utilized_instances": 256
            },
            "factors": {
                "DRAM": {
                    "B": 64,
                    "H": 12,
                    "P": 4096,
                    "M": 1,
                    "N": 1
                },
                "L3": {
                    "B": 1,
                    "H": 1,
                    "P": 1,
                    "M": 16,
                    "N": 1
                },
                "PE": {
                    "B": 1,
                    "H": 1,
                    "P": 1,
                    "M": 1,
                    "N": 256
                },
                "reg_file": {
                    "B": 1,
                    "H": 1,
                    "P": 1,
                    "M": 1,
                    "N": 1
                }
            }
        },
        "SA": {
            "tl_rst": {
                "comp_latency": 0.053544306382978725,
                "mem_latency": 0.06,
                "traffic": 25769803776,
                "energy": 704391816.41,
                "traffic_energy": 1495727414974.9062,
                "traffic_energy_foreach": {
                    "DRAM": 804017877811.2,
                    "L3": 691709537163.7063,
                    "reg_file": 0.0,
                    "traffic": {
                        "DRAM": {
                            "read": 0.0,
                            "write": 3221225472.0,
                            "update": 0,
                            "leak": 0
                        },
                        "L3": {
                            "read": 50343936.0,