{
    "latency": 0.034272153191489366,
    "energy": 632156868628.4636,
    "energy_rsts": {
        "DRAM": 150753352089.59998,
        "L3": 355819862778.2001,
        "reg_file": 0.0,
        "PE": 125583653760.66356,
        "total": 632156868628.4636
    },
    "tl_rsts": {
        "SM": {
            "tl_rst": {
                "comp_latency": 0.0033465191489361703,
                "mem_latency": 0.00375,
                "traffic": 1610612736,
                "energy": 44024488.53,
                "traffic_energy": 93502675522.70746,
                "traffic_energy_foreach": {
                    "DRAM": 50251117363.2,
                    "L3": 43251558159.507454,
                    "reg_file": 0.0,
                    "traffic": {
                        "DRAM": {
                            "read": 201326592.0,
                            "write": 0.0,
                            "update": 0,
                            "leak": 0
                        },
                        "L3": {
                            "read": 3145728.0,
                            "write": 3148800.0,
                            "update": 0,
                            "leak": 0
                        },
                        "reg_file_2d": {
                            "read": 0,
                            "write": 0,
                            "update": 0,
                            "leak": 0
                        },
                        "reg_file_1d": {
                            "read": 0.0,
                            "write": 0.0,
                            "update": 0,
                            "leak": 0
                        }
                    }
                },
                "mac_instances": 256,
                "mac_utilized_instances": 256
            },
            "factors": {
                "DRAM": {
                    "B": 64,
                    "H": 12,
                    "P": 1024,
                    "M": 1,
                    "N": 1
                },
                "L3": {
                    "B": 1,
                    "H": 1,
                    "P": 1,
                    "M": 4,
                    "N": 1
                },
                "PE": {
                    "B": 1,
                    "H": 1,
                    "P": 1,
                    "M": 1,
                    "N": 256
                },
                "reg_file": {
                    "B": 1,
                    "H": 1,
                    "P": 1,
                    "M": 1,
                    "N": 1
                }
            }
        },
        "SN": {
            "tl_rst": {
                "comp_latency": 0.02342563404255319,
                "mem_latency": 0.00375,
                "traffic": 1610612736,
                "energy": 44024488.53,
                "traffic_energy": 118290075323.27731,
                "traffic_energy_foreach": {
                    "DRAM": 50251117363.2,
                    "L3": 68038957960.07731,
                    "reg_file": 0.0,
                    "traffic": {
                        "DRAM": {
                            "read": 201326592.0,
                            "write": 0.0,
                            "update": 0,
                            "leak": 0
                        },
                        "L3": {
                            "read": 3148800.0,
                            "write": 6291456.0,
                            "update": 0,
                            "leak": 0
                        },
                        "reg_file_2d": {
                            "read": 0,
                            "write": 0,
                            "update": 0,
                            "leak": 0
                        },
                        "reg_file_1d": {
                            "read": 0.0,
                            "write": 0.0,
                            "update": 0,
                            "leak": 0
                        }
                    }
                },
                "mac_instances": 256,
                "mac_utilized_instances": 256
            },
            "factors": {
                "DRAM": {
                    "B": 64,
                    "H": 12,
                    "M": 1,
                    "N": 1,
                    "P": 1024
                },
                "L3": {
                    "B": 1,
                    "H": 1,
                    "M": 4,
                    "N": 1,
                    "P": 1
                },
                "PE": {
                    "B": 1,
                    "H": 1,
                    "M": 1,
                    "N": 256,
                    "P": 1
                },
                "reg_file": {
                    "B": 1,
                    "H": 1,
                    "M": 1,
                    "N": 1,
                    "P": 1
                }
            }
        },
        "SD": {
            "tl_rst": {
                "comp_latency": 0.0033465191489361703,
                "mem_latency": 0.0,
                "traffic": 0,
                "energy": 44024488.53,
                "traffic_energy": 18457947542.9376,
                "traffic_energy_foreach": {
                    "DRAM": 0.0,
                    "L3": 18457947542.9376,
                    "reg_file": 0.0,
                    "traffic": {
                        "DRAM": {
                            "read": 0.0,
                            "write": 0.0,
                            "update": 0,
                            "leak": 0
                        },
                        "L3": {
                            "read": 3145728.0,
                            "write": 3072.0,
                            "update": 0,
                            "leak": 0
                        },
                        "reg_file_2d": {
                            "read": 0,
                            "write": 0,
                            "update": 0,
                            "leak": 0
                        },
                        "reg_file_1d": {
                            "read": 0.0,
                            "write": 0.0,
                            "update": 0,
                            "leak": 0
                        }
                    }
                },
                "mac_instances": 256,
                "mac_utilized_instances": 256
            },
            "factors": {
                "DRAM": {
                    "B": 64,
                    "H": 12,
                    "P": 1024,
                    "M": 1,
                    "N": 1
                },
                "L3": {
                    "B": 1,
                    "H": 1,
                    "P": 1,
                    "M": 4,
                    "N": 1
                },
                "PE": {
                    "B": 1,
                    "H": 1,
                    "P": 1,
                    "M": 1,
                    "N": 256
                },
                "reg_file": {
                    "B": 1,
                    "H": 1,
                    "P": 1,
                    "M": 1,
                    "N": 1
                }
            }
        },
        "SA": {
            "tl_rst": {
                "comp_latency": 0.0033465191489361703,
                "mem_latency": 0.00375,
                "traffic": 1610612736,
                "energy": 44024488.53,
                "traffic_energy": 93496464706.70746,
                "traffic_energy_foreach": {
                    "DRAM": 50251117363.2,
                    "L3": 43245347343.507454,
                    "reg_file": 0.0,
                    "traffic": {
                        "DRAM": {
                            "read": 0.0,
                            "write": 201326592.0,
                            "update": 0,
                            "leak": 0
                        },
                        "L3": {
                            "read": 3148800.0,