{
    "latency": 187.17165262978722,
    "energy": 3451485807241815.0,
    "energy_rsts": {
        "DRAM": 823314306878668.8,
        "L3": 1942317305958242.5,
        "reg_file": 0.0,
        "PE": 685854194404903.8,
        "total": 3451485807241815.0
    },
    "tl_rsts": {
        "SM": {
            "tl_rst": {
                "comp_latency": 18.276456578723405,
                "mem_latency": 20.48,
                "traffic": 8796093022208,
                "energy": 240432406669.03,
                "traffic_energy": 510519112132276.0,
                "traffic_energy_foreach": {
                    "DRAM": 274438102292889.6,
                    "L3": 236081009839386.38,
                    "reg_file": 0.0,
                    "traffic": {
                        "DRAM": {
                            "read": 1099511627776.0,
                            "write": 0.0,
                            "update": 0,
                            "leak": 0
                        },
                        "L3": {
                            "read": 17179869184.0,
                            "write": 17180131328.0,
                            "update": 0,
                            "leak": 0
                        },
                        "reg_file_2d": {
                            "read": 0,
                            "write": 0,
                            "update": 0,
                            "leak": 0
                        },
                        "reg_file_1d": {
                            "read": 0.0,
                            "write": 0.0,
                            "update": 0,
                            "leak": 0
                        }
                    }
                },
                "mac_instances": 256,
                "mac_utilized_instances": 256
            },
            "factors": {
                "DRAM": {
                    "B": 64,
                    "H": 16,
                    "P": 65536,
                    "M": 1,
                    "N": 1
                },
                "L3": {
                    "B": 1,
                    "H": 1,
                    "P": 1,
                    "M": 256,
                    "N": 1
                },
                "PE": {
                    "B": 1,
                    "H": 1,
                    "P": 1,
                    "M": 1,
                    "N": 256
                },
                "reg_file": {
                    "B": 1,
                    "H": 1,
                    "P": 1,
                    "M": 1,
                    "N": 1
                }
            }
        },
        "SN": {
            "tl_rst": {
                "comp_latency": 127.93519605106383,
                "mem_latency": 20.48,
                "traffic": 8796093022208,
                "energy": 240432406669.03,
                "traffic_energy": 645924754256604.1,
                "traffic_energy_foreach": {
                    "DRAM": 274438102292889.6,
                    "L3": 371486651963714.56,
                    "reg_file": 0.0,
                    "traffic": {
                        "DRAM": {
                            "read": 1099511627776.0,
                            "write": 0.0,
                            "update": 0,
                            "leak": 0
                        },
                        "L3": {
                            "read": 17180131328.0,
                            "write": 34359738368.0,
                            "update": 0,
                            "leak": 0
                        },
                        "reg_file_2d": {
                            "read": 0,
                            "write": 0,
                            "update": 0,
                            "leak": 0
                        },
                        "reg_file_1d": {
                            "read": 0.0,
                            "write": 0.0,
                            "update": 0,
                            "leak": 0
                        }
                    }
                },
                "mac_instances": 256,
                "mac_utilized_instances": 256
            },
            "factors": {
                "DRAM": {
                    "B": 64,
                    "H": 16,
                    "M": 1,
                    "N": 1,
                    "P": 65536
                },
                "L3": {
                    "B": 1,
                    "H": 1,
                    "M": 256,
                    "N": 1,
                    "P": 1
                },
                "PE": {
                    "B": 1,
                    "H": 1,
                    "M": 1,
                    "N": 256,
                    "P": 1
                },
                "reg_file": {
                    "B": 1,
                    "H": 1,
                    "M": 1,
                    "N": 1,
                    "P": 1
                }
            }
        },
        "SD": {
            "tl_rst": {
                "comp_latency": 18.276456578723405,
                "mem_latency": 0.0,
                "traffic": 0,
                "energy": 240432406669.03,
                "traffic_energy": 100674837725426.22,
                "traffic_energy_foreach": {
                    "DRAM": 0.0,
                    "L3": 100674837725426.22,
                    "reg_file": 0.0,
                    "traffic": {
                        "DRAM": {
                            "read": 0.0,
                            "write": 0.0,
                            "update": 0,
                            "leak": 0
                        },
                        "L3": {
                            "read": 17179869184.0,
                            "write": 262144.0,
                            "update": 0,
                            "leak": 0
                        },
                        "reg_file_2d": {
                            "read": 0,
                            "write": 0,
                            "update": 0,
                            "leak": 0
                        },
                        "reg_file_1d": {
                            "read": 0.0,
                            "write": 0.0,
                            "update": 0,
                            "leak": 0
                        }
                    }
                },
                "mac_instances": 256,
                "mac_utilized_instances": 256
            },
            "factors": {
                "DRAM": {
                    "B": 64,
                    "H": 16,
                    "P": 65536,
                    "M": 1,
                    "N": 1
                },
                "L3": {
                    "B": 1,
                    "H": 1,
                    "P": 1,
                    "M": 256,
                    "N": 1
                },
                "PE": {
                    "B": 1,
                    "H": 1,
                    "P": 1,
                    "M": 1,
                    "N": 256
                },
                "reg_file": {
                    "B": 1,
                    "H": 1,
                    "P": 1,
                    "M": 1,
                    "N": 1
                }
            }
        },
        "SA": {
            "tl_rst": {
                "comp_latency": 18.276456578723405,
                "mem_latency": 20.48,
                "traffic": 8796093022208,
                "energy": 240432406669.03,
                "traffic_energy": 510518582142644.0,
                "traffic_energy_foreach": {
                    "DRAM": 274438102292889.6,
                    "L3": 236080479849754.38,
                    "reg_file": 0.0,
                    "traffic": {
                        "DRAM": {
                            "read": 0.0,
                            "write": 1099511627776.0,
                            "update": 0,
                            "leak": 0
                        },