{
    "latency": 23.396456578723402,
    "energy": 431441282877217.6,
    "energy_rsts": {
        "DRAM": 102914288359833.6,
        "L3": 242795220216771.0,
        "reg_file": 0.0,
        "PE": 85731774300612.97,
        "total": 431441282877217.6
    },
    "tl_rsts": {
        "SM": {
            "tl_rst": {
                "comp_latency": 2.2845570723404256,
                "mem_latency": 2.56,
                "traffic": 1099511627776,
                "energy": 30054050833.63,
                "traffic_energy": 63815663816866.266,
                "traffic_energy_foreach": {
                    "DRAM": 34304762786611.2,
                    "L3": 29510901030255.066,
                    "reg_file": 0.0,
                    "traffic": {
                        "DRAM": {
                            "read": 137438953472.0,
                            "write": 0.0,
                            "update": 0,
                            "leak": 0
                        },
                        "L3": {
                            "read": 2147483648.0,
                            "write": 2147614720.0,
                            "update": 0,
                            "leak": 0
                        },
                        "reg_file_2d": {
                            "read": 0,
                            "write": 0,
                            "update": 0,
                            "leak": 0
                        },
                        "reg_file_1d": {
                            "read": 0.0,
                            "write": 0.0,
                            "update": 0,
                            "leak": 0
                        }
                    }
                },
                "mac_instances": 256,
                "mac_utilized_instances": 256
            },
            "factors": {
                "DRAM": {
                    "B": 64,
                    "H": 32,
                    "P": 16384,
                    "M": 1,
                    "N": 1
                },
                "L3": {
                    "B": 1,
                    "H": 1,
                    "P": 1,
                    "M": 64,
                    "N": 1
                },
                "PE": {
                    "B": 1,
                    "H": 1,
                    "P": 1,
                    "M": 1,
                    "N": 256
                },
                "reg_file": {
                    "B": 1,
                    "H": 1,
                    "P": 1,
                    "M": 1,
                    "N": 1
                }
            }
        },
        "SN": {
            "tl_rst": {
                "comp_latency": 15.991899506382978,
                "mem_latency": 2.56,
                "traffic": 1099511627776,
                "energy": 30054050833.63,
                "traffic_energy": 80741170336295.28,
                "traffic_energy_foreach": {
                    "DRAM": 34304762786611.2,
                    "L3": 46436407549684.086,
                    "reg_file": 0.0,
                    "traffic": {
                        "DRAM": {
                            "read": 137438953472.0,
                            "write": 0.0,
                            "update": 0,
                            "leak": 0
                        },
                        "L3": {
                            "read": 2147614720.0,
                            "write": 4294967296.0,
                            "update": 0,
                            "leak": 0
                        },
                        "reg_file_2d": {
                            "read": 0,
                            "write": 0,
                            "update": 0,
                            "leak": 0
                        },
                        "reg_file_1d": {
                            "read": 0.0,
                            "write": 0.0,
                            "update": 0,
                            "leak": 0
                        }
                    }
                },
                "mac_instances": 256,
                "mac_utilized_instances": 256
            },
            "factors": {
                "DRAM": {
                    "B": 64,
                    "H": 32,
                    "M": 1,
                    "N": 1,
                    "P": 16384
                },
                "L3": {
                    "B": 1,
                    "H": 1,
                    "M": 64,
                    "N": 1,
                    "P": 1
                },
                "PE": {
                    "B": 1,
                    "H": 1,
                    "M": 1,
                    "N": 256,
                    "P": 1
                },
                "reg_file": {
                    "B": 1,
                    "H": 1,
                    "M": 1,
                    "N": 1,
                    "P": 1
                }
            }
        },
        "SD": {
            "tl_rst": {
                "comp_latency": 2.2845570723404256,
                "mem_latency": 0.0,
                "traffic": 0,
                "energy": 30054050833.63,
                "traffic_energy": 12585129516010.045,
                "traffic_energy_foreach": {
                    "DRAM": 0.0,
                    "L3": 12585129516010.045,
                    "reg_file": 0.0,
                    "traffic": {
                        "DRAM": {
                            "read": 0.0,
                            "write": 0.0,
                            "update": 0,
                            "leak": 0
                        },
                        "L3": {
                            "read": 2147483648.0,
                            "write": 131072.0,
                            "update": 0,
                            "leak": 0
                        },
                        "reg_file_2d": {
                            "read": 0,
                            "write": 0,
                            "update": 0,
                            "leak": 0
                        },
                        "reg_file_1d": {
                            "read": 0.0,
                            "write": 0.0,
                            "update": 0,
                            "leak": 0
                        }
                    }
                },
                "mac_instances": 256,
                "mac_utilized_instances": 256
            },
            "factors": {
                "DRAM": {
                    "B": 64,
                    "H": 32,
                    "P": 16384,
                    "M": 1,
                    "N": 1
                },
                "L3": {
                    "B": 1,
                    "H": 1,
                    "P": 1,
                    "M": 64,
                    "N": 1
                },
                "PE": {
                    "B": 1,
                    "H": 1,
                    "P": 1,
                    "M": 1,
                    "N": 256
                },
                "reg_file": {
                    "B": 1,
                    "H": 1,
                    "P": 1,
                    "M": 1,
                    "N": 1
                }
            }
        },
        "SA": {
            "tl_rst": {
                "comp_latency": 2.2845570723404256,
                "mem_latency": 2.56,
                "traffic": 1099511627776,
                "energy": 30054050833.63,
                "traffic_energy": 63815398822050.266,
                "traffic_energy_foreach": {
                    "DRAM": 34304762786611.2,
                    "L3": 29510636035439.066,
                    "reg_file": 0.0,
                    "traffic": {
                        "DRAM": {
                            "read": 0.0,
                            "write": 137438953472.0,
                            "update": 0,
                            "leak": 0
                        },