{
    "latency": 374301.83073225536,
    "energy": 3.5715026453574054e+17,
    "energy_rsts": {
        "DRAM": 1.053842312804696e+17,
        "L3": 1.6397669637144326e+17,
        "reg_file": 0.0,
        "PE": 8.77893368838277e+16,
        "total": 3.5715026453574054e+17
    },
    "tl_rsts": {
        "SM": {
            "tl_rst": {
                "comp_latency": 37430.18307322553,
                "mem_latency": 34952.53333333333,
                "traffic": 1125899906842624,
                "energy": 30775348053636.29,
                "traffic_energy": 9.728178972241746e+16,
                "traffic_energy_foreach": {
                    "DRAM": 3.5128077093489868e+16,
                    "L3": 6.215371262892759e+16,
                    "reg_file": 0.0,
                    "traffic": {
                        "DRAM": {
                            "read": 140737488355328.0,
                            "write": 0.0,
                            "update": 0,
                            "leak": 0
                        },
                        "L3": {
                            "read": 2199023255552.0,
                            "write": 2199025352704.0,
                            "update": 0,
                            "leak": 0
                        },
                        "reg_file_2d": {
                            "read": 0,
                            "write": 0,
                            "update": 0,
                            "leak": 0
                        },
                        "reg_file_1d": {
                            "read": 0.0,
                            "write": 0.0,
                            "update": 0,
                            "leak": 0
                        }
                    }
                },
                "mac_instances": 256,
                "mac_utilized_instances": 16
            },
            "factors": {
                "DRAM": {
                    "B": 64,
                    "H": 8,
                    "P": 1048576,
                    "M": 1,
                    "N": 1
                },
                "L3": {
                    "B": 1,
                    "H": 1,
                    "P": 1,
                    "M": 65536,
                    "N": 1
                },
                "PE": {
                    "B": 1,
                    "H": 1,
                    "P": 1,
                    "M": 1,
                    "N": 16
                },
                "reg_file": {
                    "B": 1,
                    "H": 1,
                    "P": 1,
                    "M": 1,
                    "N": 1
                }
            }
        },
        "SN": {
            "tl_rst": {
                "comp_latency": 262011.28151257872,
                "mem_latency": 34952.53333333333,
                "traffic": 1125899906842624,
                "energy": 30775348053636.29,
                "traffic_energy": 1.594354625260918e+17,
                "traffic_energy_foreach": {
                    "DRAM": 3.5128077093489868e+16,
                    "L3": 1.2430738543260195e+17,
                    "reg_file": 0.0,
                    "traffic": {
                        "DRAM": {
                            "read": 140737488355328.0,
                            "write": 0.0,
                            "update": 0,
                            "leak": 0
                        },
                        "L3": {
                            "read": 4398048608256.0,
                            "write": 4398046511104.0,
                            "update": 0,
                            "leak": 0
                        },
                        "reg_file_2d": {
                            "read": 0,
                            "write": 0,
                            "update": 0,
                            "leak": 0
                        },
                        "reg_file_1d": {
                            "read": 0.0,
                            "write": 0.0,
                            "update": 0,
                            "leak": 0
                        }
                    }
                },
                "mac_instances": 256,
                "mac_utilized_instances": 16
            },
            "factors": {
                "DRAM": {
                    "B": 64,
                    "H": 8,
                    "M": 1,
                    "N": 1,
                    "P": 1048576
                },
                "L3": {
                    "B": 1,
                    "H": 1,
                    "M": 65536,
                    "N": 1,
                    "P": 1
                },
                "PE": {
                    "B": 1,
                    "H": 1,
                    "M": 1,
                    "N": 16,
                    "P": 1
                },
                "reg_file": {
                    "B": 1,
                    "H": 1,
                    "M": 1,
                    "N": 1,
                    "P": 1
                }
            }
        },
        "SD": {
            "tl_rst": {
                "comp_latency": 37430.18307322553,
                "mem_latency": 0.0,
                "traffic": 0,
                "energy": 30775348053636.29,
                "traffic_energy": 2.7515884522189184e+16,
                "traffic_energy_foreach": {
                    "DRAM": 0.0,
                    "L3": 2.7515884522189184e+16,
                    "reg_file": 0.0,
                    "traffic": {
                        "DRAM": {
                            "read": 0.0,
                            "write": 0.0,
                            "update": 0,
                            "leak": 0
                        },
                        "L3": {
                            "read": 2199023255552.0,
                            "write": 2097152.0,
                            "update": 0,
                            "leak": 0
                        },
                        "reg_file_2d": {
                            "read": 0,
                            "write": 0,
                            "update": 0,
                            "leak": 0
                        },
                        "reg_file_1d": {
                            "read": 0.0,
                            "write": 0.0,
                            "update": 0,
                            "leak": 0
                        }
                    }
                },
                "mac_instances": 256,
                "mac_utilized_instances": 16
            },
            "factors": {
                "DRAM": {
                    "B": 64,
                    "H": 8,
                    "P": 1048576,
                    "M": 1,
                    "N": 1
                },
                "L3": {
                    "B": 1,
                    "H": 1,
                    "P": 1,
                    "M": 65536,
                    "N": 1
                },
                "PE": {
                    "B": 1,
                    "H": 1,
                    "P": 1,
                    "M": 1,
                    "N": 16
                },
                "reg_file": {
                    "B": 1,
                    "H": 1,
                    "P": 1,
                    "M": 1,
                    "N": 1
                }
            }
        },
        "SA": {
            "tl_rst": {
                "comp_latency": 37430.18307322553,
                "mem_latency": 34952.53333333333,
                "traffic": 1125899906842624,
                "energy": 30775348053636.29,
                "traffic_energy": 1.594354625260918e+17,
                "traffic_energy_foreach": {
                    "DRAM": 3.5128077093489868e+16,
                    "L3": 1.2430738543260195e+17,
                    "reg_file": 0.0,
                    "traffic": {
                        "DRAM": {
                            "read": 0.0,
                            "write": 140737488355328.0,