{
    "latency": 93575.45768306384,
    "energy": 8.928760936128078e+16,
    "energy_rsts": {
        "DRAM": 2.63460578201174e+16,
        "L3": 4.099421732020646e+16,
        "reg_file": 0.0,
        "PE": 2.1947334220956924e+16,
        "total": 8.928760936128078e+16
    },
    "tl_rsts": {
        "SM": {
            "tl_rst": {
                "comp_latency": 9357.545768306383,
                "mem_latency": 8738.133333333333,
                "traffic": 281474976710656,
                "energy": 7693837013409.07,
                "traffic_energy": 2.432047220550965e+16,
                "traffic_energy_foreach": {
                    "DRAM": 8782019273372467.0,
                    "L3": 1.553845293213718e+16,
                    "reg_file": 0.0,
                    "traffic": {
                        "DRAM": {
                            "read": 35184372088832.0,
                            "write": 0.0,
                            "update": 0,
                            "leak": 0
                        },
                        "L3": {
                            "read": 549755813888.0,
                            "write": 549757911040.0,
                            "update": 0,
                            "leak": 0
                        },
                        "reg_file_2d": {
                            "read": 0,
                            "write": 0,
                            "update": 0,
                            "leak": 0
                        },
                        "reg_file_1d": {
                            "read": 0.0,
                            "write": 0.0,
                            "update": 0,
                            "leak": 0
                        }
                    }
                },
                "mac_instances": 256,
                "mac_utilized_instances": 16
            },
            "factors": {
                "DRAM": {
                    "B": 64,
                    "H": 32,
                    "P": 262144,
                    "M": 1,
                    "N": 1
                },
                "L3": {
                    "B": 1,
                    "H": 1,
                    "P": 1,
                    "M": 16384,
                    "N": 1
                },
                "PE": {
                    "B": 1,
                    "H": 1,
                    "P": 1,
                    "M": 1,
                    "N": 16
                },
                "reg_file": {
                    "B": 1,
                    "H": 1,
                    "P": 1,
                    "M": 1,
                    "N": 1
                }
            }
        },
        "SN": {
            "tl_rst": {
                "comp_latency": 65502.82037814468,
                "mem_latency": 8738.133333333333,
                "traffic": 281474976710656,
                "energy": 7693837013409.07,
                "traffic_energy": 3.98588853123936e+16,
                "traffic_energy_foreach": {
                    "DRAM": 8782019273372467.0,
                    "L3": 3.1076866039021136e+16,
                    "reg_file": 0.0,
                    "traffic": {
                        "DRAM": {
                            "read": 35184372088832.0,
                            "write": 0.0,
                            "update": 0,
                            "leak": 0
                        },
                        "L3": {
                            "read": 1099513724928.0,
                            "write": 1099511627776.0,
                            "update": 0,
                            "leak": 0
                        },
                        "reg_file_2d": {
                            "read": 0,
                            "write": 0,
                            "update": 0,
                            "leak": 0
                        },
                        "reg_file_1d": {
                            "read": 0.0,
                            "write": 0.0,
                            "update": 0,
                            "leak": 0
                        }
                    }
                },
                "mac_instances": 256,
                "mac_utilized_instances": 16
            },
            "factors": {
                "DRAM": {
                    "B": 64,
                    "H": 32,
                    "M": 1,
                    "N": 1,
                    "P": 262144
                },
                "L3": {
                    "B": 1,
                    "H": 1,
                    "M": 16384,
                    "N": 1,
                    "P": 1
                },
                "PE": {
                    "B": 1,
                    "H": 1,
                    "M": 1,
                    "N": 16,
                    "P": 1
                },
                "reg_file": {
                    "B": 1,
                    "H": 1,
                    "M": 1,
                    "N": 1,
                    "P": 1
                }
            }
        },
        "SD": {
            "tl_rst": {
                "comp_latency": 9357.545768306383,
                "mem_latency": 0.0,
                "traffic": 0,
                "energy": 7693837013409.07,
                "traffic_energy": 6878995905452577.0,
                "traffic_energy_foreach": {
                    "DRAM": 0.0,
                    "L3": 6878995905452577.0,
                    "reg_file": 0.0,
                    "traffic": {
                        "DRAM": {
                            "read": 0.0,
                            "write": 0.0,
                            "update": 0,
                            "leak": 0
                        },
                        "L3": {
                            "read": 549755813888.0,
                            "write": 2097152.0,
                            "update": 0,
                            "leak": 0
                        },
                        "reg_file_2d": {
                            "read": 0,
                            "write": 0,
                            "update": 0,
                            "leak": 0
                        },
                        "reg_file_1d": {
                            "read": 0.0,
                            "write": 0.0,
                            "update": 0,
                            "leak": 0
                        }
                    }
                },
                "mac_instances": 256,
                "mac_utilized_instances": 16
            },
            "factors": {
                "DRAM": {
                    "B": 64,
                    "H": 32,
                    "P": 262144,
                    "M": 1,
                    "N": 1
                },
                "L3": {
                    "B": 1,
                    "H": 1,
                    "P": 1,
                    "M": 16384,
                    "N": 1
                },
                "PE": {
                    "B": 1,
                    "H": 1,
                    "P": 1,
                    "M": 1,
                    "N": 16
                },
                "reg_file": {
                    "B": 1,
                    "H": 1,
                    "P": 1,
                    "M": 1,
                    "N": 1
                }
            }
        },
        "SA": {
            "tl_rst": {
                "comp_latency": 9357.545768306383,
                "mem_latency": 8738.133333333333,
                "traffic": 281474976710656,
                "energy": 7693837013409.07,
                "traffic_energy": 3.98588853123936e+16,
                "traffic_energy_foreach": {
                    "DRAM": 8782019273372467.0,
                    "L3": 3.1076866039021136e+16,
                    "reg_file": 0.0,
                    "traffic": {
                        "DRAM": {
                            "read": 0.0,
                            "write": 35184372088832.0,
                            "update": 0,