{
    "latency": 748603.6614645107,
    "energy": 7.143005290714811e+17,
    "energy_rsts": {
        "DRAM": 2.107684625609392e+17,
        "L3": 3.279533927428865e+17,
        "reg_file": 0.0,
        "PE": 1.755786737676554e+17,
        "total": 7.143005290714811e+17
    },
    "tl_rsts": {
        "SM": {
            "tl_rst": {
                "comp_latency": 74860.36614645107,
                "mem_latency": 69905.06666666667,
                "traffic": 2251799813685248,
                "energy": 61550696107272.57,
                "traffic_energy": 1.945635794448349e+17,
                "traffic_energy_foreach": {
                    "DRAM": 7.0256154186979736e+16,
                    "L3": 1.2430742525785518e+17,
                    "reg_file": 0.0,
                    "traffic": {
                        "DRAM": {
                            "read": 281474976710656.0,
                            "write": 0.0,
                            "update": 0,
                            "leak": 0
                        },
                        "L3": {
                            "read": 4398046511104.0,
                            "write": 4398050705408.0,
                            "update": 0,
                            "leak": 0
                        },
                        "reg_file_2d": {
                            "read": 0,
                            "write": 0,
                            "update": 0,
                            "leak": 0
                        },
                        "reg_file_1d": {
                            "read": 0.0,
                            "write": 0.0,
                            "update": 0,
                            "leak": 0
                        }
                    }
                },
                "mac_instances": 256,
                "mac_utilized_instances": 16
            },
            "factors": {
                "DRAM": {
                    "B": 64,
                    "H": 16,
                    "P": 1048576,
                    "M": 1,
                    "N": 1
                },
                "L3": {
                    "B": 1,
                    "H": 1,
                    "P": 1,
                    "M": 65536,
                    "N": 1
                },
                "PE": {
                    "B": 1,
                    "H": 1,
                    "P": 1,
                    "M": 1,
                    "N": 16
                },
                "reg_file": {
                    "B": 1,
                    "H": 1,
                    "P": 1,
                    "M": 1,
                    "N": 1
                }
            }
        },
        "SN": {
            "tl_rst": {
                "comp_latency": 524022.56302515743,
                "mem_latency": 69905.06666666667,
                "traffic": 2251799813685248,
                "energy": 61550696107272.57,
                "traffic_energy": 3.188709250521836e+17,
                "traffic_energy_foreach": {
                    "DRAM": 7.0256154186979736e+16,
                    "L3": 2.486147708652039e+17,
                    "reg_file": 0.0,
                    "traffic": {
                        "DRAM": {
                            "read": 281474976710656.0,
                            "write": 0.0,
                            "update": 0,
                            "leak": 0
                        },
                        "L3": {
                            "read": 8796097216512.0,
                            "write": 8796093022208.0,
                            "update": 0,
                            "leak": 0
                        },
                        "reg_file_2d": {
                            "read": 0,
                            "write": 0,
                            "update": 0,
                            "leak": 0
                        },
                        "reg_file_1d": {
                            "read": 0.0,
                            "write": 0.0,
                            "update": 0,
                            "leak": 0
                        }
                    }
                },
                "mac_instances": 256,
                "mac_utilized_instances": 16
            },
            "factors": {
                "DRAM": {
                    "B": 64,
                    "H": 16,
                    "M": 1,
                    "N": 1,
                    "P": 1048576
                },
                "L3": {
                    "B": 1,
                    "H": 1,
                    "M": 65536,
                    "N": 1,
                    "P": 1
                },
                "PE": {
                    "B": 1,
                    "H": 1,
                    "M": 1,
                    "N": 16,
                    "P": 1
                },
                "reg_file": {
                    "B": 1,
                    "H": 1,
                    "M": 1,
                    "N": 1,
                    "P": 1
                }
            }
        },
        "SD": {
            "tl_rst": {
                "comp_latency": 74860.36614645107,
                "mem_latency": 0.0,
                "traffic": 0,
                "energy": 61550696107272.57,
                "traffic_energy": 5.503176904437837e+16,
                "traffic_energy_foreach": {
                    "DRAM": 0.0,
                    "L3": 5.503176904437837e+16,
                    "reg_file": 0.0,
                    "traffic": {
                        "DRAM": {
                            "read": 0.0,
                            "write": 0.0,
                            "update": 0,
                            "leak": 0
                        },
                        "L3": {
                            "read": 4398046511104.0,
                            "write": 4194304.0,
                            "update": 0,
                            "leak": 0
                        },
                        "reg_file_2d": {
                            "read": 0,
                            "write": 0,
                            "update": 0,
                            "leak": 0
                        },
                        "reg_file_1d": {
                            "read": 0.0,
                            "write": 0.0,
                            "update": 0,
                            "leak": 0
                        }
                    }
                },
                "mac_instances": 256,
                "mac_utilized_instances": 16
            },
            "factors": {
                "DRAM": {
                    "B": 64,
                    "H": 16,
                    "P": 1048576,
                    "M": 1,
                    "N": 1
                },
                "L3": {
                    "B": 1,
                    "H": 1,
                    "P": 1,
                    "M": 65536,
                    "N": 1
                },
                "PE": {
                    "B": 1,
                    "H": 1,
                    "P": 1,
                    "M": 1,
                    "N": 16
                },
                "reg_file": {
                    "B": 1,
                    "H": 1,
                    "P": 1,
                    "M": 1,
                    "N": 1
                }
            }
        },
        "SA": {
            "tl_rst": {
                "comp_latency": 74860.36614645107,
                "mem_latency": 69905.06666666667,
                "traffic": 2251799813685248,
                "energy": 61550696107272.57,
                "traffic_energy": 3.188709250521836e+17,
                "traffic_energy_foreach": {
                    "DRAM": 7.0256154186979736e+16,
                    "L3": 2.486147708652039e+17,
                    "reg_file": 0.0,
                    "traffic": {
                        "DRAM": {
                            "read": 0.0,
                            "write": 281474976710656.0,