{
    "latency": 1.427848170212766,
    "energy": 1198215511616.7822,
    "energy_rsts": {
        "DRAM": 402008938905.6,
        "L3": 461316829349.41284,
        "reg_file": 0.0,
        "PE": 334889743361.7695,
        "total": 1198215511616.7822
    },
    "tl_rsts": {
        "SM": {
            "tl_rst": {
                "comp_latency": 0.1427848170212766,
                "mem_latency": 0.13333333333333333,
                "traffic": 4294967296,
                "energy": 117398636.07,
                "traffic_energy": 371229487202.5334,
                "traffic_energy_foreach": {
                    "DRAM": 134002979635.2,
                    "L3": 237226507567.33337,
                    "reg_file": 0.0,
                    "traffic": {
                        "DRAM": {
                            "read": 536870912.0,
                            "write": 0.0,
                            "update": 0,
                            "leak": 0
                        },
                        "L3": {
                            "read": 8388608.0,
                            "write": 8396800.0,
                            "update": 0,
                            "leak": 0
                        },
                        "reg_file_2d": {
                            "read": 0,
                            "write": 0,
                            "update": 0,
                            "leak": 0
                        },
                        "reg_file_1d": {
                            "read": 0.0,
                            "write": 0.0,
                            "update": 0,
                            "leak": 0
                        }
                    }
                },
                "mac_instances": 256,
                "mac_utilized_instances": 16
            },
            "factors": {
                "DRAM": {
                    "B": 64,
                    "H": 32,
                    "P": 1024,
                    "M": 1,
                    "N": 1
                },
                "L3": {
                    "B": 1,
                    "H": 1,
                    "P": 1,
                    "M": 64,
                    "N": 1
                },
                "PE": {
                    "B": 1,
                    "H": 1,
                    "P": 1,
                    "M": 1,
                    "N": 16
                },
                "reg_file": {
                    "B": 1,
                    "H": 1,
                    "P": 1,
                    "M": 1,
                    "N": 1
                }
            }
        },
        "SN": {
            "tl_rst": {
                "comp_latency": 0.9994937191489361,
                "mem_latency": 0.13333333333333333,
                "traffic": 4294967296,
                "energy": 117398636.07,
                "traffic_energy": 503335783938.09717,
                "traffic_energy_foreach": {
                    "DRAM": 134002979635.2,
                    "L3": 369332804302.89716,
                    "reg_file": 0.0,
                    "traffic": {
                        "DRAM": {
                            "read": 536870912.0,
                            "write": 0.0,
                            "update": 0,
                            "leak": 0
                        },
                        "L3": {
                            "read": 8396800.0,
                            "write": 16777216.0,
                            "update": 0,
                            "leak": 0
                        },
                        "reg_file_2d": {
                            "read": 0,
                            "write": 0,
                            "update": 0,
                            "leak": 0
                        },
                        "reg_file_1d": {
                            "read": 0.0,
                            "write": 0.0,
                            "update": 0,
                            "leak": 0
                        }
                    }
                },
                "mac_instances": 256,
                "mac_utilized_instances": 16
            },
            "factors": {
                "DRAM": {
                    "B": 64,
                    "H": 32,
                    "M": 1,
                    "N": 1,
                    "P": 1024
                },
                "L3": {
                    "B": 1,
                    "H": 1,
                    "M": 64,
                    "N": 1,
                    "P": 1
                },
                "PE": {
                    "B": 1,
                    "H": 1,
                    "M": 1,
                    "N": 16,
                    "P": 1
                },
                "reg_file": {
                    "B": 1,
                    "H": 1,
                    "M": 1,
                    "N": 1,
                    "P": 1
                }
            }
        },
        "SD": {
            "tl_rst": {
                "comp_latency": 0.1427848170212766,
                "mem_latency": 0.0,
                "traffic": 0,
                "energy": 117398636.07,
                "traffic_energy": 105093679401.3696,
                "traffic_energy_foreach": {
                    "DRAM": 0.0,
                    "L3": 105093679401.3696,
                    "reg_file": 0.0,
                    "traffic": {
                        "DRAM": {
                            "read": 0.0,
                            "write": 0.0,
                            "update": 0,
                            "leak": 0
                        },
                        "L3": {
                            "read": 8388608.0,
                            "write": 8192.0,
                            "update": 0,
                            "leak": 0
                        },
                        "reg_file_2d": {
                            "read": 0,
                            "write": 0,
                            "update": 0,
                            "leak": 0
                        },
                        "reg_file_1d": {
                            "read": 0.0,
                            "write": 0.0,
                            "update": 0,
                            "leak": 0
                        }
                    }
                },
                "mac_instances": 256,
                "mac_utilized_instances": 16
            },
            "factors": {
                "DRAM": {
                    "B": 64,
                    "H": 32,
                    "P": 1024,
                    "M": 1,
                    "N": 1
                },
                "L3": {
                    "B": 1,
                    "H": 1,
                    "P": 1,
                    "M": 64,
                    "N": 1
                },
                "PE": {
                    "B": 1,
                    "H": 1,
                    "P": 1,
                    "M": 1,
                    "N": 16
                },
                "reg_file": {
                    "B": 1,
                    "H": 1,
                    "P": 1,
                    "M": 1,
                    "N": 1
                }
            }
        },
        "SA": {
            "tl_rst": {
                "comp_latency": 0.1427848170212766,
                "mem_latency": 0.13333333333333333,
                "traffic": 4294967296,
                "energy": 117398636.07,
                "traffic_energy": 371202955772.13336,
                "traffic_energy_foreach": {
                    "DRAM": 134002979635.2,
                    "L3": 237199976136.93335,
                    "reg_file": 0.0,
                    "traffic": {
                        "DRAM": {
                            "read": 0.0,
                            "write": 536870912.0,
                            "update": 0,
                            "leak": 0
                        },