{
    "latency": 11.422785361702129,
    "energy": 9584373238382.723,
    "energy_rsts": {
        "DRAM": 3216071511244.8,
        "L3": 3689183780243.767,
        "reg_file": 0.0,
        "PE": 2679117946894.156,
        "total": 9584373238382.723
    },
    "tl_rsts": {
        "SM": {
            "tl_rst": {
                "comp_latency": 1.1422785361702128,
                "mem_latency": 1.0666666666666667,
                "traffic": 34359738368,
                "energy": 939189088.55,
                "traffic_energy": 2969061681830.232,
                "traffic_energy_foreach": {
                    "DRAM": 1072023837081.6,
                    "L3": 1897037844748.6318,
                    "reg_file": 0.0,
                    "traffic": {
                        "DRAM": {
                            "read": 4294967296.0,
                            "write": 0.0,
                            "update": 0,
                            "leak": 0
                        },
                        "L3": {
                            "read": 67108864.0,
                            "write": 67125248.0,
                            "update": 0,
                            "leak": 0
                        },
                        "reg_file_2d": {
                            "read": 0,
                            "write": 0,
                            "update": 0,
                            "leak": 0
                        },
                        "reg_file_1d": {
                            "read": 0.0,
                            "write": 0.0,
                            "update": 0,
                            "leak": 0
                        }
                    }
                },
                "mac_instances": 256,
                "mac_utilized_instances": 16
            },
            "factors": {
                "DRAM": {
                    "B": 64,
                    "H": 16,
                    "P": 4096,
                    "M": 1,
                    "N": 1
                },
                "L3": {
                    "B": 1,
                    "H": 1,
                    "P": 1,
                    "M": 256,
                    "N": 1
                },
                "PE": {
                    "B": 1,
                    "H": 1,
                    "P": 1,
                    "M": 1,
                    "N": 16
                },
                "reg_file": {
                    "B": 1,
                    "H": 1,
                    "P": 1,
                    "M": 1,
                    "N": 1
                }
            }
        },
        "SN": {
            "tl_rst": {
                "comp_latency": 7.995949753191489,
                "mem_latency": 1.0666666666666667,
                "traffic": 34359738368,
                "energy": 939189088.55,
                "traffic_energy": 4026071244297.142,
                "traffic_energy_foreach": {
                    "DRAM": 1072023837081.6,
                    "L3": 2954047407215.542,
                    "reg_file": 0.0,
                    "traffic": {
                        "DRAM": {
                            "read": 4294967296.0,
                            "write": 0.0,
                            "update": 0,
                            "leak": 0
                        },
                        "L3": {
                            "read": 67125248.0,
                            "write": 134217728.0,
                            "update": 0,
                            "leak": 0
                        },
                        "reg_file_2d": {
                            "read": 0,
                            "write": 0,
                            "update": 0,
                            "leak": 0
                        },
                        "reg_file_1d": {
                            "read": 0.0,
                            "write": 0.0,
                            "update": 0,
                            "leak": 0
                        }
                    }
                },
                "mac_instances": 256,
                "mac_utilized_instances": 16
            },
            "factors": {
                "DRAM": {
                    "B": 64,
                    "H": 16,
                    "M": 1,
                    "N": 1,
                    "P": 4096
                },
                "L3": {
                    "B": 1,
                    "H": 1,
                    "M": 256,
                    "N": 1,
                    "P": 1
                },
                "PE": {
                    "B": 1,
                    "H": 1,
                    "M": 1,
                    "N": 16,
                    "P": 1
                },
                "reg_file": {
                    "B": 1,
                    "H": 1,
                    "M": 1,
                    "N": 1,
                    "P": 1
                }
            }
        },
        "SD": {
            "tl_rst": {
                "comp_latency": 1.1422785361702128,
                "mem_latency": 0.0,
                "traffic": 0,
                "energy": 939189088.55,
                "traffic_energy": 839975219420.9218,
                "traffic_energy_foreach": {
                    "DRAM": 0.0,
                    "L3": 839975219420.9218,
                    "reg_file": 0.0,
                    "traffic": {
                        "DRAM": {
                            "read": 0.0,
                            "write": 0.0,
                            "update": 0,
                            "leak": 0
                        },
                        "L3": {
                            "read": 67108864.0,
                            "write": 16384.0,
                            "update": 0,
                            "leak": 0
                        },
                        "reg_file_2d": {
                            "read": 0,
                            "write": 0,
                            "update": 0,
                            "leak": 0
                        },
                        "reg_file_1d": {
                            "read": 0.0,
                            "write": 0.0,
                            "update": 0,
                            "leak": 0
                        }
                    }
                },
                "mac_instances": 256,
                "mac_utilized_instances": 16
            },
            "factors": {
                "DRAM": {
                    "B": 64,
                    "H": 16,
                    "P": 4096,
                    "M": 1,
                    "N": 1
                },
                "L3": {
                    "B": 1,
                    "H": 1,
                    "P": 1,
                    "M": 256,
                    "N": 1
                },
                "PE": {
                    "B": 1,
                    "H": 1,
                    "P": 1,
                    "M": 1,
                    "N": 16
                },
                "reg_file": {
                    "B": 1,
                    "H": 1,
                    "P": 1,
                    "M": 1,
                    "N": 1
                }
            }
        },
        "SA": {
            "tl_rst": {
                "comp_latency": 1.1422785361702128,
                "mem_latency": 1.0666666666666667,
                "traffic": 34359738368,
                "energy": 939189088.55,
                "traffic_energy": 2969008618969.432,
                "traffic_energy_foreach": {
                    "DRAM": 1072023837081.6,
                    "L3": 1896984781887.832,
                    "reg_file": 0.0,
                    "traffic": {
                        "DRAM": {
                            "read": 0.0,
                            "write": 4294967296.0,
                            "update": 0,
                            "leak": 0
                        },