{
    "latency": 0.713924085106383,
    "energy": 599107755808.3911,
    "energy_rsts": {
        "DRAM": 201004469452.8,
        "L3": 230658414674.70642,
        "reg_file": 0.0,
        "PE": 167444871680.88474,
        "total": 599107755808.3911
    },
    "tl_rsts": {
        "SM": {
            "tl_rst": {
                "comp_latency": 0.0713924085106383,
                "mem_latency": 0.06666666666666667,
                "traffic": 2147483648,
                "energy": 58699318.03,
                "traffic_energy": 185614743601.2667,
                "traffic_energy_foreach": {
                    "DRAM": 67001489817.6,
                    "L3": 118613253783.66669,
                    "reg_file": 0.0,
                    "traffic": {
                        "DRAM": {
                            "read": 268435456.0,
                            "write": 0.0,
                            "update": 0,
                            "leak": 0
                        },
                        "L3": {
                            "read": 4194304.0,
                            "write": 4198400.0,
                            "update": 0,
                            "leak": 0
                        },
                        "reg_file_2d": {
                            "read": 0,
                            "write": 0,
                            "update": 0,
                            "leak": 0
                        },
                        "reg_file_1d": {
                            "read": 0.0,
                            "write": 0.0,
                            "update": 0,
                            "leak": 0
                        }
                    }
                },
                "mac_instances": 256,
                "mac_utilized_instances": 16
            },
            "factors": {
                "DRAM": {
                    "B": 64,
                    "H": 16,
                    "P": 1024,
                    "M": 1,
                    "N": 1
                },
                "L3": {
                    "B": 1,
                    "H": 1,
                    "P": 1,
                    "M": 64,
                    "N": 1
                },
                "PE": {
                    "B": 1,
                    "H": 1,
                    "P": 1,
                    "M": 1,
                    "N": 16
                },
                "reg_file": {
                    "B": 1,
                    "H": 1,
                    "P": 1,
                    "M": 1,
                    "N": 1
                }
            }
        },
        "SN": {
            "tl_rst": {
                "comp_latency": 0.49974685957446807,
                "mem_latency": 0.06666666666666667,
                "traffic": 2147483648,
                "energy": 58699318.03,
                "traffic_energy": 251667891969.04858,
                "traffic_energy_foreach": {
                    "DRAM": 67001489817.6,
                    "L3": 184666402151.44858,
                    "reg_file": 0.0,
                    "traffic": {
                        "DRAM": {
                            "read": 268435456.0,
                            "write": 0.0,
                            "update": 0,
                            "leak": 0
                        },
                        "L3": {
                            "read": 4198400.0,
                            "write": 8388608.0,
                            "update": 0,
                            "leak": 0
                        },
                        "reg_file_2d": {
                            "read": 0,
                            "write": 0,
                            "update": 0,
                            "leak": 0
                        },
                        "reg_file_1d": {
                            "read": 0.0,
                            "write": 0.0,
                            "update": 0,
                            "leak": 0
                        }
                    }
                },
                "mac_instances": 256,
                "mac_utilized_instances": 16
            },
            "factors": {
                "DRAM": {
                    "B": 64,
                    "H": 16,
                    "M": 1,
                    "N": 1,
                    "P": 1024
                },
                "L3": {
                    "B": 1,
                    "H": 1,
                    "M": 64,
                    "N": 1,
                    "P": 1
                },
                "PE": {
                    "B": 1,
                    "H": 1,
                    "M": 1,
                    "N": 16,
                    "P": 1
                },
                "reg_file": {
                    "B": 1,
                    "H": 1,
                    "M": 1,
                    "N": 1,
                    "P": 1
                }
            }
        },
        "SD": {
            "tl_rst": {
                "comp_latency": 0.0713924085106383,
                "mem_latency": 0.0,
                "traffic": 0,
                "energy": 58699318.03,
                "traffic_energy": 52546839700.6848,
                "traffic_energy_foreach": {
                    "DRAM": 0.0,
                    "L3": 52546839700.6848,
                    "reg_file": 0.0,
                    "traffic": {
                        "DRAM": {
                            "read": 0.0,
                            "write": 0.0,
                            "update": 0,
                            "leak": 0
                        },
                        "L3": {
                            "read": 4194304.0,
                            "write": 4096.0,
                            "update": 0,
                            "leak": 0
                        },
                        "reg_file_2d": {
                            "read": 0,
                            "write": 0,
                            "update": 0,
                            "leak": 0
                        },
                        "reg_file_1d": {
                            "read": 0.0,
                            "write": 0.0,
                            "update": 0,
                            "leak": 0
                        }
                    }
                },
                "mac_instances": 256,
                "mac_utilized_instances": 16
            },
            "factors": {
                "DRAM": {
                    "B": 64,
                    "H": 16,
                    "P": 1024,
                    "M": 1,
                    "N": 1
                },
                "L3": {
                    "B": 1,
                    "H": 1,
                    "P": 1,
                    "M": 64,
                    "N": 1
                },
                "PE": {
                    "B": 1,
                    "H": 1,
                    "P": 1,
                    "M": 1,
                    "N": 16
                },
                "reg_file": {
                    "B": 1,
                    "H": 1,
                    "P": 1,
                    "M": 1,
                    "N": 1
                }
            }
        },
        "SA": {
            "tl_rst": {
                "comp_latency": 0.0713924085106383,
                "mem_latency": 0.06666666666666667,
                "traffic": 2147483648,
                "energy": 58699318.03,
                "traffic_energy": 185601477886.06668,
                "traffic_energy_foreach": {
                    "DRAM": 67001489817.6,
                    "L3": 118599988068.46667,
                    "reg_file": 0.0,
                    "traffic": {
                        "DRAM": {
                            "read": 0.0,
                            "write": 268435456.0,
                            "update": 0,
                            "leak": 0
                        },
                        "L3": {
                            "read": 4198400.0,