{
    "latency": 2193.1747894468085,
    "energy": 1840118610496390.5,
    "energy_rsts": {
        "DRAM": 617485730159001.5,
        "L3": 708242234533711.1,
        "reg_file": 0.0,
        "PE": 514390645803677.94,
        "total": 1840118610496390.5
    },
    "tl_rsts": {
        "SM": {
            "tl_rst": {
                "comp_latency": 219.31747894468086,
                "mem_latency": 204.8,
                "traffic": 6597069766656,
                "energy": 180324305001.78,
                "traffic_energy": 570013389964002.5,
                "traffic_energy_foreach": {
                    "DRAM": 205828576719667.2,
                    "L3": 364184813244335.25,
                    "reg_file": 0.0,
                    "traffic": {
                        "DRAM": {
                            "read": 824633720832.0,
                            "write": 0.0,
                            "update": 0,
                            "leak": 0
                        },
                        "L3": {
                            "read": 12884901888.0,
                            "write": 12885098496.0,
                            "update": 0,
                            "leak": 0
                        },
                        "reg_file_2d": {
                            "read": 0,
                            "write": 0,
                            "update": 0,
                            "leak": 0
                        },
                        "reg_file_1d": {
                            "read": 0.0,
                            "write": 0.0,
                            "update": 0,
                            "leak": 0
                        }
                    }
                },
                "mac_instances": 256,
                "mac_utilized_instances": 16
            },
            "factors": {
                "DRAM": {
                    "B": 64,
                    "H": 12,
                    "P": 65536,
                    "M": 1,
                    "N": 1
                },
                "L3": {
                    "B": 1,
                    "H": 1,
                    "P": 1,
                    "M": 4096,
                    "N": 1
                },
                "PE": {
                    "B": 1,
                    "H": 1,
                    "P": 1,
                    "M": 1,
                    "N": 16
                },
                "reg_file": {
                    "B": 1,
                    "H": 1,
                    "P": 1,
                    "M": 1,
                    "N": 1
                }
            }
        },
        "SN": {
            "tl_rst": {
                "comp_latency": 1535.222352612766,
                "mem_latency": 204.8,
                "traffic": 6597069766656,
                "energy": 180324305001.78,
                "traffic_energy": 772968777272593.2,
                "traffic_energy_foreach": {
                    "DRAM": 205828576719667.2,
                    "L3": 567140200552926.0,
                    "reg_file": 0.0,
                    "traffic": {
                        "DRAM": {
                            "read": 824633720832.0,
                            "write": 0.0,
                            "update": 0,
                            "leak": 0
                        },
                        "L3": {
                            "read": 12885098496.0,
                            "write": 25769803776.0,
                            "update": 0,
                            "leak": 0
                        },
                        "reg_file_2d": {
                            "read": 0,
                            "write": 0,
                            "update": 0,
                            "leak": 0
                        },
                        "reg_file_1d": {
                            "read": 0.0,
                            "write": 0.0,
                            "update": 0,
                            "leak": 0
                        }
                    }
                },
                "mac_instances": 256,
                "mac_utilized_instances": 16
            },
            "factors": {
                "DRAM": {
                    "B": 64,
                    "H": 12,
                    "M": 1,
                    "N": 1,
                    "P": 65536
                },
                "L3": {
                    "B": 1,
                    "H": 1,
                    "M": 4096,
                    "N": 1,
                    "P": 1
                },
                "PE": {
                    "B": 1,
                    "H": 1,
                    "M": 1,
                    "N": 16,
                    "P": 1
                },
                "reg_file": {
                    "B": 1,
                    "H": 1,
                    "M": 1,
                    "N": 1,
                    "P": 1
                }
            }
        },
        "SD": {
            "tl_rst": {
                "comp_latency": 219.31747894468086,
                "mem_latency": 0.0,
                "traffic": 0,
                "energy": 180324305001.78,
                "traffic_energy": 161228789181414.88,
                "traffic_energy_foreach": {
                    "DRAM": 0.0,
                    "L3": 161228789181414.88,
                    "reg_file": 0.0,
                    "traffic": {
                        "DRAM": {
                            "read": 0.0,
                            "write": 0.0,
                            "update": 0,
                            "leak": 0
                        },
                        "L3": {
                            "read": 12884901888.0,
                            "write": 196608.0,
                            "update": 0,
                            "leak": 0
                        },
                        "reg_file_2d": {
                            "read": 0,
                            "write": 0,
                            "update": 0,
                            "leak": 0
                        },
                        "reg_file_1d": {
                            "read": 0.0,
                            "write": 0.0,
                            "update": 0,
                            "leak": 0
                        }
                    }
                },
                "mac_instances": 256,
                "mac_utilized_instances": 16
            },
            "factors": {
                "DRAM": {
                    "B": 64,
                    "H": 12,
                    "P": 65536,
                    "M": 1,
                    "N": 1
                },
                "L3": {
                    "B": 1,
                    "H": 1,
                    "P": 1,
                    "M": 4096,
                    "N": 1
                },
                "PE": {
                    "B": 1,
                    "H": 1,
                    "P": 1,
                    "M": 1,
                    "N": 16
                },
                "reg_file": {
                    "B": 1,
                    "H": 1,
                    "P": 1,
                    "M": 1,
                    "N": 1
                }
            }
        },
        "SA": {
            "tl_rst": {
                "comp_latency": 219.31747894468086,
                "mem_latency": 204.8,
                "traffic": 6597069766656,
                "energy": 180324305001.78,
                "traffic_energy": 570012753209672.8,
                "traffic_energy_foreach": {
                    "DRAM": 205828576719667.2,
                    "L3": 364184176490005.6,
                    "reg_file": 0.0,
                    "traffic": {
                        "DRAM": {
                            "read": 0.0,
                            "write": 824633720832.0,
                            "update": 0,
                            "leak": 0
                        },