{
    "latency": 0.5354430638297872,
    "energy": 449330816856.29333,
    "energy_rsts": {
        "DRAM": 150753352089.59998,
        "L3": 172993811006.02982,
        "reg_file": 0.0,
        "PE": 125583653760.66356,
        "total": 449330816856.29333
    },
    "tl_rsts": {
        "SM": {
            "tl_rst": {
                "comp_latency": 0.053544306382978725,
                "mem_latency": 0.05,
                "traffic": 1610612736,
                "energy": 44024488.53,
                "traffic_energy": 139211057700.95,
                "traffic_energy_foreach": {
                    "DRAM": 50251117363.2,
                    "L3": 88959940337.75002,
                    "reg_file": 0.0,
                    "traffic": {
                        "DRAM": {
                            "read": 201326592.0,
                            "write": 0.0,
                            "update": 0,
                            "leak": 0
                        },
                        "L3": {
                            "read": 3145728.0,
                            "write": 3148800.0,
                            "update": 0,
                            "leak": 0
                        },
                        "reg_file_2d": {
                            "read": 0,
                            "write": 0,
                            "update": 0,
                            "leak": 0
                        },
                        "reg_file_1d": {
                            "read": 0.0,
                            "write": 0.0,
                            "update": 0,
                            "leak": 0
                        }
                    }
                },
                "mac_instances": 256,
                "mac_utilized_instances": 16
            },
            "factors": {
                "DRAM": {
                    "B": 64,
                    "H": 12,
                    "P": 1024,
                    "M": 1,
                    "N": 1
                },
                "L3": {
                    "B": 1,
                    "H": 1,
                    "P": 1,
                    "M": 64,
                    "N": 1
                },
                "PE": {
                    "B": 1,
                    "H": 1,
                    "P": 1,
                    "M": 1,
                    "N": 16
                },
                "reg_file": {
                    "B": 1,
                    "H": 1,
                    "P": 1,
                    "M": 1,
                    "N": 1
                }
            }
        },
        "SN": {
            "tl_rst": {
                "comp_latency": 0.37481014468085105,
                "mem_latency": 0.05,
                "traffic": 1610612736,
                "energy": 44024488.53,
                "traffic_energy": 188750918976.78644,
                "traffic_energy_foreach": {
                    "DRAM": 50251117363.2,
                    "L3": 138499801613.58643,
                    "reg_file": 0.0,
                    "traffic": {
                        "DRAM": {
                            "read": 201326592.0,
                            "write": 0.0,
                            "update": 0,
                            "leak": 0
                        },
                        "L3": {
                            "read": 3148800.0,
                            "write": 6291456.0,
                            "update": 0,
                            "leak": 0
                        },
                        "reg_file_2d": {
                            "read": 0,
                            "write": 0,
                            "update": 0,
                            "leak": 0
                        },
                        "reg_file_1d": {
                            "read": 0.0,
                            "write": 0.0,
                            "update": 0,
                            "leak": 0
                        }
                    }
                },
                "mac_instances": 256,
                "mac_utilized_instances": 16
            },
            "factors": {
                "DRAM": {
                    "B": 64,
                    "H": 12,
                    "M": 1,
                    "N": 1,
                    "P": 1024
                },
                "L3": {
                    "B": 1,
                    "H": 1,
                    "M": 64,
                    "N": 1,
                    "P": 1
                },
                "PE": {
                    "B": 1,
                    "H": 1,
                    "M": 1,
                    "N": 16,
                    "P": 1
                },
                "reg_file": {
                    "B": 1,
                    "H": 1,
                    "M": 1,
                    "N": 1,
                    "P": 1
                }
            }
        },
        "SD": {
            "tl_rst": {
                "comp_latency": 0.053544306382978725,
                "mem_latency": 0.0,
                "traffic": 0,
                "energy": 44024488.53,
                "traffic_energy": 39410129775.513596,
                "traffic_energy_foreach": {
                    "DRAM": 0.0,
                    "L3": 39410129775.513596,
                    "reg_file": 0.0,
                    "traffic": {
                        "DRAM": {
                            "read": 0.0,
                            "write": 0.0,
                            "update": 0,
                            "leak": 0
                        },
                        "L3": {
                            "read": 3145728.0,
                            "write": 3072.0,
                            "update": 0,
                            "leak": 0
                        },
                        "reg_file_2d": {
                            "read": 0,
                            "write": 0,
                            "update": 0,
                            "leak": 0
                        },
                        "reg_file_1d": {
                            "read": 0.0,
                            "write": 0.0,
                            "update": 0,
                            "leak": 0
                        }
                    }
                },
                "mac_instances": 256,
                "mac_utilized_instances": 16
            },
            "factors": {
                "DRAM": {
                    "B": 64,
                    "H": 12,
                    "P": 1024,
                    "M": 1,
                    "N": 1
                },
                "L3": {
                    "B": 1,
                    "H": 1,
                    "P": 1,
                    "M": 64,
                    "N": 1
                },
                "PE": {
                    "B": 1,
                    "H": 1,
                    "P": 1,
                    "M": 1,
                    "N": 16
                },
                "reg_file": {
                    "B": 1,
                    "H": 1,
                    "P": 1,
                    "M": 1,
                    "N": 1
                }
            }
        },
        "SA": {
            "tl_rst": {
                "comp_latency": 0.053544306382978725,
                "mem_latency": 0.05,
                "traffic": 1610612736,
                "energy": 44024488.53,
                "traffic_energy": 139201108414.55,
                "traffic_energy_foreach": {
                    "DRAM": 50251117363.2,
                    "L3": 88949991051.35,
                    "reg_file": 0.0,
                    "traffic": {
                        "DRAM": {
                            "read": 0.0,
                            "write": 201326592.0,
                            "update": 0,
                            "leak": 0
                        },
                        "L3": {
                            "read": 3148800.0,