{
    "latency": 1.0708861276595745,
    "energy": 487032534864381.6,
    "energy_rsts": {
        "DRAM": 301506704179.2,
        "L3": 33777110271324.586,
        "reg_file": 12301849810.20672,
        "PE": 452941616039067.6,
        "total": 487032534864381.6
    },
    "tl_rsts": {
        "FQK": {
            "tl_rst": {
                "comp_latency": 0.2141772255319149,
                "mem_latency": 0.01125,
                "traffic": 4831838208,
                "energy": 721297220007.1,
                "traffic_energy": 8934281706143.22,
                "traffic_energy_foreach": {
                    "DRAM": 150753352089.6,
                    "L3": 8781063233860.534,
                    "reg_file": 2465120193.0854397,
                    "traffic": {
                        "DRAM": {
                            "read": 603979776.0,
                            "write": 0.0,
                            "update": 0,
                            "leak": 0
                        },
                        "L3": {
                            "read": 402653184.0,
                            "write": 814743552.0,
                            "update": 0,
                            "leak": 0
                        },
                        "reg_file_2d": {
                            "read": 600834048.0,
                            "write": 603979776.0,
                            "update": 0,
                            "leak": 0
                        },
                        "reg_file_1d": {
                            "read": 0,
                            "write": 0,
                            "update": 0,
                            "leak": 0
                        }
                    }
                },
                "mac_instances": 65536,
                "mac_utilized_instances": 65536
            },
            "factors": {
                "DRAM": {
                    "B": 64,
                    "H": 12,
                    "M": 64,
                    "N": 1,
                    "P": 2,
                    "E": 1
                },
                "L3": {
                    "B": 1,
                    "H": 1,
                    "M": 1,
                    "N": 1,
                    "P": 32,
                    "E": 64
                },
                "PE": {
                    "B": 1,
                    "H": 1,
                    "M": 1,
                    "N": 1,
                    "P": 256,
                    "E": 1
                },
                "PE_col": {
                    "B": 1,
                    "H": 1,
                    "M": 1,
                    "N": 256,
                    "P": 1,
                    "E": 1
                },
                "reg_file": {
                    "B": 1,
                    "H": 1,
                    "M": 1,
                    "N": 1,
                    "P": 1,
                    "E": 1
                }
            }
        },
        "FAV": {
            "tl_rst": {
                "comp_latency": 0.8567089021276596,
                "mem_latency": 0.01125,
                "traffic": 4831838208,
                "energy": 721297220007.1,
                "traffic_energy": 7714197327855.255,
                "traffic_energy_foreach": {
                    "DRAM": 150753352089.59998,
                    "L3": 7553607246148.534,
                    "reg_file": 9836729617.12128,
                    "traffic": {
                        "DRAM": {
                            "read": 402653184.0,
                            "write": 201326592.0,
                            "update": 0,
                            "leak": 0
                        },
                        "L3": {
                            "read": 1009778688.0,
                            "write": 207618048.0,
                            "update": 0,
                            "leak": 0
                        },
                        "reg_file_2d": {
                            "read": 2403336192.0,
                            "write": 2403434496.0,
                            "update": 0,
                            "leak": 0
                        },
                        "reg_file_1d": {
                            "read": 0,
                            "write": 0,
                            "update": 0,
                            "leak": 0
                        }
                    }
                },
                "mac_instances": 65536,
                "mac_utilized_instances": 16384
            },
            "factors": {
                "DRAM": {
                    "B": 64,
                    "H": 12,
                    "F": 1,
                    "P": 2,
                    "M": 64,
                    "N": 1
                },
                "L3": {
                    "B": 1,
                    "H": 1,
                    "F": 1,
                    "P": 8192,
                    "M": 1,
                    "N": 1
                },
                "PE": {
                    "B": 1,
                    "H": 1,
                    "F": 64,
                    "P": 1,
                    "M": 1,
                    "N": 1
                },
                "PE_col": {
                    "B": 1,
                    "H": 1,
                    "F": 1,
                    "P": 1,
                    "M": 1,
                    "N": 256
                },
                "reg_file": {
                    "B": 1,
                    "H": 1,
                    "F": 1,
                    "P": 1,
                    "M": 1,
                    "N": 1
                }
            }
        }
    }
}