{
    "latency": 877.2699157787234,
    "energy": 6.561539448983834e+17,
    "energy_rsts": {
        "DRAM": 283014292989542.4,
        "L3": 3.744451680176035e+16,
        "reg_file": 10127371626400.973,
        "PE": 6.18416286432007e+17,
        "total": 6.561539448983834e+17
    },
    "tl_rsts": {
        "FQK": {
            "tl_rst": {
                "comp_latency": 292.4233052595745,
                "mem_latency": 10.56,
                "traffic": 4535485464576,
                "energy": 984811137716361.1,
                "traffic_energy": 1.0990760047540116e+16,
                "traffic_energy_foreach": {
                    "DRAM": 141507146494771.2,
                    "L3": 1.0845873696980308e+16,
                    "reg_file": 3379204065035.551,
                    "traffic": {
                        "DRAM": {
                            "read": 566935683072.0,
                            "write": 0.0,
                            "update": 0,
                            "leak": 0
                        },
                        "L3": {
                            "read": 1099511627776.0,
                            "write": 558614183936.0,
                            "update": 0,
                            "leak": 0
                        },
                        "reg_file_2d": {
                            "read": 824633720832.0,
                            "write": 826781204480.0,
                            "update": 0,
                            "leak": 0
                        },
                        "reg_file_1d": {
                            "read": 0,
                            "write": 0,
                            "update": 0,
                            "leak": 0
                        }
                    }
                },
                "mac_instances": 65536,
                "mac_utilized_instances": 65536
            },
            "factors": {
                "DRAM": {
                    "B": 64,
                    "H": 32,
                    "M": 1024,
                    "N": 1,
                    "P": 32,
                    "E": 1
                },
                "L3": {
                    "B": 1,
                    "H": 1,
                    "M": 1,
                    "N": 1,
                    "P": 32,
                    "E": 128
                },
                "PE": {
                    "B": 1,
                    "H": 1,
                    "M": 1,
                    "N": 1,
                    "P": 256,
                    "E": 1
                },
                "PE_col": {
                    "B": 1,
                    "H": 1,
                    "M": 1,
                    "N": 256,
                    "P": 1,
                    "E": 1
                },
                "reg_file": {
                    "B": 1,
                    "H": 1,
                    "M": 1,
                    "N": 1,
                    "P": 1,
                    "E": 1
                }
            }
        },
        "FAV": {
            "tl_rst": {
                "comp_latency": 584.846610519149,
                "mem_latency": 10.56,
                "traffic": 4535485464576,
                "energy": 984811137716361.1,
                "traffic_energy": 7263513564053963.0,
                "traffic_energy_foreach": {
                    "DRAM": 141507146494771.2,
                    "L3": 7115258249997827.0,
                    "reg_file": 6748167561365.422,
                    "traffic": {
                        "DRAM": {
                            "read": 549755813888.0,
                            "write": 17179869184.0,
                            "update": 0,
                            "leak": 0
                        },
                        "L3": {
                            "read": 832955219968.0,
                            "write": 283467841536.0,
                            "update": 0,
                            "leak": 0
                        },
                        "reg_file_2d": {
                            "read": 1648730570752.0,
                            "write": 1648797679616.0,
                            "update": 0,
                            "leak": 0
                        },
                        "reg_file_1d": {
                            "read": 0,
                            "write": 0,
                            "update": 0,
                            "leak": 0
                        }
                    }
                },
                "mac_instances": 65536,
                "mac_utilized_instances": 32768
            },
            "factors": {
                "DRAM": {
                    "B": 64,
                    "H": 32,
                    "F": 1,
                    "P": 32,
                    "M": 1024,
                    "N": 1
                },
                "L3": {
                    "B": 1,
                    "H": 1,
                    "F": 1,
                    "P": 8192,
                    "M": 1,
                    "N": 1
                },
                "PE": {
                    "B": 1,
                    "H": 1,
                    "F": 128,
                    "P": 1,
                    "M": 1,
                    "N": 1
                },
                "PE_col": {
                    "B": 1,
                    "H": 1,
                    "F": 1,
                    "P": 1,
                    "M": 1,
                    "N": 256
                },
                "reg_file": {
                    "B": 1,
                    "H": 1,
                    "F": 1,
                    "P": 1,
                    "M": 1,
                    "N": 1
                }
            }
        }
    }
}