{
    "latency": 0.04462025531914894,
    "energy": 20326765777375.355,
    "energy_rsts": {
        "DRAM": 33500744908.8,
        "L3": 1420191550165.4834,
        "reg_file": 506147339.91936,
        "PE": 18872567334961.152,
        "total": 20326765777375.355
    },
    "tl_rsts": {
        "FQK": {
            "tl_rst": {
                "comp_latency": 0.008924051063829787,
                "mem_latency": 0.00125,
                "traffic": 536870912,
                "energy": 30054050833.63,
                "traffic_energy": 387896056085.0862,
                "traffic_energy_foreach": {
                    "DRAM": 16750372454.4,
                    "L3": 371042970289.3076,
                    "reg_file": 102713341.37856,
                    "traffic": {
                        "DRAM": {
                            "read": 67108864.0,
                            "write": 0.0,
                            "update": 0,
                            "leak": 0
                        },
                        "L3": {
                            "read": 16777216.0,
                            "write": 34603008.0,
                            "update": 0,
                            "leak": 0
                        },
                        "reg_file_2d": {
                            "read": 25034752.0,
                            "write": 25165824.0,
                            "update": 0,
                            "leak": 0
                        },
                        "reg_file_1d": {
                            "read": 0,
                            "write": 0,
                            "update": 0,
                            "leak": 0
                        }
                    }
                },
                "mac_instances": 65536,
                "mac_utilized_instances": 65536
            },
            "factors": {
                "DRAM": {
                    "B": 64,
                    "H": 8,
                    "M": 16,
                    "N": 1,
                    "P": 1,
                    "E": 1
                },
                "L3": {
                    "B": 1,
                    "H": 1,
                    "M": 1,
                    "N": 1,
                    "P": 16,
                    "E": 64
                },
                "PE": {
                    "B": 1,
                    "H": 1,
                    "M": 1,
                    "N": 1,
                    "P": 256,
                    "E": 1
                },
                "PE_col": {
                    "B": 1,
                    "H": 1,
                    "M": 1,
                    "N": 256,
                    "P": 1,
                    "E": 1
                },
                "reg_file": {
                    "B": 1,
                    "H": 1,
                    "M": 1,
                    "N": 1,
                    "P": 1,
                    "E": 1
                }
            }
        },
        "FAV": {
            "tl_rst": {
                "comp_latency": 0.03569620425531915,
                "mem_latency": 0.00125,
                "traffic": 536870912,
                "energy": 30054050833.63,
                "traffic_energy": 333185503634.15344,
                "traffic_energy_foreach": {
                    "DRAM": 16750372454.4,
                    "L3": 316031697181.21265,
                    "reg_file": 403433998.5408,
                    "traffic": {
                        "DRAM": {
                            "read": 33554432.0,
                            "write": 33554432.0,
                            "update": 0,
                            "leak": 0
                        },
                        "L3": {
                            "read": 41943040.0,
                            "write": 8912896.0,
                            "update": 0,
                            "leak": 0
                        },
                        "reg_file_2d": {
                            "read": 98566144.0,
                            "write": 98574336.0,
                            "update": 0,
                            "leak": 0
                        },
                        "reg_file_1d": {
                            "read": 0,
                            "write": 0,
                            "update": 0,
                            "leak": 0
                        }
                    }
                },
                "mac_instances": 65536,
                "mac_utilized_instances": 16384
            },
            "factors": {
                "DRAM": {
                    "B": 64,
                    "H": 8,
                    "F": 1,
                    "P": 1,
                    "M": 16,
                    "N": 1
                },
                "L3": {
                    "B": 1,
                    "H": 1,
                    "F": 1,
                    "P": 4096,
                    "M": 1,
                    "N": 1
                },
                "PE": {
                    "B": 1,
                    "H": 1,
                    "F": 64,
                    "P": 1,
                    "M": 1,
                    "N": 1
                },
                "PE_col": {
                    "B": 1,
                    "H": 1,
                    "F": 1,
                    "P": 1,
                    "M": 1,
                    "N": 256
                },
                "reg_file": {
                    "B": 1,
                    "H": 1,
                    "F": 1,
                    "P": 1,
                    "M": 1,
                    "N": 1
                }
            }
        }
    }
}