{
    "latency": 0.10708861276595745,
    "energy": 79409477042895.11,
    "energy_rsts": {
        "DRAM": 134002979635.2,
        "L3": 3783986427843.3135,
        "reg_file": 1218295571.98848,
        "PE": 75490269339844.61,
        "total": 79409477042895.11
    },
    "tl_rsts": {
        "FQK": {
            "tl_rst": {
                "comp_latency": 0.03569620425531915,
                "mem_latency": 0.005,
                "traffic": 2147483648,
                "energy": 120216203334.52,
                "traffic_energy": 1022654438729.5806,
                "traffic_energy_foreach": {
                    "DRAM": 67001489817.6,
                    "L3": 955241521337.0737,
                    "reg_file": 411427574.90688,
                    "traffic": {
                        "DRAM": {
                            "read": 268435456.0,
                            "write": 0.0,
                            "update": 0,
                            "leak": 0
                        },
                        "L3": {
                            "read": 67108864.0,
                            "write": 71303168.0,
                            "update": 0,
                            "leak": 0
                        },
                        "reg_file_2d": {
                            "read": 100401152.0,
                            "write": 100663296.0,
                            "update": 0,
                            "leak": 0
                        },
                        "reg_file_1d": {
                            "read": 0,
                            "write": 0,
                            "update": 0,
                            "leak": 0
                        }
                    }
                },
                "mac_instances": 65536,
                "mac_utilized_instances": 65536
            },
            "factors": {
                "DRAM": {
                    "B": 64,
                    "H": 16,
                    "M": 16,
                    "N": 1,
                    "P": 1,
                    "E": 1
                },
                "L3": {
                    "B": 1,
                    "H": 1,
                    "M": 1,
                    "N": 1,
                    "P": 16,
                    "E": 128
                },
                "PE": {
                    "B": 1,
                    "H": 1,
                    "M": 1,
                    "N": 1,
                    "P": 256,
                    "E": 1
                },
                "PE_col": {
                    "B": 1,
                    "H": 1,
                    "M": 1,
                    "N": 256,
                    "P": 1,
                    "E": 1
                },
                "reg_file": {
                    "B": 1,
                    "H": 1,
                    "M": 1,
                    "N": 1,
                    "P": 1,
                    "E": 1
                }
            }
        },
        "FAV": {
            "tl_rst": {
                "comp_latency": 0.0713924085106383,
                "mem_latency": 0.005,
                "traffic": 2147483648,
                "energy": 120216203334.52,
                "traffic_energy": 938682132511.3752,
                "traffic_energy_foreach": {
                    "DRAM": 67001489817.6,
                    "L3": 870873774696.6937,
                    "reg_file": 806867997.0816,
                    "traffic": {
                        "DRAM": {
                            "read": 134217728.0,
                            "write": 134217728.0,
                            "update": 0,
                            "leak": 0
                        },
                        "L3": {
                            "read": 100663296.0,
                            "write": 35651584.0,
                            "update": 0,
                            "leak": 0
                        },
                        "reg_file_2d": {
                            "read": 197132288.0,
                            "write": 197148672.0,
                            "update": 0,
                            "leak": 0
                        },
                        "reg_file_1d": {
                            "read": 0,
                            "write": 0,
                            "update": 0,
                            "leak": 0
                        }
                    }
                },
                "mac_instances": 65536,
                "mac_utilized_instances": 32768
            },
            "factors": {
                "DRAM": {
                    "B": 64,
                    "H": 16,
                    "F": 1,
                    "P": 1,
                    "M": 16,
                    "N": 1
                },
                "L3": {
                    "B": 1,
                    "H": 1,
                    "F": 1,
                    "P": 4096,
                    "M": 1,
                    "N": 1
                },
                "PE": {
                    "B": 1,
                    "H": 1,
                    "F": 128,
                    "P": 1,
                    "M": 1,
                    "N": 1
                },
                "PE_col": {
                    "B": 1,
                    "H": 1,
                    "F": 1,
                    "P": 1,
                    "M": 1,
                    "N": 256
                },
                "reg_file": {
                    "B": 1,
                    "H": 1,
                    "F": 1,
                    "P": 1,
                    "M": 1,
                    "N": 1
                }
            }
        }
    }
}