{
    "latency": 0.2141772255319149,
    "energy": 158818954085790.22,
    "energy_rsts": {
        "DRAM": 268005959270.4,
        "L3": 7567972855686.627,
        "reg_file": 2436591143.97696,
        "PE": 150980538679689.22,
        "total": 158818954085790.22
    },
    "tl_rsts": {
        "FQK": {
            "tl_rst": {
                "comp_latency": 0.0713924085106383,
                "mem_latency": 0.01,
                "traffic": 4294967296,
                "energy": 240432406669.03,
                "traffic_energy": 2045308877459.1611,
                "traffic_energy_foreach": {
                    "DRAM": 134002979635.2,
                    "L3": 1910483042674.1475,
                    "reg_file": 822855149.81376,
                    "traffic": {
                        "DRAM": {
                            "read": 536870912.0,
                            "write": 0.0,
                            "update": 0,
                            "leak": 0
                        },
                        "L3": {
                            "read": 134217728.0,
                            "write": 142606336.0,
                            "update": 0,
                            "leak": 0
                        },
                        "reg_file_2d": {
                            "read": 200802304.0,
                            "write": 201326592.0,
                            "update": 0,
                            "leak": 0
                        },
                        "reg_file_1d": {
                            "read": 0,
                            "write": 0,
                            "update": 0,
                            "leak": 0
                        }
                    }
                },
                "mac_instances": 65536,
                "mac_utilized_instances": 65536
            },
            "factors": {
                "DRAM": {
                    "B": 64,
                    "H": 32,
                    "M": 16,
                    "N": 1,
                    "P": 1,
                    "E": 1
                },
                "L3": {
                    "B": 1,
                    "H": 1,
                    "M": 1,
                    "N": 1,
                    "P": 16,
                    "E": 128
                },
                "PE": {
                    "B": 1,
                    "H": 1,
                    "M": 1,
                    "N": 1,
                    "P": 256,
                    "E": 1
                },
                "PE_col": {
                    "B": 1,
                    "H": 1,
                    "M": 1,
                    "N": 256,
                    "P": 1,
                    "E": 1
                },
                "reg_file": {
                    "B": 1,
                    "H": 1,
                    "M": 1,
                    "N": 1,
                    "P": 1,
                    "E": 1
                }
            }
        },
        "FAV": {
            "tl_rst": {
                "comp_latency": 0.1427848170212766,
                "mem_latency": 0.01,
                "traffic": 4294967296,
                "energy": 240432406669.03,
                "traffic_energy": 1877364265022.7505,
                "traffic_energy_foreach": {
                    "DRAM": 134002979635.2,
                    "L3": 1741747549393.3875,
                    "reg_file": 1613735994.1632,
                    "traffic": {
                        "DRAM": {
                            "read": 268435456.0,
                            "write": 268435456.0,
                            "update": 0,
                            "leak": 0
                        },
                        "L3": {
                            "read": 201326592.0,
                            "write": 71303168.0,
                            "update": 0,
                            "leak": 0
                        },
                        "reg_file_2d": {
                            "read": 394264576.0,
                            "write": 394297344.0,
                            "update": 0,
                            "leak": 0
                        },
                        "reg_file_1d": {
                            "read": 0,
                            "write": 0,
                            "update": 0,
                            "leak": 0
                        }
                    }
                },
                "mac_instances": 65536,
                "mac_utilized_instances": 32768
            },
            "factors": {
                "DRAM": {
                    "B": 64,
                    "H": 32,
                    "F": 1,
                    "P": 1,
                    "M": 16,
                    "N": 1
                },
                "L3": {
                    "B": 1,
                    "H": 1,
                    "F": 1,
                    "P": 4096,
                    "M": 1,
                    "N": 1
                },
                "PE": {
                    "B": 1,
                    "H": 1,
                    "F": 128,
                    "P": 1,
                    "M": 1,
                    "N": 1
                },
                "PE_col": {
                    "B": 1,
                    "H": 1,
                    "F": 1,
                    "P": 1,
                    "M": 1,
                    "N": 256
                },
                "reg_file": {
                    "B": 1,
                    "H": 1,
                    "F": 1,
                    "P": 1,
                    "M": 1,
                    "N": 1
                }
            }
        }
    }
}