{
    "latency": 182.76456578723406,
    "energy": 8.482225999032106e+16,
    "energy_rsts": {
        "DRAM": 35376786623692.8,
        "L3": 7482737446617004.0,
        "reg_file": 2109953079477.5347,
        "PE": 7.730203580400088e+16,
        "total": 8.482225999032106e+16
    },
    "tl_rsts": {
        "FQK": {
            "tl_rst": {
                "comp_latency": 36.55291315744681,
                "mem_latency": 1.32,
                "traffic": 566935683072,
                "energy": 123101392214545.14,
                "traffic_energy": 2318161291444194.5,
                "traffic_energy_foreach": {
                    "DRAM": 17688393311846.4,
                    "L3": 2300049986943212.0,
                    "reg_file": 422911189136.1792,
                    "traffic": {
                        "DRAM": {
                            "read": 70866960384.0,
                            "write": 0.0,
                            "update": 0,
                            "leak": 0
                        },
                        "L3": {
                            "read": 206158430208.0,
                            "write": 138546249728.0,
                            "update": 0,
                            "leak": 0
                        },
                        "reg_file_2d": {
                            "read": 103079215104.0,
                            "write": 103616086016.0,
                            "update": 0,
                            "leak": 0
                        },
                        "reg_file_1d": {
                            "read": 0,
                            "write": 0,
                            "update": 0,
                            "leak": 0
                        }
                    }
                },
                "mac_instances": 65536,
                "mac_utilized_instances": 65536
            },
            "factors": {
                "DRAM": {
                    "B": 64,
                    "H": 8,
                    "M": 1024,
                    "N": 1,
                    "P": 32,
                    "E": 1
                },
                "L3": {
                    "B": 1,
                    "H": 1,
                    "M": 1,
                    "N": 1,
                    "P": 32,
                    "E": 64
                },
                "PE": {
                    "B": 1,
                    "H": 1,
                    "M": 1,
                    "N": 1,
                    "P": 256,
                    "E": 1
                },
                "PE_col": {
                    "B": 1,
                    "H": 1,
                    "M": 1,
                    "N": 256,
                    "P": 1,
                    "E": 1
                },
                "reg_file": {
                    "B": 1,
                    "H": 1,
                    "M": 1,
                    "N": 1,
                    "P": 1,
                    "E": 1
                }
            }
        },
        "FAV": {
            "tl_rst": {
                "comp_latency": 146.21165262978724,
                "mem_latency": 1.32,
                "traffic": 566935683072,
                "energy": 123101392214545.14,
                "traffic_energy": 1311473802816748.8,
                "traffic_energy_foreach": {
                    "DRAM": 17688393311846.4,
                    "L3": 1292098367614561.0,
                    "reg_file": 1687041890341.3555,
                    "traffic": {
                        "DRAM": {
                            "read": 68719476736.0,
                            "write": 2147483648.0,
                            "update": 0,
                            "leak": 0
                        },
                        "L3": {
                            "read": 172838879232.0,
                            "write": 35433480192.0,
                            "update": 0,
                            "leak": 0
                        },
                        "reg_file_2d": {
                            "read": 412182642688.0,
                            "write": 412199419904.0,
                            "update": 0,
                            "leak": 0
                        },
                        "reg_file_1d": {
                            "read": 0,
                            "write": 0,
                            "update": 0,
                            "leak": 0
                        }
                    }
                },
                "mac_instances": 65536,
                "mac_utilized_instances": 16384
            },
            "factors": {
                "DRAM": {
                    "B": 64,
                    "H": 8,
                    "F": 1,
                    "P": 32,
                    "M": 1024,
                    "N": 1
                },
                "L3": {
                    "B": 1,
                    "H": 1,
                    "F": 1,
                    "P": 8192,
                    "M": 1,
                    "N": 1
                },
                "PE": {
                    "B": 1,
                    "H": 1,
                    "F": 64,
                    "P": 1,
                    "M": 1,
                    "N": 1
                },
                "PE_col": {
                    "B": 1,
                    "H": 1,
                    "F": 1,
                    "P": 1,
                    "M": 1,
                    "N": 256
                },
                "reg_file": {
                    "B": 1,
                    "H": 1,
                    "F": 1,
                    "P": 1,
                    "M": 1,
                    "N": 1
                }
            }
        }
    }
}