{
    "latency": 0.08924051063829788,
    "energy": 40653531554750.71,
    "energy_rsts": {
        "DRAM": 67001489817.6,
        "L3": 2840383100330.967,
        "reg_file": 1012294679.83872,
        "PE": 37745134669922.305,
        "total": 40653531554750.71
    },
    "tl_rsts": {
        "FQK": {
            "tl_rst": {
                "comp_latency": 0.017848102127659575,
                "mem_latency": 0.0025,
                "traffic": 1073741824,
                "energy": 60108101667.26,
                "traffic_energy": 775792112170.1724,
                "traffic_energy_foreach": {
                    "DRAM": 33500744908.8,
                    "L3": 742085940578.6152,
                    "reg_file": 205426682.75712,
                    "traffic": {
                        "DRAM": {
                            "read": 134217728.0,
                            "write": 0.0,
                            "update": 0,
                            "leak": 0
                        },
                        "L3": {
                            "read": 33554432.0,
                            "write": 69206016.0,
                            "update": 0,
                            "leak": 0
                        },
                        "reg_file_2d": {
                            "read": 50069504.0,
                            "write": 50331648.0,
                            "update": 0,
                            "leak": 0
                        },
                        "reg_file_1d": {
                            "read": 0,
                            "write": 0,
                            "update": 0,
                            "leak": 0
                        }
                    }
                },
                "mac_instances": 65536,
                "mac_utilized_instances": 65536
            },
            "factors": {
                "DRAM": {
                    "B": 64,
                    "H": 16,
                    "M": 16,
                    "N": 1,
                    "P": 1,
                    "E": 1
                },
                "L3": {
                    "B": 1,
                    "H": 1,
                    "M": 1,
                    "N": 1,
                    "P": 16,
                    "E": 64
                },
                "PE": {
                    "B": 1,
                    "H": 1,
                    "M": 1,
                    "N": 1,
                    "P": 256,
                    "E": 1
                },
                "PE_col": {
                    "B": 1,
                    "H": 1,
                    "M": 1,
                    "N": 256,
                    "P": 1,
                    "E": 1
                },
                "reg_file": {
                    "B": 1,
                    "H": 1,
                    "M": 1,
                    "N": 1,
                    "P": 1,
                    "E": 1
                }
            }
        },
        "FAV": {
            "tl_rst": {
                "comp_latency": 0.0713924085106383,
                "mem_latency": 0.0025,
                "traffic": 1073741824,
                "energy": 60108101667.26,
                "traffic_energy": 666371007268.3069,
                "traffic_energy_foreach": {
                    "DRAM": 33500744908.8,
                    "L3": 632063394362.4253,
                    "reg_file": 806867997.0816,
                    "traffic": {
                        "DRAM": {
                            "read": 67108864.0,
                            "write": 67108864.0,
                            "update": 0,
                            "leak": 0
                        },
                        "L3": {
                            "read": 83886080.0,
                            "write": 17825792.0,
                            "update": 0,
                            "leak": 0
                        },
                        "reg_file_2d": {
                            "read": 197132288.0,
                            "write": 197148672.0,
                            "update": 0,
                            "leak": 0
                        },
                        "reg_file_1d": {
                            "read": 0,
                            "write": 0,
                            "update": 0,
                            "leak": 0
                        }
                    }
                },
                "mac_instances": 65536,
                "mac_utilized_instances": 16384
            },
            "factors": {
                "DRAM": {
                    "B": 64,
                    "H": 16,
                    "F": 1,
                    "P": 1,
                    "M": 16,
                    "N": 1
                },
                "L3": {
                    "B": 1,
                    "H": 1,
                    "F": 1,
                    "P": 4096,
                    "M": 1,
                    "N": 1
                },
                "PE": {
                    "B": 1,
                    "H": 1,
                    "F": 64,
                    "P": 1,
                    "M": 1,
                    "N": 1
                },
                "PE_col": {
                    "B": 1,
                    "H": 1,
                    "F": 1,
                    "P": 1,
                    "M": 1,
                    "N": 256
                },
                "reg_file": {
                    "B": 1,
                    "H": 1,
                    "F": 1,
                    "P": 1,
                    "M": 1,
                    "N": 1
                }
            }
        }
    }
}