{
    "latency": 0.713924085106383,
    "energy": 324688356576254.44,
    "energy_rsts": {
        "DRAM": 201004469452.8,
        "L3": 22518073514216.39,
        "reg_file": 8201233206.80448,
        "PE": 301961077359378.44,
        "total": 324688356576254.44
    },
    "tl_rsts": {
        "FQK": {
            "tl_rst": {
                "comp_latency": 0.1427848170212766,
                "mem_latency": 0.0075,
                "traffic": 3221225472,
                "energy": 480864813338.07,
                "traffic_energy": 5956187804095.4795,
                "traffic_energy_foreach": {
                    "DRAM": 100502234726.4,
                    "L3": 5854042155907.022,
                    "reg_file": 1643413462.05696,
                    "traffic": {
                        "DRAM": {
                            "read": 402653184.0,
                            "write": 0.0,
                            "update": 0,
                            "leak": 0
                        },
                        "L3": {
                            "read": 268435456.0,
                            "write": 543162368.0,
                            "update": 0,
                            "leak": 0
                        },
                        "reg_file_2d": {
                            "read": 400556032.0,
                            "write": 402653184.0,
                            "update": 0,
                            "leak": 0
                        },
                        "reg_file_1d": {
                            "read": 0,
                            "write": 0,
                            "update": 0,
                            "leak": 0
                        }
                    }
                },
                "mac_instances": 65536,
                "mac_utilized_instances": 65536
            },
            "factors": {
                "DRAM": {
                    "B": 64,
                    "H": 8,
                    "M": 64,
                    "N": 1,
                    "P": 2,
                    "E": 1
                },
                "L3": {
                    "B": 1,
                    "H": 1,
                    "M": 1,
                    "N": 1,
                    "P": 32,
                    "E": 64
                },
                "PE": {
                    "B": 1,
                    "H": 1,
                    "M": 1,
                    "N": 1,
                    "P": 256,
                    "E": 1
                },
                "PE_col": {
                    "B": 1,
                    "H": 1,
                    "M": 1,
                    "N": 256,
                    "P": 1,
                    "E": 1
                },
                "reg_file": {
                    "B": 1,
                    "H": 1,
                    "M": 1,
                    "N": 1,
                    "P": 1,
                    "E": 1
                }
            }
        },
        "FAV": {
            "tl_rst": {
                "comp_latency": 0.5711392680851064,
                "mem_latency": 0.0075,
                "traffic": 3221225472,
                "energy": 480864813338.07,
                "traffic_energy": 5142798218570.17,
                "traffic_energy_foreach": {
                    "DRAM": 100502234726.4,
                    "L3": 5035738164099.022,
                    "reg_file": 6557819744.74752,
                    "traffic": {
                        "DRAM": {
                            "read": 268435456.0,
                            "write": 134217728.0,
                            "update": 0,
                            "leak": 0
                        },
                        "L3": {
                            "read": 673185792.0,
                            "write": 138412032.0,
                            "update": 0,
                            "leak": 0
                        },
                        "reg_file_2d": {
                            "read": 1602224128.0,
                            "write": 1602289664.0,
                            "update": 0,
                            "leak": 0
                        },
                        "reg_file_1d": {
                            "read": 0,
                            "write": 0,
                            "update": 0,
                            "leak": 0
                        }
                    }
                },
                "mac_instances": 65536,
                "mac_utilized_instances": 16384
            },
            "factors": {
                "DRAM": {
                    "B": 64,
                    "H": 8,
                    "F": 1,
                    "P": 2,
                    "M": 64,
                    "N": 1
                },
                "L3": {
                    "B": 1,
                    "H": 1,
                    "F": 1,
                    "P": 8192,
                    "M": 1,
                    "N": 1
                },
                "PE": {
                    "B": 1,
                    "H": 1,
                    "F": 64,
                    "P": 1,
                    "M": 1,
                    "N": 1
                },
                "PE_col": {
                    "B": 1,
                    "H": 1,
                    "F": 1,
                    "P": 1,
                    "M": 1,
                    "N": 256
                },
                "reg_file": {
                    "B": 1,
                    "H": 1,
                    "F": 1,
                    "P": 1,
                    "M": 1,
                    "N": 1
                }
            }
        }
    }
}