{
    "latency": 0.006693038297872341,
    "energy": 5006795839903.724,
    "energy_rsts": {
        "DRAM": 33500744908.8,
        "L3": 255080330701.04575,
        "reg_file": 72930553.58976,
        "PE": 4718141833740.288,
        "total": 5006795839903.724
    },
    "tl_rsts": {
        "FQK": {
            "tl_rst": {
                "comp_latency": 0.002231012765957447,
                "mem_latency": 0.00125,
                "traffic": 536870912,
                "energy": 7513512708.41,
                "traffic_energy": 82677084415.54124,
                "traffic_energy_foreach": {
                    "DRAM": 16750372454.4,
                    "L3": 65900997737.709564,
                    "reg_file": 25714223.43168,
                    "traffic": {
                        "DRAM": {
                            "read": 67108864.0,
                            "write": 0.0,
                            "update": 0,
                            "leak": 0
                        },
                        "L3": {
                            "read": 4194304.0,
                            "write": 5242880.0,
                            "update": 0,
                            "leak": 0
                        },
                        "reg_file_2d": {
                            "read": 6275072.0,
                            "write": 6291456.0,
                            "update": 0,
                            "leak": 0
                        },
                        "reg_file_1d": {
                            "read": 0,
                            "write": 0,
                            "update": 0,
                            "leak": 0
                        }
                    }
                },
                "mac_instances": 65536,
                "mac_utilized_instances": 65536
            },
            "factors": {
                "DRAM": {
                    "B": 64,
                    "H": 16,
                    "M": 4,
                    "N": 1,
                    "P": 1,
                    "E": 1
                },
                "L3": {
                    "B": 1,
                    "H": 1,
                    "M": 1,
                    "N": 1,
                    "P": 4,
                    "E": 128
                },
                "PE": {
                    "B": 1,
                    "H": 1,
                    "M": 1,
                    "N": 1,
                    "P": 256,
                    "E": 1
                },
                "PE_col": {
                    "B": 1,
                    "H": 1,
                    "M": 1,
                    "N": 256,
                    "P": 1,
                    "E": 1
                },
                "reg_file": {
                    "B": 1,
                    "H": 1,
                    "M": 1,
                    "N": 1,
                    "P": 1,
                    "E": 1
                }
            }
        },
        "FAV": {
            "tl_rst": {
                "comp_latency": 0.004462025531914894,
                "mem_latency": 0.00125,
                "traffic": 536870912,
                "energy": 7513512708.41,
                "traffic_energy": 74326401030.17267,
                "traffic_energy_foreach": {
                    "DRAM": 16750372454.4,
                    "L3": 57528812245.61459,
                    "reg_file": 47216330.15808,
                    "traffic": {
                        "DRAM": {
                            "read": 33554432.0,
                            "write": 33554432.0,
                            "update": 0,
                            "leak": 0
                        },
                        "L3": {
                            "read": 6291456.0,
                            "write": 2621440.0,
                            "update": 0,
                            "leak": 0
                        },
                        "reg_file_2d": {
                            "read": 11534336.0,
                            "write": 11538432.0,
                            "update": 0,
                            "leak": 0
                        },
                        "reg_file_1d": {
                            "read": 0,
                            "write": 0,
                            "update": 0,
                            "leak": 0
                        }
                    }
                },
                "mac_instances": 65536,
                "mac_utilized_instances": 32768
            },
            "factors": {
                "DRAM": {
                    "B": 64,
                    "H": 16,
                    "F": 1,
                    "P": 1,
                    "M": 4,
                    "N": 1
                },
                "L3": {
                    "B": 1,
                    "H": 1,
                    "F": 1,
                    "P": 1024,
                    "M": 1,
                    "N": 1
                },
                "PE": {
                    "B": 1,
                    "H": 1,
                    "F": 128,
                    "P": 1,
                    "M": 1,
                    "N": 1
                },
                "PE_col": {
                    "B": 1,
                    "H": 1,
                    "F": 1,
                    "P": 1,
                    "M": 1,
                    "N": 256
                },
                "reg_file": {
                    "B": 1,
                    "H": 1,
                    "F": 1,
                    "P": 1,
                    "M": 1,
                    "N": 1
                }
            }
        }
    }
}