{
    "latency": 365.5291315744681,
    "energy": 1.696445199806421e+17,
    "energy_rsts": {
        "DRAM": 70753573247385.6,
        "L3": 1.4965474893234008e+16,
        "reg_file": 4219906158955.0693,
        "PE": 1.5460407160800176e+17,
        "total": 1.696445199806421e+17
    },
    "tl_rsts": {
        "FQK": {
            "tl_rst": {
                "comp_latency": 73.10582631489362,
                "mem_latency": 2.64,
                "traffic": 1133871366144,
                "energy": 246202784429090.28,
                "traffic_energy": 4636322582888389.0,
                "traffic_energy_foreach": {
                    "DRAM": 35376786623692.8,
                    "L3": 4600099973886424.0,
                    "reg_file": 845822378272.3584,
                    "traffic": {
                        "DRAM": {
                            "read": 141733920768.0,
                            "write": 0.0,
                            "update": 0,
                            "leak": 0
                        },
                        "L3": {
                            "read": 412316860416.0,
                            "write": 277092499456.0,
                            "update": 0,
                            "leak": 0
                        },
                        "reg_file_2d": {
                            "read": 206158430208.0,
                            "write": 207232172032.0,
                            "update": 0,
                            "leak": 0
                        },
                        "reg_file_1d": {
                            "read": 0,
                            "write": 0,
                            "update": 0,
                            "leak": 0
                        }
                    }
                },
                "mac_instances": 65536,
                "mac_utilized_instances": 65536
            },
            "factors": {
                "DRAM": {
                    "B": 64,
                    "H": 16,
                    "M": 1024,
                    "N": 1,
                    "P": 32,
                    "E": 1
                },
                "L3": {
                    "B": 1,
                    "H": 1,
                    "M": 1,
                    "N": 1,
                    "P": 32,
                    "E": 64
                },
                "PE": {
                    "B": 1,
                    "H": 1,
                    "M": 1,
                    "N": 1,
                    "P": 256,
                    "E": 1
                },
                "PE_col": {
                    "B": 1,
                    "H": 1,
                    "M": 1,
                    "N": 256,
                    "P": 1,
                    "E": 1
                },
                "reg_file": {
                    "B": 1,
                    "H": 1,
                    "M": 1,
                    "N": 1,
                    "P": 1,
                    "E": 1
                }
            }
        },
        "FAV": {
            "tl_rst": {
                "comp_latency": 292.4233052595745,
                "mem_latency": 2.64,
                "traffic": 1133871366144,
                "energy": 246202784429090.28,
                "traffic_energy": 2622947605633497.5,
                "traffic_energy_foreach": {
                    "DRAM": 35376786623692.8,
                    "L3": 2584196735229122.0,
                    "reg_file": 3374083780682.711,
                    "traffic": {
                        "DRAM": {
                            "read": 137438953472.0,
                            "write": 4294967296.0,
                            "update": 0,
                            "leak": 0
                        },
                        "L3": {
                            "read": 345677758464.0,
                            "write": 70866960384.0,
                            "update": 0,
                            "leak": 0
                        },
                        "reg_file_2d": {
                            "read": 824365285376.0,
                            "write": 824398839808.0,
                            "update": 0,
                            "leak": 0
                        },
                        "reg_file_1d": {
                            "read": 0,
                            "write": 0,
                            "update": 0,
                            "leak": 0
                        }
                    }
                },
                "mac_instances": 65536,
                "mac_utilized_instances": 16384
            },
            "factors": {
                "DRAM": {
                    "B": 64,
                    "H": 16,
                    "F": 1,
                    "P": 32,
                    "M": 1024,
                    "N": 1
                },
                "L3": {
                    "B": 1,
                    "H": 1,
                    "F": 1,
                    "P": 8192,
                    "M": 1,
                    "N": 1
                },
                "PE": {
                    "B": 1,
                    "H": 1,
                    "F": 64,
                    "P": 1,
                    "M": 1,
                    "N": 1
                },
                "PE_col": {
                    "B": 1,
                    "H": 1,
                    "F": 1,
                    "P": 1,
                    "M": 1,
                    "N": 256
                },
                "reg_file": {
                    "B": 1,
                    "H": 1,
                    "F": 1,
                    "P": 1,
                    "M": 1,
                    "N": 1
                }
            }
        }
    }
}