{
    "latency": 5848.46610519149,
    "energy": 2.7142839961565066e+18,
    "energy_rsts": {
        "DRAM": 1106328599868211.1,
        "L3": 2.3944499014601008e+17,
        "reg_file": 67531682600378.7,
        "PE": 2.473665145728028e+18,
        "total": 2.7142839961565066e+18
    },
    "tl_rsts": {
        "FQK": {
            "tl_rst": {
                "comp_latency": 1169.693221038298,
                "mem_latency": 41.28,
                "traffic": 17729624997888,
                "energy": 3939244550865444.5,
                "traffic_energy": 7.416194987585141e+16,
                "traffic_energy_foreach": {
                    "DRAM": 553164299934105.56,
                    "L3": 7.359525241786494e+16,
                    "reg_file": 13533158052357.734,
                    "traffic": {
                        "DRAM": {
                            "read": 2216203124736.0,
                            "write": 0.0,
                            "update": 0,
                            "leak": 0
                        },
                        "L3": {
                            "read": 6597069766656.0,
                            "write": 4432674684928.0,
                            "update": 0,
                            "leak": 0
                        },
                        "reg_file_2d": {
                            "read": 3298534883328.0,
                            "write": 3315714752512.0,
                            "update": 0,
                            "leak": 0
                        },
                        "reg_file_1d": {
                            "read": 0,
                            "write": 0,
                            "update": 0,
                            "leak": 0
                        }
                    }
                },
                "mac_instances": 65536,
                "mac_utilized_instances": 65536
            },
            "factors": {
                "DRAM": {
                    "B": 64,
                    "H": 16,
                    "M": 4096,
                    "N": 1,
                    "P": 128,
                    "E": 1
                },
                "L3": {
                    "B": 1,
                    "H": 1,
                    "M": 1,
                    "N": 1,
                    "P": 32,
                    "E": 64
                },
                "PE": {
                    "B": 1,
                    "H": 1,
                    "M": 1,
                    "N": 1,
                    "P": 256,
                    "E": 1
                },
                "PE_col": {
                    "B": 1,
                    "H": 1,
                    "M": 1,
                    "N": 256,
                    "P": 1,
                    "E": 1
                },
                "reg_file": {
                    "B": 1,
                    "H": 1,
                    "M": 1,
                    "N": 1,
                    "P": 1,
                    "E": 1
                }
            }
        },
        "FAV": {
            "tl_rst": {
                "comp_latency": 4678.772884153192,
                "mem_latency": 41.28,
                "traffic": 17729624997888,
                "energy": 3939244550865444.5,
                "traffic_energy": 4.195902962431642e+16,
                "traffic_energy_foreach": {
                    "DRAM": 553164299934105.56,
                    "L3": 4.135186679983429e+16,
                    "reg_file": 53998524548020.96,
                    "traffic": {
                        "DRAM": {
                            "read": 2199023255552.0,
                            "write": 17179869184.0,
                            "update": 0,
                            "leak": 0
                        },
                        "L3": {
                            "read": 5531649441792.0,
                            "write": 1133871366144.0,
                            "update": 0,
                            "leak": 0
                        },
                        "reg_file_2d": {
                            "read": 13193065791488.0,
                            "write": 13193602662400.0,
                            "update": 0,
                            "leak": 0
                        },
                        "reg_file_1d": {
                            "read": 0,
                            "write": 0,
                            "update": 0,
                            "leak": 0
                        }
                    }
                },
                "mac_instances": 65536,
                "mac_utilized_instances": 16384
            },
            "factors": {
                "DRAM": {
                    "B": 64,
                    "H": 16,
                    "F": 1,
                    "P": 128,
                    "M": 4096,
                    "N": 1
                },
                "L3": {
                    "B": 1,
                    "H": 1,
                    "F": 1,
                    "P": 8192,
                    "M": 1,
                    "N": 1
                },
                "PE": {
                    "B": 1,
                    "H": 1,
                    "F": 64,
                    "P": 1,
                    "M": 1,
                    "N": 1
                },
                "PE_col": {
                    "B": 1,
                    "H": 1,
                    "F": 1,
                    "P": 1,
                    "M": 1,
                    "N": 256
                },
                "reg_file": {
                    "B": 1,
                    "H": 1,
                    "F": 1,
                    "P": 1,
                    "M": 1,
                    "N": 1
                }
            }
        }
    }
}