{
    "latency": 2924.233052595745,
    "energy": 1.3571419980782533e+18,
    "energy_rsts": {
        "DRAM": 553164299934105.56,
        "L3": 1.1972249507300504e+17,
        "reg_file": 33765841300189.35,
        "PE": 1.236832572864014e+18,
        "total": 1.3571419980782533e+18
    },
    "tl_rsts": {
        "FQK": {
            "tl_rst": {
                "comp_latency": 584.846610519149,
                "mem_latency": 20.64,
                "traffic": 8864812498944,
                "energy": 1969622275432722.2,
                "traffic_energy": 3.7080974937925704e+16,
                "traffic_energy_foreach": {
                    "DRAM": 276582149967052.78,
                    "L3": 3.679762620893247e+16,
                    "reg_file": 6766579026178.867,
                    "traffic": {
                        "DRAM": {
                            "read": 1108101562368.0,
                            "write": 0.0,
                            "update": 0,
                            "leak": 0
                        },
                        "L3": {
                            "read": 3298534883328.0,
                            "write": 2216337342464.0,
                            "update": 0,
                            "leak": 0
                        },
                        "reg_file_2d": {
                            "read": 1649267441664.0,
                            "write": 1657857376256.0,
                            "update": 0,
                            "leak": 0
                        },
                        "reg_file_1d": {
                            "read": 0,
                            "write": 0,
                            "update": 0,
                            "leak": 0
                        }
                    }
                },
                "mac_instances": 65536,
                "mac_utilized_instances": 65536
            },
            "factors": {
                "DRAM": {
                    "B": 64,
                    "H": 8,
                    "M": 4096,
                    "N": 1,
                    "P": 128,
                    "E": 1
                },
                "L3": {
                    "B": 1,
                    "H": 1,
                    "M": 1,
                    "N": 1,
                    "P": 32,
                    "E": 64
                },
                "PE": {
                    "B": 1,
                    "H": 1,
                    "M": 1,
                    "N": 1,
                    "P": 256,
                    "E": 1
                },
                "PE_col": {
                    "B": 1,
                    "H": 1,
                    "M": 1,
                    "N": 256,
                    "P": 1,
                    "E": 1
                },
                "reg_file": {
                    "B": 1,
                    "H": 1,
                    "M": 1,
                    "N": 1,
                    "P": 1,
                    "E": 1
                }
            }
        },
        "FAV": {
            "tl_rst": {
                "comp_latency": 2339.386442076596,
                "mem_latency": 20.64,
                "traffic": 8864812498944,
                "energy": 1969622275432722.2,
                "traffic_energy": 2.097951481215821e+16,
                "traffic_energy_foreach": {
                    "DRAM": 276582149967052.78,
                    "L3": 2.0675933399917144e+16,
                    "reg_file": 26999262274010.48,
                    "traffic": {
                        "DRAM": {
                            "read": 1099511627776.0,
                            "write": 8589934592.0,
                            "update": 0,
                            "leak": 0
                        },
                        "L3": {
                            "read": 2765824720896.0,
                            "write": 566935683072.0,
                            "update": 0,
                            "leak": 0
                        },
                        "reg_file_2d": {
                            "read": 6596532895744.0,
                            "write": 6596801331200.0,
                            "update": 0,
                            "leak": 0
                        },
                        "reg_file_1d": {
                            "read": 0,
                            "write": 0,
                            "update": 0,
                            "leak": 0
                        }
                    }
                },
                "mac_instances": 65536,
                "mac_utilized_instances": 16384
            },
            "factors": {
                "DRAM": {
                    "B": 64,
                    "H": 8,
                    "F": 1,
                    "P": 128,
                    "M": 4096,
                    "N": 1
                },
                "L3": {
                    "B": 1,
                    "H": 1,
                    "F": 1,
                    "P": 8192,
                    "M": 1,
                    "N": 1
                },
                "PE": {
                    "B": 1,
                    "H": 1,
                    "F": 64,
                    "P": 1,
                    "M": 1,
                    "N": 1
                },
                "PE_col": {
                    "B": 1,
                    "H": 1,
                    "F": 1,
                    "P": 1,
                    "M": 1,
                    "N": 256
                },
                "reg_file": {
                    "B": 1,
                    "H": 1,
                    "F": 1,
                    "P": 1,
                    "M": 1,
                    "N": 1
                }
            }
        }
    }
}