{
    "latency": 0.005577531914893618,
    "energy": 2562695878073.479,
    "energy_rsts": {
        "DRAM": 16750372454.4,
        "L3": 186814533251.10477,
        "reg_file": 60055497.8304,
        "PE": 2359070916870.144,
        "total": 2562695878073.479
    },
    "tl_rsts": {
        "FQK": {
            "tl_rst": {
                "comp_latency": 0.0011155063829787234,
                "mem_latency": 0.000625,
                "traffic": 268435456,
                "energy": 3756756354.2,
                "traffic_energy": 57867598008.107,
                "traffic_energy_foreach": {
                    "DRAM": 8375186227.2,
                    "L3": 49479572613.23469,
                    "reg_file": 12839167.67232,
                    "traffic": {
                        "DRAM": {
                            "read": 33554432.0,
                            "write": 0.0,
                            "update": 0,
                            "leak": 0
                        },
                        "L3": {
                            "read": 2097152.0,
                            "write": 4718592.0,
                            "update": 0,
                            "leak": 0
                        },
                        "reg_file_2d": {
                            "read": 3129344.0,
                            "write": 3145728.0,
                            "update": 0,
                            "leak": 0
                        },
                        "reg_file_1d": {
                            "read": 0,
                            "write": 0,
                            "update": 0,
                            "leak": 0
                        }
                    }
                },
                "mac_instances": 65536,
                "mac_utilized_instances": 65536
            },
            "factors": {
                "DRAM": {
                    "B": 64,
                    "H": 16,
                    "M": 4,
                    "N": 1,
                    "P": 1,
                    "E": 1
                },
                "L3": {
                    "B": 1,
                    "H": 1,
                    "M": 1,
                    "N": 1,
                    "P": 4,
                    "E": 64
                },
                "PE": {
                    "B": 1,
                    "H": 1,
                    "M": 1,
                    "N": 1,
                    "P": 256,
                    "E": 1
                },
                "PE_col": {
                    "B": 1,
                    "H": 1,
                    "M": 1,
                    "N": 256,
                    "P": 1,
                    "E": 1
                },
                "reg_file": {
                    "B": 1,
                    "H": 1,
                    "M": 1,
                    "N": 1,
                    "P": 1,
                    "E": 1
                }
            }
        },
        "FAV": {
            "tl_rst": {
                "comp_latency": 0.004462025531914894,
                "mem_latency": 0.000625,
                "traffic": 268435456,
                "energy": 3756756354.2,
                "traffic_energy": 49475965368.54528,
                "traffic_energy_foreach": {
                    "DRAM": 8375186227.2,
                    "L3": 41053562811.1872,
                    "reg_file": 47216330.15808,
                    "traffic": {
                        "DRAM": {
                            "read": 16777216.0,
                            "write": 16777216.0,
                            "update": 0,
                            "leak": 0
                        },
                        "L3": {
                            "read": 5242880.0,
                            "write": 1310720.0,
                            "update": 0,
                            "leak": 0
                        },
                        "reg_file_2d": {
                            "read": 11534336.0,
                            "write": 11538432.0,
                            "update": 0,
                            "leak": 0
                        },
                        "reg_file_1d": {
                            "read": 0,
                            "write": 0,
                            "update": 0,
                            "leak": 0
                        }
                    }
                },
                "mac_instances": 65536,
                "mac_utilized_instances": 16384
            },
            "factors": {
                "DRAM": {
                    "B": 64,
                    "H": 16,
                    "F": 1,
                    "P": 1,
                    "M": 4,
                    "N": 1
                },
                "L3": {
                    "B": 1,
                    "H": 1,
                    "F": 1,
                    "P": 1024,
                    "M": 1,
                    "N": 1
                },
                "PE": {
                    "B": 1,
                    "H": 1,
                    "F": 64,
                    "P": 1,
                    "M": 1,
                    "N": 1
                },
                "PE_col": {
                    "B": 1,
                    "H": 1,
                    "F": 1,
                    "P": 1,
                    "M": 1,
                    "N": 256
                },
                "reg_file": {
                    "B": 1,
                    "H": 1,
                    "F": 1,
                    "P": 1,
                    "M": 1,
                    "N": 1
                }
            }
        }
    }
}