{
    "latency": 1.7134178042553192,
    "energy": 1268391843487780.5,
    "energy_rsts": {
        "DRAM": 804017877811.2,
        "L3": 59723817691767.63,
        "reg_file": 19698480688.00512,
        "PE": 1207844309437513.8,
        "total": 1268391843487780.5
    },
    "tl_rsts": {
        "FQK": {
            "tl_rst": {
                "comp_latency": 0.5711392680851064,
                "mem_latency": 0.03,
                "traffic": 12884901888,
                "energy": 1923459253352.27,
                "traffic_energy": 15361874646609.69,
                "traffic_energy_foreach": {
                    "DRAM": 402008938905.6,
                    "L3": 14953282866505.58,
                    "reg_file": 6582841198.51008,
                    "traffic": {
                        "DRAM": {
                            "read": 1610612736.0,
                            "write": 0.0,
                            "update": 0,
                            "leak": 0
                        },
                        "L3": {
                            "read": 1073741824.0,
                            "write": 1098907648.0,
                            "update": 0,
                            "leak": 0
                        },
                        "reg_file_2d": {
                            "read": 1606418432.0,
                            "write": 1610612736.0,
                            "update": 0,
                            "leak": 0
                        },
                        "reg_file_1d": {
                            "read": 0,
                            "write": 0,
                            "update": 0,
                            "leak": 0
                        }
                    }
                },
                "mac_instances": 65536,
                "mac_utilized_instances": 65536
            },
            "factors": {
                "DRAM": {
                    "B": 64,
                    "H": 16,
                    "M": 64,
                    "N": 1,
                    "P": 2,
                    "E": 1
                },
                "L3": {
                    "B": 1,
                    "H": 1,
                    "M": 1,
                    "N": 1,
                    "P": 32,
                    "E": 128
                },
                "PE": {
                    "B": 1,
                    "H": 1,
                    "M": 1,
                    "N": 1,
                    "P": 256,
                    "E": 1
                },
                "PE_col": {
                    "B": 1,
                    "H": 1,
                    "M": 1,
                    "N": 256,
                    "P": 1,
                    "E": 1
                },
                "reg_file": {
                    "B": 1,
                    "H": 1,
                    "M": 1,
                    "N": 1,
                    "P": 1,
                    "E": 1
                }
            }
        },
        "FAV": {
            "tl_rst": {
                "comp_latency": 1.1422785361702128,
                "mem_latency": 0.03,
                "traffic": 12884901888,
                "energy": 1923459253352.27,
                "traffic_energy": 14266029010340.674,
                "traffic_energy_foreach": {
                    "DRAM": 402008938905.6,
                    "L3": 13850904431945.58,
                    "reg_file": 13115639489.49504,
                    "traffic": {
                        "DRAM": {
                            "read": 1073741824.0,
                            "write": 536870912.0,
                            "update": 0,
                            "leak": 0
                        },
                        "L3": {
                            "read": 1619001344.0,
                            "write": 553648128.0,
                            "update": 0,
                            "leak": 0
                        },
                        "reg_file_2d": {
                            "read": 3204448256.0,
                            "write": 3204579328.0,
                            "update": 0,
                            "leak": 0
                        },
                        "reg_file_1d": {
                            "read": 0,
                            "write": 0,
                            "update": 0,
                            "leak": 0
                        }
                    }
                },
                "mac_instances": 65536,
                "mac_utilized_instances": 32768
            },
            "factors": {
                "DRAM": {
                    "B": 64,
                    "H": 16,
                    "F": 1,
                    "P": 2,
                    "M": 64,
                    "N": 1
                },
                "L3": {
                    "B": 1,
                    "H": 1,
                    "F": 1,
                    "P": 8192,
                    "M": 1,
                    "N": 1
                },
                "PE": {
                    "B": 1,
                    "H": 1,
                    "F": 128,
                    "P": 1,
                    "M": 1,
                    "N": 1
                },
                "PE_col": {
                    "B": 1,
                    "H": 1,
                    "F": 1,
                    "P": 1,
                    "M": 1,
                    "N": 256
                },
                "reg_file": {
                    "B": 1,
                    "H": 1,
                    "F": 1,
                    "P": 1,
                    "M": 1,
                    "N": 1
                }
            }
        }
    }
}