{
    "latency": 22.845570723404258,
    "energy": 1.038825718957971e+16,
    "energy_rsts": {
        "DRAM": 4824107266867.2,
        "L3": 720415343346546.9,
        "reg_file": 263263466186.3424,
        "PE": 9662754475500110.0,
        "total": 1.038825718957971e+16
    },
    "tl_rsts": {
        "FQK": {
            "tl_rst": {
                "comp_latency": 4.569114144680851,
                "mem_latency": 0.18,
                "traffic": 77309411328,
                "energy": 15387674026818.14,
                "traffic_energy": 189397294083379.03,
                "traffic_energy_foreach": {
                    "DRAM": 2412053633433.6,
                    "L3": 186932651219159.62,
                    "reg_file": 52589230785.82272,
                    "traffic": {
                        "DRAM": {
                            "read": 9663676416.0,
                            "write": 0.0,
                            "update": 0,
                            "leak": 0
                        },
                        "L3": {
                            "read": 8589934592.0,
                            "write": 17330864128.0,
                            "update": 0,
                            "leak": 0
                        },
                        "reg_file_2d": {
                            "read": 12817793024.0,
                            "write": 12884901888.0,
                            "update": 0,
                            "leak": 0
                        },
                        "reg_file_1d": {
                            "read": 0,
                            "write": 0,
                            "update": 0,
                            "leak": 0
                        }
                    }
                },
                "mac_instances": 65536,
                "mac_utilized_instances": 65536
            },
            "factors": {
                "DRAM": {
                    "B": 64,
                    "H": 16,
                    "M": 256,
                    "N": 1,
                    "P": 8,
                    "E": 1
                },
                "L3": {
                    "B": 1,
                    "H": 1,
                    "M": 1,
                    "N": 1,
                    "P": 32,
                    "E": 64
                },
                "PE": {
                    "B": 1,
                    "H": 1,
                    "M": 1,
                    "N": 1,
                    "P": 256,
                    "E": 1
                },
                "PE_col": {
                    "B": 1,
                    "H": 1,
                    "M": 1,
                    "N": 256,
                    "P": 1,
                    "E": 1
                },
                "reg_file": {
                    "B": 1,
                    "H": 1,
                    "M": 1,
                    "N": 1,
                    "P": 1,
                    "E": 1
                }
            }
        },
        "FAV": {
            "tl_rst": {
                "comp_latency": 18.276456578723405,
                "mem_latency": 0.18,
                "traffic": 77309411328,
                "energy": 15387674026818.14,
                "traffic_energy": 164061288880523.97,
                "traffic_energy_foreach": {
                    "DRAM": 2412053633433.6,
                    "L3": 161438561011689.84,
                    "reg_file": 210674235400.51968,
                    "traffic": {
                        "DRAM": {
                            "read": 8589934592.0,
                            "write": 1073741824.0,
                            "update": 0,
                            "leak": 0
                        },
                        "L3": {
                            "read": 21592276992.0,
                            "write": 4429185024.0,
                            "update": 0,
                            "leak": 0
                        },
                        "reg_file_2d": {
                            "read": 51472498688.0,
                            "write": 51474595840.0,
                            "update": 0,
                            "leak": 0
                        },
                        "reg_file_1d": {
                            "read": 0,
                            "write": 0,
                            "update": 0,
                            "leak": 0
                        }
                    }
                },
                "mac_instances": 65536,
                "mac_utilized_instances": 16384
            },
            "factors": {
                "DRAM": {
                    "B": 64,
                    "H": 16,
                    "F": 1,
                    "P": 8,
                    "M": 256,
                    "N": 1
                },
                "L3": {
                    "B": 1,
                    "H": 1,
                    "F": 1,
                    "P": 8192,
                    "M": 1,
                    "N": 1
                },
                "PE": {
                    "B": 1,
                    "H": 1,
                    "F": 64,
                    "P": 1,
                    "M": 1,
                    "N": 1
                },
                "PE_col": {
                    "B": 1,
                    "H": 1,
                    "F": 1,
                    "P": 1,
                    "M": 1,
                    "N": 256
                },
                "reg_file": {
                    "B": 1,
                    "H": 1,
                    "F": 1,
                    "P": 1,
                    "M": 1,
                    "N": 1
                }
            }
        }
    }
}