{
    "latency": 11.422785361702129,
    "energy": 5194128594789855.0,
    "energy_rsts": {
        "DRAM": 2412053633433.6,
        "L3": 360207671673273.44,
        "reg_file": 131631733093.1712,
        "PE": 4831377237750055.0,
        "total": 5194128594789855.0
    },
    "tl_rsts": {
        "FQK": {
            "tl_rst": {
                "comp_latency": 2.2845570723404256,
                "mem_latency": 0.09,
                "traffic": 38654705664,
                "energy": 7693837013409.07,
                "traffic_energy": 94698647041689.52,
                "traffic_energy_foreach": {
                    "DRAM": 1206026816716.8,
                    "L3": 93466325609579.81,
                    "reg_file": 26294615392.91136,
                    "traffic": {
                        "DRAM": {
                            "read": 4831838208.0,
                            "write": 0.0,
                            "update": 0,
                            "leak": 0
                        },
                        "L3": {
                            "read": 4294967296.0,
                            "write": 8665432064.0,
                            "update": 0,
                            "leak": 0
                        },
                        "reg_file_2d": {
                            "read": 6408896512.0,
                            "write": 6442450944.0,
                            "update": 0,
                            "leak": 0
                        },
                        "reg_file_1d": {
                            "read": 0,
                            "write": 0,
                            "update": 0,
                            "leak": 0
                        }
                    }
                },
                "mac_instances": 65536,
                "mac_utilized_instances": 65536
            },
            "factors": {
                "DRAM": {
                    "B": 64,
                    "H": 8,
                    "M": 256,
                    "N": 1,
                    "P": 8,
                    "E": 1
                },
                "L3": {
                    "B": 1,
                    "H": 1,
                    "M": 1,
                    "N": 1,
                    "P": 32,
                    "E": 64
                },
                "PE": {
                    "B": 1,
                    "H": 1,
                    "M": 1,
                    "N": 1,
                    "P": 256,
                    "E": 1
                },
                "PE_col": {
                    "B": 1,
                    "H": 1,
                    "M": 1,
                    "N": 256,
                    "P": 1,
                    "E": 1
                },
                "reg_file": {
                    "B": 1,
                    "H": 1,
                    "M": 1,
                    "N": 1,
                    "P": 1,
                    "E": 1
                }
            }
        },
        "FAV": {
            "tl_rst": {
                "comp_latency": 9.138228289361702,
                "mem_latency": 0.09,
                "traffic": 38654705664,
                "energy": 7693837013409.07,
                "traffic_energy": 82030644440261.98,
                "traffic_energy_foreach": {
                    "DRAM": 1206026816716.8,
                    "L3": 80719280505844.92,
                    "reg_file": 105337117700.25984,
                    "traffic": {
                        "DRAM": {
                            "read": 4294967296.0,
                            "write": 536870912.0,
                            "update": 0,
                            "leak": 0
                        },
                        "L3": {
                            "read": 10796138496.0,
                            "write": 2214592512.0,
                            "update": 0,
                            "leak": 0
                        },
                        "reg_file_2d": {
                            "read": 25736249344.0,
                            "write": 25737297920.0,
                            "update": 0,
                            "leak": 0
                        },
                        "reg_file_1d": {
                            "read": 0,
                            "write": 0,
                            "update": 0,
                            "leak": 0
                        }
                    }
                },
                "mac_instances": 65536,
                "mac_utilized_instances": 16384
            },
            "factors": {
                "DRAM": {
                    "B": 64,
                    "H": 8,
                    "F": 1,
                    "P": 8,
                    "M": 256,
                    "N": 1
                },
                "L3": {
                    "B": 1,
                    "H": 1,
                    "F": 1,
                    "P": 8192,
                    "M": 1,
                    "N": 1
                },
                "PE": {
                    "B": 1,
                    "H": 1,
                    "F": 64,
                    "P": 1,
                    "M": 1,
                    "N": 1
                },
                "PE_col": {
                    "B": 1,
                    "H": 1,
                    "F": 1,
                    "P": 1,
                    "M": 1,
                    "N": 256
                },
                "reg_file": {
                    "B": 1,
                    "H": 1,
                    "F": 1,
                    "P": 1,
                    "M": 1,
                    "N": 1
                }
            }
        }
    }
}