{
    "latency": 2339.386442076596,
    "energy": 1.8126047652864104e+16,
    "energy_rsts": {
        "DRAM": 4824107266867.2,
        "L3": 8430983913868558.0,
        "reg_file": 27485156228569.496,
        "PE": 9662754475500110.0,
        "total": 1.8126047652864104e+16
    },
    "tl_rsts": {
        "FQK": {
            "tl_rst": {
                "comp_latency": 1169.693221038298,
                "mem_latency": 2.4,
                "traffic": 77309411328,
                "energy": 15387674026818.14,
                "traffic_energy": 2008602037766869.2,
                "traffic_energy_foreach": {
                    "DRAM": 2412053633433.6,
                    "L3": 1992727141052265.2,
                    "reg_file": 13462843081170.617,
                    "traffic": {
                        "DRAM": {
                            "read": 9663676416.0,
                            "write": 0.0,
                            "update": 0,
                            "leak": 0
                        },
                        "L3": {
                            "read": 137438953472.0,
                            "write": 17330864128.0,
                            "update": 0,
                            "leak": 0
                        },
                        "reg_file_2d": {
                            "read": 3281355014144.0,
                            "write": 3298534883328.0,
                            "update": 0,
                            "leak": 0
                        },
                        "reg_file_1d": {
                            "read": 0,
                            "write": 0,
                            "update": 0,
                            "leak": 0
                        }
                    }
                },
                "mac_instances": 256,
                "mac_utilized_instances": 256
            },
            "factors": {
                "DRAM": {
                    "B": 64,
                    "H": 16,
                    "M": 4096,
                    "N": 1,
                    "P": 8,
                    "E": 1
                },
                "L3": {
                    "B": 1,
                    "H": 1,
                    "M": 1,
                    "N": 1,
                    "P": 512,
                    "E": 64
                },
                "PE": {
                    "B": 1,
                    "H": 1,
                    "M": 1,
                    "N": 1,
                    "P": 16,
                    "E": 1
                },
                "PE_col": {
                    "B": 1,
                    "H": 1,
                    "M": 1,
                    "N": 16,
                    "P": 1,
                    "E": 1
                },
                "reg_file": {
                    "B": 1,
                    "H": 1,
                    "M": 1,
                    "N": 1,
                    "P": 1,
                    "E": 1
                }
            }
        },
        "FAV": {
            "tl_rst": {
                "comp_latency": 1169.693221038298,
                "mem_latency": 2.4,
                "traffic": 77309411328,
                "energy": 15387674026818.14,
                "traffic_energy": 1.5933534384359626e+16,
                "traffic_energy_foreach": {
                    "DRAM": 2412053633433.6,
                    "L3": 1.5917100017578794e+16,
                    "reg_file": 14022313147398.88,
                    "traffic": {
                        "DRAM": {
                            "read": 8589934592.0,
                            "write": 1073741824.0,
                            "update": 0,
                            "leak": 0
                        },
                        "L3": {
                            "read": 1185394196480.0,
                            "write": 68853694464.0,
                            "update": 0,
                            "leak": 0
                        },
                        "reg_file_2d": {
                            "read": 3298266447872.0,
                            "write": 3573144354816.0,
                            "update": 0,
                            "leak": 0
                        },
                        "reg_file_1d": {
                            "read": 0,
                            "write": 0,
                            "update": 0,
                            "leak": 0
                        }
                    }
                },
                "mac_instances": 256,
                "mac_utilized_instances": 256
            },
            "factors": {
                "DRAM": {
                    "B": 64,
                    "H": 16,
                    "F": 1,
                    "P": 8,
                    "M": 4096,
                    "N": 1
                },
                "L3": {
                    "B": 1,
                    "H": 1,
                    "F": 4,
                    "P": 8192,
                    "M": 1,
                    "N": 1
                },
                "PE": {
                    "B": 1,
                    "H": 1,
                    "F": 16,
                    "P": 1,
                    "M": 1,
                    "N": 1
                },
                "PE_col": {
                    "B": 1,
                    "H": 1,
                    "F": 1,
                    "P": 1,
                    "M": 1,
                    "N": 16
                },
                "reg_file": {
                    "B": 1,
                    "H": 1,
                    "F": 1,
                    "P": 1,
                    "M": 1,
                    "N": 1
                }
            }
        }
    }
}