{
    "latency": 449162.1968787064,
    "energy": 3.4994414321048463e+18,
    "energy_rsts": {
        "DRAM": 829746449901158.4,
        "L3": 1.6380719781277146e+18,
        "reg_file": 5290848231209734.0,
        "PE": 1.855248859296021e+18,
        "total": 3.4994414321048463e+18
    },
    "tl_rsts": {
        "FQK": {
            "tl_rst": {
                "comp_latency": 224581.0984393532,
                "mem_latency": 412.8,
                "traffic": 13297218748416,
                "energy": 2954433413149083.5,
                "traffic_energy": 4.2684306006837165e+17,
                "traffic_energy_foreach": {
                    "DRAM": 414873224950579.2,
                    "L3": 4.238298204973684e+17,
                    "reg_file": 2598366346052685.0,
                    "traffic": {
                        "DRAM": {
                            "read": 1662152343552.0,
                            "write": 0.0,
                            "update": 0,
                            "leak": 0
                        },
                        "L3": {
                            "read": 29686813949952.0,
                            "write": 3324506013696.0,
                            "update": 0,
                            "leak": 0
                        },
                        "reg_file_2d": {
                            "read": 633318697598976.0,
                            "write": 636617232482304.0,
                            "update": 0,
                            "leak": 0
                        },
                        "reg_file_1d": {
                            "read": 0,
                            "write": 0,
                            "update": 0,
                            "leak": 0
                        }
                    }
                },
                "mac_instances": 256,
                "mac_utilized_instances": 256
            },
            "factors": {
                "DRAM": {
                    "B": 64,
                    "H": 12,
                    "M": 65536,
                    "N": 1,
                    "P": 128,
                    "E": 1
                },
                "L3": {
                    "B": 1,
                    "H": 1,
                    "M": 1,
                    "N": 1,
                    "P": 512,
                    "E": 64
                },
                "PE": {
                    "B": 1,
                    "H": 1,
                    "M": 1,
                    "N": 1,
                    "P": 16,
                    "E": 1
                },
                "PE_col": {
                    "B": 1,
                    "H": 1,
                    "M": 1,
                    "N": 16,
                    "P": 1,
                    "E": 1
                },
                "reg_file": {
                    "B": 1,
                    "H": 1,
                    "M": 1,
                    "N": 1,
                    "P": 1,
                    "E": 1
                }
            }
        },
        "FAV": {
            "tl_rst": {
                "comp_latency": 224581.0984393532,
                "mem_latency": 412.8,
                "traffic": 13297218748416,
                "energy": 2954433413149083.5,
                "traffic_energy": 3.059228345756873e+18,
                "traffic_energy_foreach": {
                    "DRAM": 414873224950579.2,
                    "L3": 3.0561209906467656e+18,
                    "reg_file": 2692481885157049.0,
                    "traffic": {
                        "DRAM": {
                            "read": 1649267441664.0,
                            "write": 12884901888.0,
                            "update": 0,
                            "leak": 0
                        },
                        "L3": {
                            "read": 227598705623040.0,
                            "write": 13219909337088.0,
                            "update": 0,
                            "leak": 0
                        },
                        "reg_file_2d": {
                            "read": 633315476373504.0,
                            "write": 686092034506752.0,
                            "update": 0,
                            "leak": 0
                        },
                        "reg_file_1d": {
                            "read": 0,
                            "write": 0,
                            "update": 0,
                            "leak": 0
                        }
                    }
                },
                "mac_instances": 256,
                "mac_utilized_instances": 256
            },
            "factors": {
                "DRAM": {
                    "B": 64,
                    "H": 12,
                    "F": 1,
                    "P": 128,
                    "M": 65536,
                    "N": 1
                },
                "L3": {
                    "B": 1,
                    "H": 1,
                    "F": 4,
                    "P": 8192,
                    "M": 1,
                    "N": 1
                },
                "PE": {
                    "B": 1,
                    "H": 1,
                    "F": 16,
                    "P": 1,
                    "M": 1,
                    "N": 1
                },
                "PE_col": {
                    "B": 1,
                    "H": 1,
                    "F": 1,
                    "P": 1,
                    "M": 1,
                    "N": 16
                },
                "reg_file": {
                    "B": 1,
                    "H": 1,
                    "F": 1,
                    "P": 1,
                    "M": 1,
                    "N": 1
                }
            }
        }
    }
}