{
    "latency": 149720.73229290213,
    "energy": 1.1528795341042806e+18,
    "energy_rsts": {
        "DRAM": 557452395282431.94,
        "L3": 5.321622223329868e+17,
        "reg_file": 1743572944004327.8,
        "PE": 6.18416286432007e+17,
        "total": 1.1528795341042806e+18
    },
    "tl_rsts": {
        "FQK": {
            "tl_rst": {
                "comp_latency": 74860.36614645107,
                "mem_latency": 277.3333333333333,
                "traffic": 8933531975680,
                "energy": 984811137716361.1,
                "traffic_energy": 1.2013925162441072e+17,
                "traffic_energy_foreach": {
                    "DRAM": 278726197641216.0,
                    "L3": 1.1899769926519838e+17,
                    "reg_file": 862826161571113.2,
                    "traffic": {
                        "DRAM": {
                            "read": 1116691496960.0,
                            "write": 0.0,
                            "update": 0,
                            "leak": 0
                        },
                        "L3": {
                            "read": 8796093022208.0,
                            "write": 567204118528.0,
                            "update": 0,
                            "leak": 0
                        },
                        "reg_file_2d": {
                            "read": 210556476719104.0,
                            "write": 211106232532992.0,
                            "update": 0,
                            "leak": 0
                        },
                        "reg_file_1d": {
                            "read": 0,
                            "write": 0,
                            "update": 0,
                            "leak": 0
                        }
                    }
                },
                "mac_instances": 256,
                "mac_utilized_instances": 256
            },
            "factors": {
                "DRAM": {
                    "B": 64,
                    "H": 32,
                    "M": 16384,
                    "N": 1,
                    "P": 64,
                    "E": 1
                },
                "L3": {
                    "B": 1,
                    "H": 1,
                    "M": 1,
                    "N": 1,
                    "P": 256,
                    "E": 128
                },
                "PE": {
                    "B": 1,
                    "H": 1,
                    "M": 1,
                    "N": 1,
                    "P": 16,
                    "E": 1
                },
                "PE_col": {
                    "B": 1,
                    "H": 1,
                    "M": 1,
                    "N": 16,
                    "P": 1,
                    "E": 1
                },
                "reg_file": {
                    "B": 1,
                    "H": 1,
                    "M": 1,
                    "N": 1,
                    "P": 1,
                    "E": 1
                }
            }
        },
        "FAV": {
            "tl_rst": {
                "comp_latency": 74860.36614645107,
                "mem_latency": 277.3333333333333,
                "traffic": 8933531975680,
                "energy": 984811137716361.1,
                "traffic_energy": 1.0131202918546835e+18,
                "traffic_energy_foreach": {
                    "DRAM": 278726197641216.0,
                    "L3": 1.0119608188746092e+18,
                    "reg_file": 880746782433214.5,
                    "traffic": {
                        "DRAM": {
                            "read": 1099511627776.0,
                            "write": 17179869184.0,
                            "update": 0,
                            "leak": 0
                        },
                        "L3": {
                            "read": 75316278067200.0,
                            "write": 4415226380288.0,
                            "update": 0,
                            "leak": 0
                        },
                        "reg_file_2d": {
                            "read": 211101937565696.0,
                            "write": 219898030587904.0,
                            "update": 0,
                            "leak": 0
                        },
                        "reg_file_1d": {
                            "read": 0,
                            "write": 0,
                            "update": 0,
                            "leak": 0
                        }
                    }
                },
                "mac_instances": 256,
                "mac_utilized_instances": 256
            },
            "factors": {
                "DRAM": {
                    "B": 64,
                    "H": 32,
                    "F": 1,
                    "P": 64,
                    "M": 16384,
                    "N": 1
                },
                "L3": {
                    "B": 1,
                    "H": 1,
                    "F": 8,
                    "P": 4096,
                    "M": 1,
                    "N": 1
                },
                "PE": {
                    "B": 1,
                    "H": 1,
                    "F": 16,
                    "P": 1,
                    "M": 1,
                    "N": 1
                },
                "PE_col": {
                    "B": 1,
                    "H": 1,
                    "F": 1,
                    "P": 1,
                    "M": 1,
                    "N": 16
                },
                "reg_file": {
                    "B": 1,
                    "H": 1,
                    "F": 1,
                    "P": 1,
                    "M": 1,
                    "N": 1
                }
            }
        }
    }
}