{
    "latency": 4.569114144680851,
    "energy": 35431609293760.11,
    "energy_rsts": {
        "DRAM": 33500744908.8,
        "L3": 16471891455770.625,
        "reg_file": 53649758119.5264,
        "PE": 18872567334961.152,
        "total": 35431609293760.11
    },
    "tl_rsts": {
        "FQK": {
            "tl_rst": {
                "comp_latency": 2.2845570723404256,
                "mem_latency": 0.016666666666666666,
                "traffic": 536870912,
                "energy": 30054050833.63,
                "traffic_energy": 3946961493995.5522,
                "traffic_energy_foreach": {
                    "DRAM": 16750372454.4,
                    "L3": 3903916506148.241,
                    "reg_file": 26294615392.91136,
                    "traffic": {
                        "DRAM": {
                            "read": 67108864.0,
                            "write": 0.0,
                            "update": 0,
                            "leak": 0
                        },
                        "L3": {
                            "read": 268435456.0,
                            "write": 34603008.0,
                            "update": 0,
                            "leak": 0
                        },
                        "reg_file_2d": {
                            "read": 6408896512.0,
                            "write": 6442450944.0,
                            "update": 0,
                            "leak": 0
                        },
                        "reg_file_1d": {
                            "read": 0,
                            "write": 0,
                            "update": 0,
                            "leak": 0
                        }
                    }
                },
                "mac_instances": 256,
                "mac_utilized_instances": 256
            },
            "factors": {
                "DRAM": {
                    "B": 64,
                    "H": 8,
                    "M": 256,
                    "N": 1,
                    "P": 1,
                    "E": 1
                },
                "L3": {
                    "B": 1,
                    "H": 1,
                    "M": 1,
                    "N": 1,
                    "P": 256,
                    "E": 64
                },
                "PE": {
                    "B": 1,
                    "H": 1,
                    "M": 1,
                    "N": 1,
                    "P": 16,
                    "E": 1
                },
                "PE_col": {
                    "B": 1,
                    "H": 1,
                    "M": 1,
                    "N": 16,
                    "P": 1,
                    "E": 1
                },
                "reg_file": {
                    "B": 1,
                    "H": 1,
                    "M": 1,
                    "N": 1,
                    "P": 1,
                    "E": 1
                }
            }
        },
        "FAV": {
            "tl_rst": {
                "comp_latency": 2.2845570723404256,
                "mem_latency": 0.016666666666666666,
                "traffic": 536870912,
                "energy": 30054050833.63,
                "traffic_energy": 31130170365818.434,
                "traffic_energy_foreach": {
                    "DRAM": 16750372454.4,
                    "L3": 31086064850637.42,
                    "reg_file": 27355142726.61504,
                    "traffic": {
                        "DRAM": {
                            "read": 33554432.0,
                            "write": 33554432.0,
                            "update": 0,
                            "leak": 0
                        },
                        "L3": {
                            "read": 2314731520.0,
                            "write": 134742016.0,
                            "update": 0,
                            "leak": 0
                        },
                        "reg_file_2d": {
                            "read": 6434062336.0,
                            "write": 6970933248.0,
                            "update": 0,
                            "leak": 0
                        },
                        "reg_file_1d": {
                            "read": 0,
                            "write": 0,
                            "update": 0,
                            "leak": 0
                        }
                    }
                },
                "mac_instances": 256,
                "mac_utilized_instances": 256
            },
            "factors": {
                "DRAM": {
                    "B": 64,
                    "H": 8,
                    "F": 1,
                    "P": 1,
                    "M": 256,
                    "N": 1
                },
                "L3": {
                    "B": 1,
                    "H": 1,
                    "F": 4,
                    "P": 4096,
                    "M": 1,
                    "N": 1
                },
                "PE": {
                    "B": 1,
                    "H": 1,
                    "F": 16,
                    "P": 1,
                    "M": 1,
                    "N": 1
                },
                "PE_col": {
                    "B": 1,
                    "H": 1,
                    "F": 1,
                    "P": 1,
                    "M": 1,
                    "N": 16
                },
                "reg_file": {
                    "B": 1,
                    "H": 1,
                    "F": 1,
                    "P": 1,
                    "M": 1,
                    "N": 1
                }
            }
        }
    }
}