{
    "latency": 18715.091536612767,
    "energy": 1.4500496822741146e+17,
    "energy_rsts": {
        "DRAM": 35376786623692.8,
        "L3": 6.744766779492978e+16,
        "reg_file": 219887841857104.78,
        "PE": 7.730203580400088e+16,
        "total": 1.4500496822741146e+17
    },
    "tl_rsts": {
        "FQK": {
            "tl_rst": {
                "comp_latency": 9357.545768306383,
                "mem_latency": 17.6,
                "traffic": 566935683072,
                "energy": 123101392214545.14,
                "traffic_energy": 1.606562267244134e+16,
                "traffic_energy_foreach": {
                    "DRAM": 17688393311846.4,
                    "L3": 1.594023153448013e+16,
                    "reg_file": 107702744649364.94,
                    "traffic": {
                        "DRAM": {
                            "read": 70866960384.0,
                            "write": 0.0,
                            "update": 0,
                            "leak": 0
                        },
                        "L3": {
                            "read": 1099511627776.0,
                            "write": 138546249728.0,
                            "update": 0,
                            "leak": 0
                        },
                        "reg_file_2d": {
                            "read": 26250840113152.0,
                            "write": 26388279066624.0,
                            "update": 0,
                            "leak": 0
                        },
                        "reg_file_1d": {
                            "read": 0,
                            "write": 0,
                            "update": 0,
                            "leak": 0
                        }
                    }
                },
                "mac_instances": 256,
                "mac_utilized_instances": 256
            },
            "factors": {
                "DRAM": {
                    "B": 64,
                    "H": 8,
                    "M": 16384,
                    "N": 1,
                    "P": 32,
                    "E": 1
                },
                "L3": {
                    "B": 1,
                    "H": 1,
                    "M": 1,
                    "N": 1,
                    "P": 512,
                    "E": 64
                },
                "PE": {
                    "B": 1,
                    "H": 1,
                    "M": 1,
                    "N": 1,
                    "P": 16,
                    "E": 1
                },
                "PE_col": {
                    "B": 1,
                    "H": 1,
                    "M": 1,
                    "N": 16,
                    "P": 1,
                    "E": 1
                },
                "reg_file": {
                    "B": 1,
                    "H": 1,
                    "M": 1,
                    "N": 1,
                    "P": 1,
                    "E": 1
                }
            }
        },
        "FAV": {
            "tl_rst": {
                "comp_latency": 9357.545768306383,
                "mem_latency": 17.6,
                "traffic": 566935683072,
                "energy": 123101392214545.14,
                "traffic_energy": 1.2746793320687117e+17,
                "traffic_energy_foreach": {
                    "DRAM": 17688393311846.4,
                    "L3": 1.2733805971635158e+17,
                    "reg_file": 112185097207739.84,
                    "traffic": {
                        "DRAM": {
                            "read": 68719476736.0,
                            "write": 2147483648.0,
                            "update": 0,
                            "leak": 0
                        },
                        "L3": {
                            "read": 9483254235136.0,
                            "write": 550829555712.0,
                            "update": 0,
                            "leak": 0
                        },
                        "reg_file_2d": {
                            "read": 26387742195712.0,
                            "write": 28586765451264.0,
                            "update": 0,
                            "leak": 0
                        },
                        "reg_file_1d": {
                            "read": 0,
                            "write": 0,
                            "update": 0,
                            "leak": 0
                        }
                    }
                },
                "mac_instances": 256,
                "mac_utilized_instances": 256
            },
            "factors": {
                "DRAM": {
                    "B": 64,
                    "H": 8,
                    "F": 1,
                    "P": 32,
                    "M": 16384,
                    "N": 1
                },
                "L3": {
                    "B": 1,
                    "H": 1,
                    "F": 4,
                    "P": 8192,
                    "M": 1,
                    "N": 1
                },
                "PE": {
                    "B": 1,
                    "H": 1,
                    "F": 16,
                    "P": 1,
                    "M": 1,
                    "N": 1
                },
                "PE_col": {
                    "B": 1,
                    "H": 1,
                    "F": 1,
                    "P": 1,
                    "M": 1,
                    "N": 16
                },
                "reg_file": {
                    "B": 1,
                    "H": 1,
                    "F": 1,
                    "P": 1,
                    "M": 1,
                    "N": 1
                }
            }
        }
    }
}