{
    "latency": 73.10582631489362,
    "energy": 566492317206712.5,
    "energy_rsts": {
        "DRAM": 201004469452.8,
        "L3": 263471427246184.47,
        "reg_file": 858808131696.7219,
        "PE": 301961077359378.44,
        "total": 566492317206712.5
    },
    "tl_rsts": {
        "FQK": {
            "tl_rst": {
                "comp_latency": 36.55291315744681,
                "mem_latency": 0.1,
                "traffic": 3221225472,
                "energy": 480864813338.07,
                "traffic_energy": 62818714144177.38,
                "traffic_energy_foreach": {
                    "DRAM": 100502234726.4,
                    "L3": 62297498063164.41,
                    "reg_file": 420713846286.5818,
                    "traffic": {
                        "DRAM": {
                            "read": 402653184.0,
                            "write": 0.0,
                            "update": 0,
                            "leak": 0
                        },
                        "L3": {
                            "read": 4294967296.0,
                            "write": 543162368.0,
                            "update": 0,
                            "leak": 0
                        },
                        "reg_file_2d": {
                            "read": 102542344192.0,
                            "write": 103079215104.0,
                            "update": 0,
                            "leak": 0
                        },
                        "reg_file_1d": {
                            "read": 0,
                            "write": 0,
                            "update": 0,
                            "leak": 0
                        }
                    }
                },
                "mac_instances": 256,
                "mac_utilized_instances": 256
            },
            "factors": {
                "DRAM": {
                    "B": 64,
                    "H": 8,
                    "M": 1024,
                    "N": 1,
                    "P": 2,
                    "E": 1
                },
                "L3": {
                    "B": 1,
                    "H": 1,
                    "M": 1,
                    "N": 1,
                    "P": 512,
                    "E": 64
                },
                "PE": {
                    "B": 1,
                    "H": 1,
                    "M": 1,
                    "N": 1,
                    "P": 16,
                    "E": 1
                },
                "PE_col": {
                    "B": 1,
                    "H": 1,
                    "M": 1,
                    "N": 16,
                    "P": 1,
                    "E": 1
                },
                "reg_file": {
                    "B": 1,
                    "H": 1,
                    "M": 1,
                    "N": 1,
                    "P": 1,
                    "E": 1
                }
            }
        },
        "FAV": {
            "tl_rst": {
                "comp_latency": 36.55291315744681,
                "mem_latency": 0.1,
                "traffic": 3221225472,
                "energy": 480864813338.07,
                "traffic_energy": 497928291198829.5,
                "traffic_energy_foreach": {
                    "DRAM": 100502234726.4,
                    "L3": 497389694678693.0,
                    "reg_file": 438094285410.14014,
                    "traffic": {
                        "DRAM": {
                            "read": 268435456.0,
                            "write": 134217728.0,
                            "update": 0,
                            "leak": 0
                        },
                        "L3": {
                            "read": 37041995776.0,
                            "write": 2151677952.0,
                            "update": 0,
                            "leak": 0
                        },
                        "reg_file_2d": {
                            "read": 103045660672.0,
                            "write": 111635595264.0,
                            "update": 0,
                            "leak": 0
                        },
                        "reg_file_1d": {
                            "read": 0,
                            "write": 0,
                            "update": 0,
                            "leak": 0
                        }
                    }
                },
                "mac_instances": 256,
                "mac_utilized_instances": 256
            },
            "factors": {
                "DRAM": {
                    "B": 64,
                    "H": 8,
                    "F": 1,
                    "P": 2,
                    "M": 1024,
                    "N": 1
                },
                "L3": {
                    "B": 1,
                    "H": 1,
                    "F": 4,
                    "P": 8192,
                    "M": 1,
                    "N": 1
                },
                "PE": {
                    "B": 1,
                    "H": 1,
                    "F": 16,
                    "P": 1,
                    "M": 1,
                    "N": 1
                },
                "PE_col": {
                    "B": 1,
                    "H": 1,
                    "F": 1,
                    "P": 1,
                    "M": 1,
                    "N": 16
                },
                "reg_file": {
                    "B": 1,
                    "H": 1,
                    "F": 1,
                    "P": 1,
                    "M": 1,
                    "N": 1
                }
            }
        }
    }
}