{
    "latency": 146.21165262978724,
    "energy": 1132984634413425.0,
    "energy_rsts": {
        "DRAM": 402008938905.6,
        "L3": 526942854492368.94,
        "reg_file": 1717616263393.4438,
        "PE": 603922154718756.9,
        "total": 1132984634413425.0
    },
    "tl_rsts": {
        "FQK": {
            "tl_rst": {
                "comp_latency": 73.10582631489362,
                "mem_latency": 0.2,
                "traffic": 6442450944,
                "energy": 961729626676.13,
                "traffic_energy": 125637428288354.77,
                "traffic_energy_foreach": {
                    "DRAM": 201004469452.8,
                    "L3": 124594996126328.81,
                    "reg_file": 841427692573.1636,
                    "traffic": {
                        "DRAM": {
                            "read": 805306368.0,
                            "write": 0.0,
                            "update": 0,
                            "leak": 0
                        },
                        "L3": {
                            "read": 8589934592.0,
                            "write": 1086324736.0,
                            "update": 0,
                            "leak": 0
                        },
                        "reg_file_2d": {
                            "read": 205084688384.0,
                            "write": 206158430208.0,
                            "update": 0,
                            "leak": 0
                        },
                        "reg_file_1d": {
                            "read": 0,
                            "write": 0,
                            "update": 0,
                            "leak": 0
                        }
                    }
                },
                "mac_instances": 256,
                "mac_utilized_instances": 256
            },
            "factors": {
                "DRAM": {
                    "B": 64,
                    "H": 16,
                    "M": 1024,
                    "N": 1,
                    "P": 2,
                    "E": 1
                },
                "L3": {
                    "B": 1,
                    "H": 1,
                    "M": 1,
                    "N": 1,
                    "P": 512,
                    "E": 64
                },
                "PE": {
                    "B": 1,
                    "H": 1,
                    "M": 1,
                    "N": 1,
                    "P": 16,
                    "E": 1
                },
                "PE_col": {
                    "B": 1,
                    "H": 1,
                    "M": 1,
                    "N": 16,
                    "P": 1,
                    "E": 1
                },
                "reg_file": {
                    "B": 1,
                    "H": 1,
                    "M": 1,
                    "N": 1,
                    "P": 1,
                    "E": 1
                }
            }
        },
        "FAV": {
            "tl_rst": {
                "comp_latency": 73.10582631489362,
                "mem_latency": 0.2,
                "traffic": 6442450944,
                "energy": 961729626676.13,
                "traffic_energy": 995856582397659.0,
                "traffic_energy_foreach": {
                    "DRAM": 201004469452.8,
                    "L3": 994779389357386.0,
                    "reg_file": 876188570820.2803,
                    "traffic": {
                        "DRAM": {
                            "read": 536870912.0,
                            "write": 268435456.0,
                            "update": 0,
                            "leak": 0
                        },
                        "L3": {
                            "read": 74083991552.0,
                            "write": 4303355904.0,
                            "update": 0,
                            "leak": 0
                        },
                        "reg_file_2d": {
                            "read": 206091321344.0,
                            "write": 223271190528.0,
                            "update": 0,
                            "leak": 0
                        },
                        "reg_file_1d": {
                            "read": 0,
                            "write": 0,
                            "update": 0,
                            "leak": 0
                        }
                    }
                },
                "mac_instances": 256,
                "mac_utilized_instances": 256
            },
            "factors": {
                "DRAM": {
                    "B": 64,
                    "H": 16,
                    "F": 1,
                    "P": 2,
                    "M": 1024,
                    "N": 1
                },
                "L3": {
                    "B": 1,
                    "H": 1,
                    "F": 4,
                    "P": 8192,
                    "M": 1,
                    "N": 1
                },
                "PE": {
                    "B": 1,
                    "H": 1,
                    "F": 16,
                    "P": 1,
                    "M": 1,
                    "N": 1
                },
                "PE_col": {
                    "B": 1,
                    "H": 1,
                    "F": 1,
                    "P": 1,
                    "M": 1,
                    "N": 16
                },
                "reg_file": {
                    "B": 1,
                    "H": 1,
                    "F": 1,
                    "P": 1,
                    "M": 1,
                    "N": 1
                }
            }
        }
    }
}