{
    "latency": 292.4233052595745,
    "energy": 2251984480320969.0,
    "energy_rsts": {
        "DRAM": 1340029796352.0,
        "L3": 1039395240183074.9,
        "reg_file": 3404900904028.078,
        "PE": 1207844309437513.8,
        "total": 2251984480320969.0
    },
    "tl_rsts": {
        "FQK": {
            "tl_rst": {
                "comp_latency": 146.21165262978724,
                "mem_latency": 0.6666666666666666,
                "traffic": 21474836480,
                "energy": 1923459253352.27,
                "traffic_energy": 234896478148740.78,
                "traffic_energy_foreach": {
                    "DRAM": 670014898176.0,
                    "L3": 232541255903746.2,
                    "reg_file": 1685207346818.5806,
                    "traffic": {
                        "DRAM": {
                            "read": 2684354560.0,
                            "write": 0.0,
                            "update": 0,
                            "leak": 0
                        },
                        "L3": {
                            "read": 17179869184.0,
                            "write": 1115684864.0,
                            "update": 0,
                            "leak": 0
                        },
                        "reg_file_2d": {
                            "read": 411243118592.0,
                            "write": 412316860416.0,
                            "update": 0,
                            "leak": 0
                        },
                        "reg_file_1d": {
                            "read": 0,
                            "write": 0,
                            "update": 0,
                            "leak": 0
                        }
                    }
                },
                "mac_instances": 256,
                "mac_utilized_instances": 256
            },
            "factors": {
                "DRAM": {
                    "B": 64,
                    "H": 16,
                    "M": 1024,
                    "N": 1,
                    "P": 4,
                    "E": 1
                },
                "L3": {
                    "B": 1,
                    "H": 1,
                    "M": 1,
                    "N": 1,
                    "P": 256,
                    "E": 128
                },
                "PE": {
                    "B": 1,
                    "H": 1,
                    "M": 1,
                    "N": 1,
                    "P": 16,
                    "E": 1
                },
                "PE_col": {
                    "B": 1,
                    "H": 1,
                    "M": 1,
                    "N": 16,
                    "P": 1,
                    "E": 1
                },
                "reg_file": {
                    "B": 1,
                    "H": 1,
                    "M": 1,
                    "N": 1,
                    "P": 1,
                    "E": 1
                }
            }
        },
        "FAV": {
            "tl_rst": {
                "comp_latency": 146.21165262978724,
                "mem_latency": 0.6666666666666666,
                "traffic": 21474836480,
                "energy": 1923459253352.27,
                "traffic_energy": 1978777278466635.0,
                "traffic_energy_foreach": {
                    "DRAM": 670014898176.0,
                    "L3": 1976387570011249.5,
                    "reg_file": 1719693557209.4976,
                    "traffic": {
                        "DRAM": {
                            "read": 2147483648.0,
                            "write": 536870912.0,
                            "update": 0,
                            "leak": 0
                        },
                        "L3": {
                            "read": 147094241280.0,
                            "write": 8623489024.0,
                            "update": 0,
                            "leak": 0
                        },
                        "reg_file_2d": {
                            "read": 412182642688.0,
                            "write": 429362511872.0,
                            "update": 0,
                            "leak": 0
                        },
                        "reg_file_1d": {
                            "read": 0,
                            "write": 0,
                            "update": 0,
                            "leak": 0
                        }
                    }
                },
                "mac_instances": 256,
                "mac_utilized_instances": 256
            },
            "factors": {
                "DRAM": {
                    "B": 64,
                    "H": 16,
                    "F": 1,
                    "P": 4,
                    "M": 1024,
                    "N": 1
                },
                "L3": {
                    "B": 1,
                    "H": 1,
                    "F": 8,
                    "P": 4096,
                    "M": 1,
                    "N": 1
                },
                "PE": {
                    "B": 1,
                    "H": 1,
                    "F": 16,
                    "P": 1,
                    "M": 1,
                    "N": 1
                },
                "PE_col": {
                    "B": 1,
                    "H": 1,
                    "F": 1,
                    "P": 1,
                    "M": 1,
                    "N": 16
                },
                "reg_file": {
                    "B": 1,
                    "H": 1,
                    "F": 1,
                    "P": 1,
                    "M": 1,
                    "N": 1
                }
            }
        }
    }
}