{
    "latency": 299441.46458580426,
    "energy": 2.332960954736564e+18,
    "energy_rsts": {
        "DRAM": 553164299934105.56,
        "L3": 1.0920479854184764e+18,
        "reg_file": 3527232154139823.0,
        "PE": 1.236832572864014e+18,
        "total": 2.332960954736564e+18
    },
    "tl_rsts": {
        "FQK": {
            "tl_rst": {
                "comp_latency": 149720.73229290213,
                "mem_latency": 275.2,
                "traffic": 8864812498944,
                "energy": 1969622275432722.2,
                "traffic_energy": 2.845620400455811e+17,
                "traffic_energy_foreach": {
                    "DRAM": 276582149967052.78,
                    "L3": 2.8255321366491226e+17,
                    "reg_file": 1732244230701790.0,
                    "traffic": {
                        "DRAM": {
                            "read": 1108101562368.0,
                            "write": 0.0,
                            "update": 0,
                            "leak": 0
                        },
                        "L3": {
                            "read": 19791209299968.0,
                            "write": 2216337342464.0,
                            "update": 0,
                            "leak": 0
                        },
                        "reg_file_2d": {
                            "read": 422212465065984.0,
                            "write": 424411488321536.0,
                            "update": 0,
                            "leak": 0
                        },
                        "reg_file_1d": {
                            "read": 0,
                            "write": 0,
                            "update": 0,
                            "leak": 0
                        }
                    }
                },
                "mac_instances": 256,
                "mac_utilized_instances": 256
            },
            "factors": {
                "DRAM": {
                    "B": 64,
                    "H": 8,
                    "M": 65536,
                    "N": 1,
                    "P": 128,
                    "E": 1
                },
                "L3": {
                    "B": 1,
                    "H": 1,
                    "M": 1,
                    "N": 1,
                    "P": 512,
                    "E": 64
                },
                "PE": {
                    "B": 1,
                    "H": 1,
                    "M": 1,
                    "N": 1,
                    "P": 16,
                    "E": 1
                },
                "PE_col": {
                    "B": 1,
                    "H": 1,
                    "M": 1,
                    "N": 16,
                    "P": 1,
                    "E": 1
                },
                "reg_file": {
                    "B": 1,
                    "H": 1,
                    "M": 1,
                    "N": 1,
                    "P": 1,
                    "E": 1
                }
            }
        },
        "FAV": {
            "tl_rst": {
                "comp_latency": 149720.73229290213,
                "mem_latency": 275.2,
                "traffic": 8864812498944,
                "energy": 1969622275432722.2,
                "traffic_energy": 2.0394855638379156e+18,
                "traffic_energy_foreach": {
                    "DRAM": 276582149967052.78,
                    "L3": 2.0374139937645105e+18,
                    "reg_file": 1794987923438032.5,
                    "traffic": {
                        "DRAM": {
                            "read": 1099511627776.0,
                            "write": 8589934592.0,
                            "update": 0,
                            "leak": 0
                        },
                        "L3": {
                            "read": 151732470415360.0,
                            "write": 8813272891392.0,
                            "update": 0,
                            "leak": 0
                        },
                        "reg_file_2d": {
                            "read": 422210317582336.0,
                            "write": 457394689671168.0,
                            "update": 0,
                            "leak": 0
                        },
                        "reg_file_1d": {
                            "read": 0,
                            "write": 0,
                            "update": 0,
                            "leak": 0
                        }
                    }
                },
                "mac_instances": 256,
                "mac_utilized_instances": 256
            },
            "factors": {
                "DRAM": {
                    "B": 64,
                    "H": 8,
                    "F": 1,
                    "P": 128,
                    "M": 65536,
                    "N": 1
                },
                "L3": {
                    "B": 1,
                    "H": 1,
                    "F": 4,
                    "P": 8192,
                    "M": 1,
                    "N": 1
                },
                "PE": {
                    "B": 1,
                    "H": 1,
                    "F": 16,
                    "P": 1,
                    "M": 1,
                    "N": 1
                },
                "PE_col": {
                    "B": 1,
                    "H": 1,
                    "F": 1,
                    "P": 1,
                    "M": 1,
                    "N": 16
                },
                "reg_file": {
                    "B": 1,
                    "H": 1,
                    "F": 1,
                    "P": 1,
                    "M": 1,
                    "N": 1
                }
            }
        }
    }
}