{
    "latency": 0.4283544510638298,
    "energy": 3333748319667.0933,
    "energy_rsts": {
        "DRAM": 12562779340.8,
        "L3": 1546862344141.7993,
        "reg_file": 5020008531.88608,
        "PE": 1769303187652.608,
        "total": 3333748319667.0933
    },
    "tl_rsts": {
        "FQK": {
            "tl_rst": {
                "comp_latency": 0.2141772255319149,
                "mem_latency": 0.00625,
                "traffic": 201326592,
                "energy": 2817567265.65,
                "traffic_energy": 379383977055.0928,
                "traffic_energy_foreach": {
                    "DRAM": 6281389670.4,
                    "L3": 370637467191.6073,
                    "reg_file": 2465120193.0854397,
                    "traffic": {
                        "DRAM": {
                            "read": 25165824.0,
                            "write": 0.0,
                            "update": 0,
                            "leak": 0
                        },
                        "L3": {
                            "read": 25165824.0,
                            "write": 3538944.0,
                            "update": 0,
                            "leak": 0
                        },
                        "reg_file_2d": {
                            "read": 600834048.0,
                            "write": 603979776.0,
                            "update": 0,
                            "leak": 0
                        },
                        "reg_file_1d": {
                            "read": 0,
                            "write": 0,
                            "update": 0,
                            "leak": 0
                        }
                    }
                },
                "mac_instances": 256,
                "mac_utilized_instances": 256
            },
            "factors": {
                "DRAM": {
                    "B": 64,
                    "H": 12,
                    "M": 64,
                    "N": 1,
                    "P": 1,
                    "E": 1
                },
                "L3": {
                    "B": 1,
                    "H": 1,
                    "M": 1,
                    "N": 1,
                    "P": 64,
                    "E": 64
                },
                "PE": {
                    "B": 1,
                    "H": 1,
                    "M": 1,
                    "N": 1,
                    "P": 16,
                    "E": 1
                },
                "PE_col": {
                    "B": 1,
                    "H": 1,
                    "M": 1,
                    "N": 16,
                    "P": 1,
                    "E": 1
                },
                "reg_file": {
                    "B": 1,
                    "H": 1,
                    "M": 1,
                    "N": 1,
                    "P": 1,
                    "E": 1
                }
            }
        },
        "FAV": {
            "tl_rst": {
                "comp_latency": 0.2141772255319149,
                "mem_latency": 0.00625,
                "traffic": 201326592,
                "energy": 2817567265.65,
                "traffic_energy": 2923632423503.6587,
                "traffic_energy_foreach": {
                    "DRAM": 6281389670.4,
                    "L3": 2914796145494.458,
                    "reg_file": 2554888338.80064,
                    "traffic": {
                        "DRAM": {
                            "read": 12582912.0,
                            "write": 12582912.0,
                            "update": 0,
                            "leak": 0
                        },
                        "L3": {
                            "read": 216858624.0,
                            "write": 12779520.0,
                            "update": 0,
                            "leak": 0
                        },
                        "reg_file_2d": {
                            "read": 600834048.0,
                            "write": 651165696.0,
                            "update": 0,
                            "leak": 0
                        },
                        "reg_file_1d": {
                            "read": 0,
                            "write": 0,
                            "update": 0,
                            "leak": 0
                        }
                    }
                },
                "mac_instances": 256,
                "mac_utilized_instances": 256
            },
            "factors": {
                "DRAM": {
                    "B": 64,
                    "H": 12,
                    "F": 1,
                    "P": 1,
                    "M": 64,
                    "N": 1
                },
                "L3": {
                    "B": 1,
                    "H": 1,
                    "F": 4,
                    "P": 1024,
                    "M": 1,
                    "N": 1
                },
                "PE": {
                    "B": 1,
                    "H": 1,
                    "F": 16,
                    "P": 1,
                    "M": 1,
                    "N": 1
                },
                "PE_col": {
                    "B": 1,
                    "H": 1,
                    "F": 1,
                    "P": 1,
                    "M": 1,
                    "N": 16
                },
                "reg_file": {
                    "B": 1,
                    "H": 1,
                    "F": 1,
                    "P": 1,
                    "M": 1,
                    "N": 1
                }
            }
        }
    }
}