{
    "latency": 9357.545768306383,
    "energy": 7.205667737926823e+16,
    "energy_rsts": {
        "DRAM": 36448810460774.4,
        "L3": 3.326024065382102e+16,
        "reg_file": 108970012985996.08,
        "PE": 3.865101790200044e+16,
        "total": 7.205667737926823e+16
    },
    "tl_rsts": {
        "FQK": {
            "tl_rst": {
                "comp_latency": 4678.772884153192,
                "mem_latency": 18.133333333333333,
                "traffic": 584115552256,
                "energy": 61550696107272.57,
                "traffic_energy": 7510300041372477.0,
                "traffic_energy_foreach": {
                    "DRAM": 18224405230387.2,
                    "L3": 7438149001043895.0,
                    "reg_file": 53926635098194.58,
                    "traffic": {
                        "DRAM": {
                            "read": 73014444032.0,
                            "write": 0.0,
                            "update": 0,
                            "leak": 0
                        },
                        "L3": {
                            "read": 549755813888.0,
                            "write": 35500589056.0,
                            "update": 0,
                            "leak": 0
                        },
                        "reg_file_2d": {
                            "read": 13159779794944.0,
                            "write": 13194139533312.0,
                            "update": 0,
                            "leak": 0
                        },
                        "reg_file_1d": {
                            "read": 0,
                            "write": 0,
                            "update": 0,
                            "leak": 0
                        }
                    }
                },
                "mac_instances": 256,
                "mac_utilized_instances": 256
            },
            "factors": {
                "DRAM": {
                    "B": 64,
                    "H": 32,
                    "M": 4096,
                    "N": 1,
                    "P": 16,
                    "E": 1
                },
                "L3": {
                    "B": 1,
                    "H": 1,
                    "M": 1,
                    "N": 1,
                    "P": 256,
                    "E": 128
                },
                "PE": {
                    "B": 1,
                    "H": 1,
                    "M": 1,
                    "N": 1,
                    "P": 16,
                    "E": 1
                },
                "PE_col": {
                    "B": 1,
                    "H": 1,
                    "M": 1,
                    "N": 16,
                    "P": 1,
                    "E": 1
                },
                "reg_file": {
                    "B": 1,
                    "H": 1,
                    "M": 1,
                    "N": 1,
                    "P": 1,
                    "E": 1
                }
            }
        },
        "FAV": {
            "tl_rst": {
                "comp_latency": 4678.772884153192,
                "mem_latency": 18.133333333333333,
                "traffic": 584115552256,
                "energy": 61550696107272.57,
                "traffic_energy": 6.332018917492064e+16,
                "traffic_energy_foreach": {
                    "DRAM": 18224405230387.2,
                    "L3": 6.3246921391802456e+16,
                    "reg_file": 55043377887801.51,
                    "traffic": {
                        "DRAM": {
                            "read": 68719476736.0,
                            "write": 4294967296.0,
                            "update": 0,
                            "leak": 0
                        },
                        "L3": {
                            "read": 4707217047552.0,
                            "write": 275951648768.0,
                            "update": 0,
                            "leak": 0
                        },
                        "reg_file_2d": {
                            "read": 13193065791488.0,
                            "write": 13742821605376.0,
                            "update": 0,
                            "leak": 0
                        },
                        "reg_file_1d": {
                            "read": 0,
                            "write": 0,
                            "update": 0,
                            "leak": 0
                        }
                    }
                },
                "mac_instances": 256,
                "mac_utilized_instances": 256
            },
            "factors": {
                "DRAM": {
                    "B": 64,
                    "H": 32,
                    "F": 1,
                    "P": 16,
                    "M": 4096,
                    "N": 1
                },
                "L3": {
                    "B": 1,
                    "H": 1,
                    "F": 8,
                    "P": 4096,
                    "M": 1,
                    "N": 1
                },
                "PE": {
                    "B": 1,
                    "H": 1,
                    "F": 16,
                    "P": 1,
                    "M": 1,
                    "N": 1
                },
                "PE_col": {
                    "B": 1,
                    "H": 1,
                    "F": 1,
                    "P": 1,
                    "M": 1,
                    "N": 16
                },
                "reg_file": {
                    "B": 1,
                    "H": 1,
                    "F": 1,
                    "P": 1,
                    "M": 1,
                    "N": 1
                }
            }
        }
    }
}