{
    "latency": 182.76456578723406,
    "energy": 8.484657721231613e+16,
    "energy_rsts": {
        "DRAM": 0.0,
        "L3": 7542431231812835.0,
        "reg_file": 2110176502417.9814,
        "PE": 7.730203580400088e+16,
        "total": 8.484657721231613e+16
    },
    "tl_rsts": {
        "FQK": {
            "tl_rst": {
                "comp_latency": 36.55291315744681,
                "mem_latency": 0.0,
                "traffic": 0,
                "energy": 123101392214545.14,
                "traffic_energy": 2291745547195315.5,
                "traffic_energy_foreach": {
                    "DRAM": 0.0,
                    "L3": 2291322636006179.5,
                    "reg_file": 422911189136.1792,
                    "traffic": {
                        "DRAM": {
                            "read": 0.0,
                            "write": 0.0,
                            "update": 0,
                            "leak": 0
                        },
                        "L3": {
                            "read": 206158430208.0,
                            "write": 137438953472.0,
                            "update": 0,
                            "leak": 0
                        },
                        "reg_file_2d": {
                            "read": 103079215104.0,
                            "write": 103616086016.0,
                            "update": 0,
                            "leak": 0
                        },
                        "reg_file_1d": {
                            "read": 0,
                            "write": 0,
                            "update": 0,
                            "leak": 0
                        }
                    }
                },
                "mac_instances": 65536,
                "mac_utilized_instances": 65536
            },
            "factors": {
                "DRAM": {
                    "B": 64,
                    "H": 1,
                    "M": 1024,
                    "N": 1,
                    "P": 256,
                    "E": 1
                },
                "L3": {
                    "B": 1,
                    "H": 8,
                    "M": 1,
                    "N": 1,
                    "P": 4,
                    "E": 64
                },
                "PE": {
                    "B": 1,
                    "H": 1,
                    "M": 1,
                    "N": 1,
                    "P": 256,
                    "E": 1
                },
                "PE_col": {
                    "B": 1,
                    "H": 1,
                    "M": 1,
                    "N": 256,
                    "P": 1,
                    "E": 1
                },
                "reg_file": {
                    "B": 1,
                    "H": 1,
                    "M": 1,
                    "N": 1,
                    "P": 1,
                    "E": 1
                }
            }
        },
        "FAV": {
            "tl_rst": {
                "comp_latency": 146.21165262978724,
                "mem_latency": 0.0,
                "traffic": 0,
                "energy": 123101392214545.14,
                "traffic_energy": 1329367084741873.8,
                "traffic_energy_foreach": {
                    "DRAM": 0.0,
                    "L3": 1327679819428592.0,
                    "reg_file": 1687265313281.8022,
                    "traffic": {
                        "DRAM": {
                            "read": 0.0,
                            "write": 0.0,
                            "update": 0,
                            "leak": 0
                        },
                        "L3": {
                            "read": 180355072000.0,
                            "write": 34359738368.0,
                            "update": 0,
                            "leak": 0
                        },
                        "reg_file_2d": {
                            "read": 412182642688.0,
                            "write": 412316860416.0,
                            "update": 0,
                            "leak": 0
                        },
                        "reg_file_1d": {
                            "read": 0,
                            "write": 0,
                            "update": 0,
                            "leak": 0
                        }
                    }
                },
                "mac_instances": 65536,
                "mac_utilized_instances": 16384
            },
            "factors": {
                "DRAM": {
                    "B": 64,
                    "H": 1,
                    "F": 1,
                    "P": 256,
                    "M": 1024,
                    "N": 1
                },
                "L3": {
                    "B": 1,
                    "H": 8,
                    "F": 1,
                    "P": 1024,
                    "M": 1,
                    "N": 1
                },
                "PE": {
                    "B": 1,
                    "H": 1,
                    "F": 64,
                    "P": 1,
                    "M": 1,
                    "N": 1
                },
                "PE_col": {
                    "B": 1,
                    "H": 1,
                    "F": 1,
                    "P": 1,
                    "M": 1,
                    "N": 256
                },
                "reg_file": {
                    "B": 1,
                    "H": 1,
                    "F": 1,
                    "P": 1,
                    "M": 1,
                    "N": 1
                }
            }
        }
    }
}