{
    "latency": 0.006693038297872341,
    "energy": 4955080487720.952,
    "energy_rsts": {
        "DRAM": 0.0,
        "L3": 236865715634.7003,
        "reg_file": 72938345.96351999,
        "PE": 4718141833740.288,
        "total": 4955080487720.952
    },
    "tl_rsts": {
        "FQK": {
            "tl_rst": {
                "comp_latency": 0.002231012765957447,
                "mem_latency": 0.0,
                "traffic": 0,
                "energy": 7513512708.41,
                "traffic_energy": 57662175088.951294,
                "traffic_energy_foreach": {
                    "DRAM": 0.0,
                    "L3": 57636460865.519615,
                    "reg_file": 25714223.43168,
                    "traffic": {
                        "DRAM": {
                            "read": 0.0,
                            "write": 0.0,
                            "update": 0,
                            "leak": 0
                        },
                        "L3": {
                            "read": 4194304.0,
                            "write": 4194304.0,
                            "update": 0,
                            "leak": 0
                        },
                        "reg_file_2d": {
                            "read": 6275072.0,
                            "write": 6291456.0,
                            "update": 0,
                            "leak": 0
                        },
                        "reg_file_1d": {
                            "read": 0,
                            "write": 0,
                            "update": 0,
                            "leak": 0
                        }
                    }
                },
                "mac_instances": 65536,
                "mac_utilized_instances": 65536
            },
            "factors": {
                "DRAM": {
                    "B": 64,
                    "H": 1,
                    "M": 4,
                    "N": 1,
                    "P": 2,
                    "E": 1
                },
                "L3": {
                    "B": 1,
                    "H": 16,
                    "M": 1,
                    "N": 1,
                    "P": 2,
                    "E": 128
                },
                "PE": {
                    "B": 1,
                    "H": 1,
                    "M": 1,
                    "N": 1,
                    "P": 256,
                    "E": 1
                },
                "PE_col": {
                    "B": 1,
                    "H": 1,
                    "M": 1,
                    "N": 256,
                    "P": 1,
                    "E": 1
                },
                "reg_file": {
                    "B": 1,
                    "H": 1,
                    "M": 1,
                    "N": 1,
                    "P": 1,
                    "E": 1
                }
            }
        },
        "FAV": {
            "tl_rst": {
                "comp_latency": 0.004462025531914894,
                "mem_latency": 0.0,
                "traffic": 0,
                "energy": 7513512708.41,
                "traffic_energy": 56516057104.14643,
                "traffic_energy_foreach": {
                    "DRAM": 0.0,
                    "L3": 56468832981.61459,
                    "reg_file": 47224122.53184,
                    "traffic": {
                        "DRAM": {
                            "read": 0.0,
                            "write": 0.0,
                            "update": 0,
                            "leak": 0
                        },
                        "L3": {
                            "read": 6815744.0,
                            "write": 2097152.0,
                            "update": 0,
                            "leak": 0
                        },
                        "reg_file_2d": {
                            "read": 11534336.0,
                            "write": 11542528.0,
                            "update": 0,
                            "leak": 0
                        },
                        "reg_file_1d": {
                            "read": 0,
                            "write": 0,
                            "update": 0,
                            "leak": 0
                        }
                    }
                },
                "mac_instances": 65536,
                "mac_utilized_instances": 32768
            },
            "factors": {
                "DRAM": {
                    "B": 64,
                    "H": 1,
                    "F": 1,
                    "P": 2,
                    "M": 4,
                    "N": 1
                },
                "L3": {
                    "B": 1,
                    "H": 16,
                    "F": 1,
                    "P": 512,
                    "M": 1,
                    "N": 1
                },
                "PE": {
                    "B": 1,
                    "H": 1,
                    "F": 128,
                    "P": 1,
                    "M": 1,
                    "N": 1
                },
                "PE_col": {
                    "B": 1,
                    "H": 1,
                    "F": 1,
                    "P": 1,
                    "M": 1,
                    "N": 256
                },
                "reg_file": {
                    "B": 1,
                    "H": 1,
                    "F": 1,
                    "P": 1,
                    "M": 1,
                    "N": 1
                }
            }
        }
    }
}