{
    "latency": 14036.318652459575,
    "energy": 1.054288986754048e+19,
    "energy_rsts": {
        "DRAM": 0.0,
        "L3": 6.480671569897848e+17,
        "reg_file": 162127638581445.94,
        "PE": 9.894660582912113e+18,
        "total": 1.054288986754048e+19
    },
    "tl_rsts": {
        "FQK": {
            "tl_rst": {
                "comp_latency": 4678.772884153192,
                "mem_latency": 0.0,
                "traffic": 0,
                "energy": 1.5756978203461778e+16,
                "traffic_energy": 1.7247094549678534e+17,
                "traffic_energy_foreach": {
                    "DRAM": 0.0,
                    "L3": 1.7241687823174477e+17,
                    "reg_file": 54067265040568.81,
                    "traffic": {
                        "DRAM": {
                            "read": 0.0,
                            "write": 0.0,
                            "update": 0,
                            "leak": 0
                        },
                        "L3": {
                            "read": 17592186044416.0,
                            "write": 8796093022208.0,
                            "update": 0,
                            "leak": 0
                        },
                        "reg_file_2d": {
                            "read": 13194139533312.0,
                            "write": 13228499271680.0,
                            "update": 0,
                            "leak": 0
                        },
                        "reg_file_1d": {
                            "read": 0,
                            "write": 0,
                            "update": 0,
                            "leak": 0
                        }
                    }
                },
                "mac_instances": 65536,
                "mac_utilized_instances": 65536
            },
            "factors": {
                "DRAM": {
                    "B": 64,
                    "H": 1,
                    "M": 4096,
                    "N": 1,
                    "P": 4096,
                    "E": 1
                },
                "L3": {
                    "B": 1,
                    "H": 32,
                    "M": 1,
                    "N": 1,
                    "P": 1,
                    "E": 128
                },
                "PE": {
                    "B": 1,
                    "H": 1,
                    "M": 1,
                    "N": 1,
                    "P": 256,
                    "E": 1
                },
                "PE_col": {
                    "B": 1,
                    "H": 1,
                    "M": 1,
                    "N": 256,
                    "P": 1,
                    "E": 1
                },
                "reg_file": {
                    "B": 1,
                    "H": 1,
                    "M": 1,
                    "N": 1,
                    "P": 1,
                    "E": 1
                }
            }
        },
        "FAV": {
            "tl_rst": {
                "comp_latency": 9357.545768306383,
                "mem_latency": 0.0,
                "traffic": 0,
                "energy": 1.5756978203461778e+16,
                "traffic_energy": 1.3785466649588741e+17,
                "traffic_energy_foreach": {
                    "DRAM": 0.0,
                    "L3": 1.3774660612234653e+17,
                    "reg_file": 108060373540877.11,
                    "traffic": {
                        "DRAM": {
                            "read": 0.0,
                            "write": 0.0,
                            "update": 0,
                            "leak": 0
                        },
                        "L3": {
                            "read": 17591112302592.0,
                            "write": 4398046511104.0,
                            "update": 0,
                            "leak": 0
                        },
                        "reg_file_2d": {
                            "read": 26386131582976.0,
                            "write": 26420491321344.0,
                            "update": 0,
                            "leak": 0
                        },
                        "reg_file_1d": {
                            "read": 0,
                            "write": 0,
                            "update": 0,
                            "leak": 0
                        }
                    }
                },
                "mac_instances": 65536,
                "mac_utilized_instances": 32768
            },
            "factors": {
                "DRAM": {
                    "B": 64,
                    "H": 1,
                    "F": 1,
                    "P": 4096,
                    "M": 4096,
                    "N": 1
                },
                "L3": {
                    "B": 1,
                    "H": 32,
                    "F": 1,
                    "P": 256,
                    "M": 1,
                    "N": 1
                },
                "PE": {
                    "B": 1,
                    "H": 1,
                    "F": 128,
                    "P": 1,
                    "M": 1,
                    "N": 1
                },
                "PE_col": {
                    "B": 1,
                    "H": 1,
                    "F": 1,
                    "P": 1,
                    "M": 1,
                    "N": 256
                },
                "reg_file": {
                    "B": 1,
                    "H": 1,
                    "F": 1,
                    "P": 1,
                    "M": 1,
                    "N": 1
                }
            }
        }
    }
}