{
    "latency": 1.427848170212766,
    "energy": 650218845535073.2,
    "energy_rsts": {
        "DRAM": 0.0,
        "L3": 46280284609563.33,
        "reg_file": 16406206753.01376,
        "PE": 603922154718756.9,
        "total": 650218845535073.2
    },
    "tl_rsts": {
        "FQK": {
            "tl_rst": {
                "comp_latency": 0.2855696340425532,
                "mem_latency": 0.0,
                "traffic": 0,
                "energy": 961729626676.13,
                "traffic_energy": 11612196696271.879,
                "traffic_energy_foreach": {
                    "DRAM": 0.0,
                    "L3": 11608909869347.766,
                    "reg_file": 3286826924.11392,
                    "traffic": {
                        "DRAM": {
                            "read": 0.0,
                            "write": 0.0,
                            "update": 0,
                            "leak": 0
                        },
                        "L3": {
                            "read": 536870912.0,
                            "write": 1073741824.0,
                            "update": 0,
                            "leak": 0
                        },
                        "reg_file_2d": {
                            "read": 801112064.0,
                            "write": 805306368.0,
                            "update": 0,
                            "leak": 0
                        },
                        "reg_file_1d": {
                            "read": 0,
                            "write": 0,
                            "update": 0,
                            "leak": 0
                        }
                    }
                },
                "mac_instances": 65536,
                "mac_utilized_instances": 65536
            },
            "factors": {
                "DRAM": {
                    "B": 64,
                    "H": 1,
                    "M": 64,
                    "N": 1,
                    "P": 32,
                    "E": 1
                },
                "L3": {
                    "B": 1,
                    "H": 16,
                    "M": 1,
                    "N": 1,
                    "P": 2,
                    "E": 64
                },
                "PE": {
                    "B": 1,
                    "H": 1,
                    "M": 1,
                    "N": 1,
                    "P": 256,
                    "E": 1
                },
                "PE_col": {
                    "B": 1,
                    "H": 1,
                    "M": 1,
                    "N": 256,
                    "P": 1,
                    "E": 1
                },
                "reg_file": {
                    "B": 1,
                    "H": 1,
                    "M": 1,
                    "N": 1,
                    "P": 1,
                    "E": 1
                }
            }
        },
        "FAV": {
            "tl_rst": {
                "comp_latency": 1.1422785361702128,
                "mem_latency": 0.0,
                "traffic": 0,
                "energy": 961729626676.13,
                "traffic_energy": 10755828814352.22,
                "traffic_energy_foreach": {
                    "DRAM": 0.0,
                    "L3": 10742709434523.32,
                    "reg_file": 13119379828.899841,
                    "traffic": {
                        "DRAM": {
                            "read": 0.0,
                            "write": 0.0,
                            "update": 0,
                            "leak": 0
                        },
                        "L3": {
                            "read": 1472200704.0,
                            "write": 268435456.0,
                            "update": 0,
                            "leak": 0
                        },
                        "reg_file_2d": {
                            "read": 3204448256.0,
                            "write": 3206545408.0,
                            "update": 0,
                            "leak": 0
                        },
                        "reg_file_1d": {
                            "read": 0,
                            "write": 0,
                            "update": 0,
                            "leak": 0
                        }
                    }
                },
                "mac_instances": 65536,
                "mac_utilized_instances": 16384
            },
            "factors": {
                "DRAM": {
                    "B": 64,
                    "H": 1,
                    "F": 1,
                    "P": 32,
                    "M": 64,
                    "N": 1
                },
                "L3": {
                    "B": 1,
                    "H": 16,
                    "F": 1,
                    "P": 512,
                    "M": 1,
                    "N": 1
                },
                "PE": {
                    "B": 1,
                    "H": 1,
                    "F": 64,
                    "P": 1,
                    "M": 1,
                    "N": 1
                },
                "PE_col": {
                    "B": 1,
                    "H": 1,
                    "F": 1,
                    "P": 1,
                    "M": 1,
                    "N": 256
                },
                "reg_file": {
                    "B": 1,
                    "H": 1,
                    "F": 1,
                    "P": 1,
                    "M": 1,
                    "N": 1
                }
            }
        }
    }
}