{
    "latency": 0.0669303829787234,
    "energy": 30432256566875.996,
    "energy_rsts": {
        "DRAM": 0.0,
        "L3": 2122646273293.0251,
        "reg_file": 759291141.24288,
        "PE": 28308851002441.727,
        "total": 30432256566875.996
    },
    "tl_rsts": {
        "FQK": {
            "tl_rst": {
                "comp_latency": 0.013386076595744681,
                "mem_latency": 0.0,
                "traffic": 0,
                "energy": 45081076250.44,
                "traffic_energy": 544321720137.7443,
                "traffic_energy_foreach": {
                    "DRAM": 0.0,
                    "L3": 544167650125.6765,
                    "reg_file": 154070012.06783998,
                    "traffic": {
                        "DRAM": {
                            "read": 0.0,
                            "write": 0.0,
                            "update": 0,
                            "leak": 0
                        },
                        "L3": {
                            "read": 25165824.0,
                            "write": 50331648.0,
                            "update": 0,
                            "leak": 0
                        },
                        "reg_file_2d": {
                            "read": 37552128.0,
                            "write": 37748736.0,
                            "update": 0,
                            "leak": 0
                        },
                        "reg_file_1d": {
                            "read": 0,
                            "write": 0,
                            "update": 0,
                            "leak": 0
                        }
                    }
                },
                "mac_instances": 65536,
                "mac_utilized_instances": 65536
            },
            "factors": {
                "DRAM": {
                    "B": 64,
                    "H": 1,
                    "M": 16,
                    "N": 1,
                    "P": 4,
                    "E": 1
                },
                "L3": {
                    "B": 1,
                    "H": 12,
                    "M": 1,
                    "N": 1,
                    "P": 4,
                    "E": 64
                },
                "PE": {
                    "B": 1,
                    "H": 1,
                    "M": 1,
                    "N": 1,
                    "P": 256,
                    "E": 1
                },
                "PE_col": {
                    "B": 1,
                    "H": 1,
                    "M": 1,
                    "N": 256,
                    "P": 1,
                    "E": 1
                },
                "reg_file": {
                    "B": 1,
                    "H": 1,
                    "M": 1,
                    "N": 1,
                    "P": 1,
                    "E": 1
                }
            }
        },
        "FAV": {
            "tl_rst": {
                "comp_latency": 0.053544306382978725,
                "mem_latency": 0.0,
                "traffic": 0,
                "energy": 45081076250.44,
                "traffic_energy": 482279665521.279,
                "traffic_energy_foreach": {
                    "DRAM": 0.0,
                    "L3": 481674444392.10394,
                    "reg_file": 605221129.17504,
                    "traffic": {
                        "DRAM": {
                            "read": 0.0,
                            "write": 0.0,
                            "update": 0,
                            "leak": 0
                        },
                        "L3": {
                            "read": 65273856.0,
                            "write": 12582912.0,
                            "update": 0,
                            "leak": 0
                        },
                        "reg_file_2d": {
                            "read": 147849216.0,
                            "write": 147898368.0,
                            "update": 0,
                            "leak": 0
                        },
                        "reg_file_1d": {
                            "read": 0,
                            "write": 0,
                            "update": 0,
                            "leak": 0
                        }
                    }
                },
                "mac_instances": 65536,
                "mac_utilized_instances": 16384
            },
            "factors": {
                "DRAM": {
                    "B": 64,
                    "H": 1,
                    "F": 1,
                    "P": 4,
                    "M": 16,
                    "N": 1
                },
                "L3": {
                    "B": 1,
                    "H": 12,
                    "F": 1,
                    "P": 1024,
                    "M": 1,
                    "N": 1
                },
                "PE": {
                    "B": 1,
                    "H": 1,
                    "F": 64,
                    "P": 1,
                    "M": 1,
                    "N": 1
                },
                "PE_col": {
                    "B": 1,
                    "H": 1,
                    "F": 1,
                    "P": 1,
                    "M": 1,
                    "N": 256
                },
                "reg_file": {
                    "B": 1,
                    "H": 1,
                    "F": 1,
                    "P": 1,
                    "M": 1,
                    "N": 1
                }
            }
        }
    }
}