{
    "latency": 438.6349578893617,
    "energy": 3.2860417658052243e+17,
    "energy_rsts": {
        "DRAM": 0.0,
        "L3": 1.939096872117885e+16,
        "reg_file": 5064643340088.115,
        "PE": 3.092081432160035e+17,
        "total": 3.2860417658052243e+17
    },
    "tl_rsts": {
        "FQK": {
            "tl_rst": {
                "comp_latency": 146.21165262978724,
                "mem_latency": 0.0,
                "traffic": 0,
                "energy": 492405568858180.56,
                "traffic_energy": 5389717046774542.0,
                "traffic_energy_foreach": {
                    "DRAM": 0.0,
                    "L3": 5388027444742024.0,
                    "reg_file": 1689602032517.7754,
                    "traffic": {
                        "DRAM": {
                            "read": 0.0,
                            "write": 0.0,
                            "update": 0,
                            "leak": 0
                        },
                        "L3": {
                            "read": 549755813888.0,
                            "write": 274877906944.0,
                            "update": 0,
                            "leak": 0
                        },
                        "reg_file_2d": {
                            "read": 412316860416.0,
                            "write": 413390602240.0,
                            "update": 0,
                            "leak": 0
                        },
                        "reg_file_1d": {
                            "read": 0,
                            "write": 0,
                            "update": 0,
                            "leak": 0
                        }
                    }
                },
                "mac_instances": 65536,
                "mac_utilized_instances": 65536
            },
            "factors": {
                "DRAM": {
                    "B": 64,
                    "H": 1,
                    "M": 1024,
                    "N": 1,
                    "P": 512,
                    "E": 1
                },
                "L3": {
                    "B": 1,
                    "H": 16,
                    "M": 1,
                    "N": 1,
                    "P": 2,
                    "E": 128
                },
                "PE": {
                    "B": 1,
                    "H": 1,
                    "M": 1,
                    "N": 1,
                    "P": 256,
                    "E": 1
                },
                "PE_col": {
                    "B": 1,
                    "H": 1,
                    "M": 1,
                    "N": 256,
                    "P": 1,
                    "E": 1
                },
                "reg_file": {
                    "B": 1,
                    "H": 1,
                    "M": 1,
                    "N": 1,
                    "P": 1,
                    "E": 1
                }
            }
        },
        "FAV": {
            "tl_rst": {
                "comp_latency": 292.4233052595745,
                "mem_latency": 0.0,
                "traffic": 0,
                "energy": 492405568858180.56,
                "traffic_energy": 3904675516745024.5,
                "traffic_energy_foreach": {
                    "DRAM": 0.0,
                    "L3": 3901300475437454.0,
                    "reg_file": 3375041307570.34,
                    "traffic": {
                        "DRAM": {
                            "read": 0.0,
                            "write": 0.0,
                            "update": 0,
                            "leak": 0
                        },
                        "L3": {
                            "read": 480902119424.0,
                            "write": 137438953472.0,
                            "update": 0,
                            "leak": 0
                        },
                        "reg_file_2d": {
                            "read": 824365285376.0,
                            "write": 824902156288.0,
                            "update": 0,
                            "leak": 0
                        },
                        "reg_file_1d": {
                            "read": 0,
                            "write": 0,
                            "update": 0,
                            "leak": 0
                        }
                    }
                },
                "mac_instances": 65536,
                "mac_utilized_instances": 32768
            },
            "factors": {
                "DRAM": {
                    "B": 64,
                    "H": 1,
                    "F": 1,
                    "P": 512,
                    "M": 1024,
                    "N": 1
                },
                "L3": {
                    "B": 1,
                    "H": 16,
                    "F": 1,
                    "P": 512,
                    "M": 1,
                    "N": 1
                },
                "PE": {
                    "B": 1,
                    "H": 1,
                    "F": 128,
                    "P": 1,
                    "M": 1,
                    "N": 1
                },
                "PE_col": {
                    "B": 1,
                    "H": 1,
                    "F": 1,
                    "P": 1,
                    "M": 1,
                    "N": 256
                },
                "reg_file": {
                    "B": 1,
                    "H": 1,
                    "F": 1,
                    "P": 1,
                    "M": 1,
                    "N": 1
                }
            }
        }
    }
}