{
    "latency": 0.08924051063829788,
    "energy": 40628824535564.16,
    "energy_rsts": {
        "DRAM": 0.0,
        "L3": 2882677352775.549,
        "reg_file": 1012512866.3039999,
        "PE": 37745134669922.305,
        "total": 40628824535564.16
    },
    "tl_rsts": {
        "FQK": {
            "tl_rst": {
                "comp_latency": 0.017848102127659575,
                "mem_latency": 0.0,
                "traffic": 0,
                "energy": 60108101667.26,
                "traffic_energy": 725762293516.9924,
                "traffic_energy_foreach": {
                    "DRAM": 0.0,
                    "L3": 725556866834.2354,
                    "reg_file": 205426682.75712,
                    "traffic": {
                        "DRAM": {
                            "read": 0.0,
                            "write": 0.0,
                            "update": 0,
                            "leak": 0
                        },
                        "L3": {
                            "read": 33554432.0,
                            "write": 67108864.0,
                            "update": 0,
                            "leak": 0
                        },
                        "reg_file_2d": {
                            "read": 50069504.0,
                            "write": 50331648.0,
                            "update": 0,
                            "leak": 0
                        },
                        "reg_file_1d": {
                            "read": 0,
                            "write": 0,
                            "update": 0,
                            "leak": 0
                        }
                    }
                },
                "mac_instances": 65536,
                "mac_utilized_instances": 65536
            },
            "factors": {
                "DRAM": {
                    "B": 64,
                    "H": 1,
                    "M": 16,
                    "N": 1,
                    "P": 8,
                    "E": 1
                },
                "L3": {
                    "B": 1,
                    "H": 16,
                    "M": 1,
                    "N": 1,
                    "P": 2,
                    "E": 64
                },
                "PE": {
                    "B": 1,
                    "H": 1,
                    "M": 1,
                    "N": 1,
                    "P": 256,
                    "E": 1
                },
                "PE_col": {
                    "B": 1,
                    "H": 1,
                    "M": 1,
                    "N": 256,
                    "P": 1,
                    "E": 1
                },
                "reg_file": {
                    "B": 1,
                    "H": 1,
                    "M": 1,
                    "N": 1,
                    "P": 1,
                    "E": 1
                }
            }
        },
        "FAV": {
            "tl_rst": {
                "comp_latency": 0.0713924085106383,
                "mem_latency": 0.0,
                "traffic": 0,
                "energy": 60108101667.26,
                "traffic_energy": 667617992083.1119,
                "traffic_energy_foreach": {
                    "DRAM": 0.0,
                    "L3": 666810905899.5651,
                    "reg_file": 807086183.54688,
                    "traffic": {
                        "DRAM": {
                            "read": 0.0,
                            "write": 0.0,
                            "update": 0,
                            "leak": 0
                        },
                        "L3": {
                            "read": 91226112.0,
                            "write": 16777216.0,
                            "update": 0,
                            "leak": 0
                        },
                        "reg_file_2d": {
                            "read": 197132288.0,
                            "write": 197263360.0,
                            "update": 0,
                            "leak": 0
                        },
                        "reg_file_1d": {
                            "read": 0,
                            "write": 0,
                            "update": 0,
                            "leak": 0
                        }
                    }
                },
                "mac_instances": 65536,
                "mac_utilized_instances": 16384
            },
            "factors": {
                "DRAM": {
                    "B": 64,
                    "H": 1,
                    "F": 1,
                    "P": 8,
                    "M": 16,
                    "N": 1
                },
                "L3": {
                    "B": 1,
                    "H": 16,
                    "F": 1,
                    "P": 512,
                    "M": 1,
                    "N": 1
                },
                "PE": {
                    "B": 1,
                    "H": 1,
                    "F": 64,
                    "P": 1,
                    "M": 1,
                    "N": 1
                },
                "PE_col": {
                    "B": 1,
                    "H": 1,
                    "F": 1,
                    "P": 1,
                    "M": 1,
                    "N": 256
                },
                "reg_file": {
                    "B": 1,
                    "H": 1,
                    "F": 1,
                    "P": 1,
                    "M": 1,
                    "N": 1
                }
            }
        }
    }
}