{
    "latency": 0.013386076595744681,
    "energy": 9936402167470.49,
    "energy_rsts": {
        "DRAM": 0.0,
        "L3": 499972592128.4915,
        "reg_file": 145907861.42208,
        "PE": 9436283667480.576,
        "total": 9936402167470.49
    },
    "tl_rsts": {
        "FQK": {
            "tl_rst": {
                "comp_latency": 0.004462025531914894,
                "mem_latency": 0.0,
                "traffic": 0,
                "energy": 15027025416.81,
                "traffic_energy": 115324350177.90259,
                "traffic_energy_foreach": {
                    "DRAM": 0.0,
                    "L3": 115272921731.03923,
                    "reg_file": 51428446.86336,
                    "traffic": {
                        "DRAM": {
                            "read": 0.0,
                            "write": 0.0,
                            "update": 0,
                            "leak": 0
                        },
                        "L3": {
                            "read": 8388608.0,
                            "write": 8388608.0,
                            "update": 0,
                            "leak": 0
                        },
                        "reg_file_2d": {
                            "read": 12550144.0,
                            "write": 12582912.0,
                            "update": 0,
                            "leak": 0
                        },
                        "reg_file_1d": {
                            "read": 0,
                            "write": 0,
                            "update": 0,
                            "leak": 0
                        }
                    }
                },
                "mac_instances": 65536,
                "mac_utilized_instances": 65536
            },
            "factors": {
                "DRAM": {
                    "B": 64,
                    "H": 1,
                    "M": 4,
                    "N": 1,
                    "P": 4,
                    "E": 1
                },
                "L3": {
                    "B": 1,
                    "H": 32,
                    "M": 1,
                    "N": 1,
                    "P": 1,
                    "E": 128
                },
                "PE": {
                    "B": 1,
                    "H": 1,
                    "M": 1,
                    "N": 1,
                    "P": 256,
                    "E": 1
                },
                "PE_col": {
                    "B": 1,
                    "H": 1,
                    "M": 1,
                    "N": 256,
                    "P": 1,
                    "E": 1
                },
                "reg_file": {
                    "B": 1,
                    "H": 1,
                    "M": 1,
                    "N": 1,
                    "P": 1,
                    "E": 1
                }
            }
        },
        "FAV": {
            "tl_rst": {
                "comp_latency": 0.008924051063829787,
                "mem_latency": 0.0,
                "traffic": 0,
                "energy": 15027025416.81,
                "traffic_energy": 125321302066.1678,
                "traffic_energy_foreach": {
                    "DRAM": 0.0,
                    "L3": 125226822651.60909,
                    "reg_file": 94479414.55872,
                    "traffic": {
                        "DRAM": {
                            "read": 0.0,
                            "write": 0.0,
                            "update": 0,
                            "leak": 0
                        },
                        "L3": {
                            "read": 15728640.0,
                            "write": 4194304.0,
                            "update": 0,
                            "leak": 0
                        },
                        "reg_file_2d": {
                            "read": 23068672.0,
                            "write": 23101440.0,
                            "update": 0,
                            "leak": 0
                        },
                        "reg_file_1d": {
                            "read": 0,
                            "write": 0,
                            "update": 0,
                            "leak": 0
                        }
                    }
                },
                "mac_instances": 65536,
                "mac_utilized_instances": 32768
            },
            "factors": {
                "DRAM": {
                    "B": 64,
                    "H": 1,
                    "F": 1,
                    "P": 4,
                    "M": 4,
                    "N": 1
                },
                "L3": {
                    "B": 1,
                    "H": 32,
                    "F": 1,
                    "P": 256,
                    "M": 1,
                    "N": 1
                },
                "PE": {
                    "B": 1,
                    "H": 1,
                    "F": 128,
                    "P": 1,
                    "M": 1,
                    "N": 1
                },
                "PE_col": {
                    "B": 1,
                    "H": 1,
                    "F": 1,
                    "P": 1,
                    "M": 1,
                    "N": 256
                },
                "reg_file": {
                    "B": 1,
                    "H": 1,
                    "F": 1,
                    "P": 1,
                    "M": 1,
                    "N": 1
                }
            }
        }
    }
}