{
    "latency": 18715.091536612767,
    "energy": 1.449524012040936e+17,
    "energy_rsts": {
        "DRAM": 0.0,
        "L3": 6.7430477558235624e+16,
        "reg_file": 219887841857104.78,
        "PE": 7.730203580400088e+16,
        "total": 1.449524012040936e+17
    },
    "tl_rsts": {
        "FQK": {
            "tl_rst": {
                "comp_latency": 9357.545768306383,
                "mem_latency": 0.0,
                "traffic": 0,
                "energy": 123101392214545.14,
                "traffic_energy": 1.6030492745811586e+16,
                "traffic_energy_foreach": {
                    "DRAM": 0.0,
                    "L3": 1.5922790001162222e+16,
                    "reg_file": 107702744649364.94,
                    "traffic": {
                        "DRAM": {
                            "read": 0.0,
                            "write": 0.0,
                            "update": 0,
                            "leak": 0
                        },
                        "L3": {
                            "read": 1099511627776.0,
                            "write": 137438953472.0,
                            "update": 0,
                            "leak": 0
                        },
                        "reg_file_2d": {
                            "read": 26250840113152.0,
                            "write": 26388279066624.0,
                            "update": 0,
                            "leak": 0
                        },
                        "reg_file_1d": {
                            "read": 0,
                            "write": 0,
                            "update": 0,
                            "leak": 0
                        }
                    }
                },
                "mac_instances": 256,
                "mac_utilized_instances": 256
            },
            "factors": {
                "DRAM": {
                    "B": 64,
                    "H": 1,
                    "M": 16384,
                    "N": 1,
                    "P": 256,
                    "E": 1
                },
                "L3": {
                    "B": 1,
                    "H": 8,
                    "M": 1,
                    "N": 1,
                    "P": 64,
                    "E": 64
                },
                "PE": {
                    "B": 1,
                    "H": 1,
                    "M": 1,
                    "N": 1,
                    "P": 16,
                    "E": 1
                },
                "PE_col": {
                    "B": 1,
                    "H": 1,
                    "M": 1,
                    "N": 16,
                    "P": 1,
                    "E": 1
                },
                "reg_file": {
                    "B": 1,
                    "H": 1,
                    "M": 1,
                    "N": 1,
                    "P": 1,
                    "E": 1
                }
            }
        },
        "FAV": {
            "tl_rst": {
                "comp_latency": 9357.545768306383,
                "mem_latency": 0.0,
                "traffic": 0,
                "energy": 123101392214545.14,
                "traffic_energy": 1.274333318115541e+17,
                "traffic_energy_foreach": {
                    "DRAM": 0.0,
                    "L3": 1.2732114671434635e+17,
                    "reg_file": 112185097207739.84,
                    "traffic": {
                        "DRAM": {
                            "read": 0.0,
                            "write": 0.0,
                            "update": 0,
                            "leak": 0
                        },
                        "L3": {
                            "read": 9483254235136.0,
                            "write": 549755813888.0,
                            "update": 0,
                            "leak": 0
                        },
                        "reg_file_2d": {
                            "read": 26387742195712.0,
                            "write": 28586765451264.0,
                            "update": 0,
                            "leak": 0
                        },
                        "reg_file_1d": {
                            "read": 0,
                            "write": 0,
                            "update": 0,
                            "leak": 0
                        }
                    }
                },
                "mac_instances": 256,
                "mac_utilized_instances": 256
            },
            "factors": {
                "DRAM": {
                    "B": 64,
                    "H": 1,
                    "F": 1,
                    "P": 256,
                    "M": 16384,
                    "N": 1
                },
                "L3": {
                    "B": 1,
                    "H": 8,
                    "F": 4,
                    "P": 1024,
                    "M": 1,
                    "N": 1
                },
                "PE": {
                    "B": 1,
                    "H": 1,
                    "F": 16,
                    "P": 1,
                    "M": 1,
                    "N": 1
                },
                "PE_col": {
                    "B": 1,
                    "H": 1,
                    "F": 1,
                    "P": 1,
                    "M": 1,
                    "N": 16
                },
                "reg_file": {
                    "B": 1,
                    "H": 1,
                    "F": 1,
                    "P": 1,
                    "M": 1,
                    "N": 1
                }
            }
        }
    }
}