{
    "latency": 9.138228289361702,
    "energy": 70771423487086.03,
    "energy_rsts": {
        "DRAM": 0.0,
        "L3": 32918989300924.68,
        "reg_file": 107299516239.0528,
        "PE": 37745134669922.305,
        "total": 70771423487086.03
    },
    "tl_rsts": {
        "FQK": {
            "tl_rst": {
                "comp_latency": 4.569114144680851,
                "mem_latency": 0.0,
                "traffic": 0,
                "energy": 60108101667.26,
                "traffic_energy": 7827389036040.813,
                "traffic_energy_foreach": {
                    "DRAM": 0.0,
                    "L3": 7774799805254.991,
                    "reg_file": 52589230785.82272,
                    "traffic": {
                        "DRAM": {
                            "read": 0.0,
                            "write": 0.0,
                            "update": 0,
                            "leak": 0
                        },
                        "L3": {
                            "read": 536870912.0,
                            "write": 67108864.0,
                            "update": 0,
                            "leak": 0
                        },
                        "reg_file_2d": {
                            "read": 12817793024.0,
                            "write": 12884901888.0,
                            "update": 0,
                            "leak": 0
                        },
                        "reg_file_1d": {
                            "read": 0,
                            "write": 0,
                            "update": 0,
                            "leak": 0
                        }
                    }
                },
                "mac_instances": 256,
                "mac_utilized_instances": 256
            },
            "factors": {
                "DRAM": {
                    "B": 64,
                    "H": 1,
                    "M": 256,
                    "N": 1,
                    "P": 8,
                    "E": 1
                },
                "L3": {
                    "B": 1,
                    "H": 16,
                    "M": 1,
                    "N": 1,
                    "P": 32,
                    "E": 64
                },
                "PE": {
                    "B": 1,
                    "H": 1,
                    "M": 1,
                    "N": 1,
                    "P": 16,
                    "E": 1
                },
                "PE_col": {
                    "B": 1,
                    "H": 1,
                    "M": 1,
                    "N": 16,
                    "P": 1,
                    "E": 1
                },
                "reg_file": {
                    "B": 1,
                    "H": 1,
                    "M": 1,
                    "N": 1,
                    "P": 1,
                    "E": 1
                }
            }
        },
        "FAV": {
            "tl_rst": {
                "comp_latency": 4.569114144680851,
                "mem_latency": 0.0,
                "traffic": 0,
                "energy": 60108101667.26,
                "traffic_energy": 62210323383207.33,
                "traffic_energy_foreach": {
                    "DRAM": 0.0,
                    "L3": 62155613097754.1,
                    "reg_file": 54710285453.23008,
                    "traffic": {
                        "DRAM": {
                            "read": 0.0,
                            "write": 0.0,
                            "update": 0,
                            "leak": 0
                        },
                        "L3": {
                            "read": 4629463040.0,
                            "write": 268435456.0,
                            "update": 0,
                            "leak": 0
                        },
                        "reg_file_2d": {
                            "read": 12868124672.0,
                            "write": 13941866496.0,
                            "update": 0,
                            "leak": 0
                        },
                        "reg_file_1d": {
                            "read": 0,
                            "write": 0,
                            "update": 0,
                            "leak": 0
                        }
                    }
                },
                "mac_instances": 256,
                "mac_utilized_instances": 256
            },
            "factors": {
                "DRAM": {
                    "B": 64,
                    "H": 1,
                    "F": 1,
                    "P": 8,
                    "M": 256,
                    "N": 1
                },
                "L3": {
                    "B": 1,
                    "H": 16,
                    "F": 4,
                    "P": 512,
                    "M": 1,
                    "N": 1
                },
                "PE": {
                    "B": 1,
                    "H": 1,
                    "F": 16,
                    "P": 1,
                    "M": 1,
                    "N": 1
                },
                "PE_col": {
                    "B": 1,
                    "H": 1,
                    "F": 1,
                    "P": 1,
                    "M": 1,
                    "N": 16
                },
                "reg_file": {
                    "B": 1,
                    "H": 1,
                    "F": 1,
                    "P": 1,
                    "M": 1,
                    "N": 1
                }
            }
        }
    }
}