{
    "latency": 28072.63730491915,
    "energy": 2.174286018061404e+17,
    "energy_rsts": {
        "DRAM": 0.0,
        "L3": 1.0114571633735344e+17,
        "reg_file": 329831762785657.2,
        "PE": 1.1595305370600131e+17,
        "total": 2.174286018061404e+17
    },
    "tl_rsts": {
        "FQK": {
            "tl_rst": {
                "comp_latency": 14036.318652459575,
                "mem_latency": 0.0,
                "traffic": 0,
                "energy": 184652088321817.72,
                "traffic_energy": 2.4045739118717384e+16,
                "traffic_energy_foreach": {
                    "DRAM": 0.0,
                    "L3": 2.3884185001743336e+16,
                    "reg_file": 161554116974047.38,
                    "traffic": {
                        "DRAM": {
                            "read": 0.0,
                            "write": 0.0,
                            "update": 0,
                            "leak": 0
                        },
                        "L3": {
                            "read": 1649267441664.0,
                            "write": 206158430208.0,
                            "update": 0,
                            "leak": 0
                        },
                        "reg_file_2d": {
                            "read": 39376260169728.0,
                            "write": 39582418599936.0,
                            "update": 0,
                            "leak": 0
                        },
                        "reg_file_1d": {
                            "read": 0,
                            "write": 0,
                            "update": 0,
                            "leak": 0
                        }
                    }
                },
                "mac_instances": 256,
                "mac_utilized_instances": 256
            },
            "factors": {
                "DRAM": {
                    "B": 64,
                    "H": 1,
                    "M": 16384,
                    "N": 1,
                    "P": 256,
                    "E": 1
                },
                "L3": {
                    "B": 1,
                    "H": 12,
                    "M": 1,
                    "N": 1,
                    "P": 64,
                    "E": 64
                },
                "PE": {
                    "B": 1,
                    "H": 1,
                    "M": 1,
                    "N": 1,
                    "P": 16,
                    "E": 1
                },
                "PE_col": {
                    "B": 1,
                    "H": 1,
                    "M": 1,
                    "N": 16,
                    "P": 1,
                    "E": 1
                },
                "reg_file": {
                    "B": 1,
                    "H": 1,
                    "M": 1,
                    "N": 1,
                    "P": 1,
                    "E": 1
                }
            }
        },
        "FAV": {
            "tl_rst": {
                "comp_latency": 14036.318652459575,
                "mem_latency": 0.0,
                "traffic": 0,
                "energy": 184652088321817.72,
                "traffic_energy": 1.9114999771733117e+17,
                "traffic_energy_foreach": {
                    "DRAM": 0.0,
                    "L3": 1.9098172007151955e+17,
                    "reg_file": 168277645811609.75,
                    "traffic": {
                        "DRAM": {
                            "read": 0.0,
                            "write": 0.0,
                            "update": 0,
                            "leak": 0
                        },
                        "L3": {
                            "read": 14224881352704.0,
                            "write": 824633720832.0,
                            "update": 0,
                            "leak": 0
                        },
                        "reg_file_2d": {
                            "read": 39581613293568.0,
                            "write": 42880148176896.0,
                            "update": 0,
                            "leak": 0
                        },
                        "reg_file_1d": {
                            "read": 0,
                            "write": 0,
                            "update": 0,
                            "leak": 0
                        }
                    }
                },
                "mac_instances": 256,
                "mac_utilized_instances": 256
            },
            "factors": {
                "DRAM": {
                    "B": 64,
                    "H": 1,
                    "F": 1,
                    "P": 256,
                    "M": 16384,
                    "N": 1
                },
                "L3": {
                    "B": 1,
                    "H": 12,
                    "F": 4,
                    "P": 1024,
                    "M": 1,
                    "N": 1
                },
                "PE": {
                    "B": 1,
                    "H": 1,
                    "F": 16,
                    "P": 1,
                    "M": 1,
                    "N": 1
                },
                "PE_col": {
                    "B": 1,
                    "H": 1,
                    "F": 1,
                    "P": 1,
                    "M": 1,
                    "N": 16
                },
                "reg_file": {
                    "B": 1,
                    "H": 1,
                    "F": 1,
                    "P": 1,
                    "M": 1,
                    "N": 1
                }
            }
        }
    }
}