{
    "latency": 37430.18307322553,
    "energy": 2.899048024081872e+17,
    "energy_rsts": {
        "DRAM": 0.0,
        "L3": 1.3486095511647125e+17,
        "reg_file": 439775683714209.56,
        "PE": 1.5460407160800176e+17,
        "total": 2.899048024081872e+17
    },
    "tl_rsts": {
        "FQK": {
            "tl_rst": {
                "comp_latency": 18715.091536612767,
                "mem_latency": 0.0,
                "traffic": 0,
                "energy": 246202784429090.28,
                "traffic_energy": 3.2060985491623172e+16,
                "traffic_energy_foreach": {
                    "DRAM": 0.0,
                    "L3": 3.1845580002324444e+16,
                    "reg_file": 215405489298729.88,
                    "traffic": {
                        "DRAM": {
                            "read": 0.0,
                            "write": 0.0,
                            "update": 0,
                            "leak": 0
                        },
                        "L3": {
                            "read": 2199023255552.0,
                            "write": 274877906944.0,
                            "update": 0,
                            "leak": 0
                        },
                        "reg_file_2d": {
                            "read": 52501680226304.0,
                            "write": 52776558133248.0,
                            "update": 0,
                            "leak": 0
                        },
                        "reg_file_1d": {
                            "read": 0,
                            "write": 0,
                            "update": 0,
                            "leak": 0
                        }
                    }
                },
                "mac_instances": 256,
                "mac_utilized_instances": 256
            },
            "factors": {
                "DRAM": {
                    "B": 64,
                    "H": 1,
                    "M": 16384,
                    "N": 1,
                    "P": 512,
                    "E": 1
                },
                "L3": {
                    "B": 1,
                    "H": 16,
                    "M": 1,
                    "N": 1,
                    "P": 32,
                    "E": 64
                },
                "PE": {
                    "B": 1,
                    "H": 1,
                    "M": 1,
                    "N": 1,
                    "P": 16,
                    "E": 1
                },
                "PE_col": {
                    "B": 1,
                    "H": 1,
                    "M": 1,
                    "N": 16,
                    "P": 1,
                    "E": 1
                },
                "reg_file": {
                    "B": 1,
                    "H": 1,
                    "M": 1,
                    "N": 1,
                    "P": 1,
                    "E": 1
                }
            }
        },
        "FAV": {
            "tl_rst": {
                "comp_latency": 18715.091536612767,
                "mem_latency": 0.0,
                "traffic": 0,
                "energy": 246202784429090.28,
                "traffic_energy": 2.548666636231082e+17,
                "traffic_energy_foreach": {
                    "DRAM": 0.0,
                    "L3": 2.546422934286927e+17,
                    "reg_file": 224370194415479.7,
                    "traffic": {
                        "DRAM": {
                            "read": 0.0,
                            "write": 0.0,
                            "update": 0,
                            "leak": 0
                        },
                        "L3": {
                            "read": 18966508470272.0,
                            "write": 1099511627776.0,
                            "update": 0,
                            "leak": 0
                        },
                        "reg_file_2d": {
                            "read": 52775484391424.0,
                            "write": 57173530902528.0,
                            "update": 0,
                            "leak": 0
                        },
                        "reg_file_1d": {
                            "read": 0,
                            "write": 0,
                            "update": 0,
                            "leak": 0
                        }
                    }
                },
                "mac_instances": 256,
                "mac_utilized_instances": 256
            },
            "factors": {
                "DRAM": {
                    "B": 64,
                    "H": 1,
                    "F": 1,
                    "P": 512,
                    "M": 16384,
                    "N": 1
                },
                "L3": {
                    "B": 1,
                    "H": 16,
                    "F": 4,
                    "P": 512,
                    "M": 1,
                    "N": 1
                },
                "PE": {
                    "B": 1,
                    "H": 1,
                    "F": 16,
                    "P": 1,
                    "M": 1,
                    "N": 1
                },
                "PE_col": {
                    "B": 1,
                    "H": 1,
                    "F": 1,
                    "P": 1,
                    "M": 1,
                    "N": 16
                },
                "reg_file": {
                    "B": 1,
                    "H": 1,
                    "F": 1,
                    "P": 1,
                    "M": 1,
                    "N": 1
                }
            }
        }
    }
}