{
    "latency": 1169.693221038298,
    "energy": 9059487795784000.0,
    "energy_rsts": {
        "DRAM": 0.0,
        "L3": 4214367979919661.5,
        "reg_file": 13742578114284.748,
        "PE": 4831377237750055.0,
        "total": 9059487795784000.0
    },
    "tl_rsts": {
        "FQK": {
            "tl_rst": {
                "comp_latency": 584.846610519149,
                "mem_latency": 0.0,
                "traffic": 0,
                "energy": 7693837013409.07,
                "traffic_energy": 1001905796613224.1,
                "traffic_energy_foreach": {
                    "DRAM": 0.0,
                    "L3": 995174375072638.9,
                    "reg_file": 6731421540585.309,
                    "traffic": {
                        "DRAM": {
                            "read": 0.0,
                            "write": 0.0,
                            "update": 0,
                            "leak": 0
                        },
                        "L3": {
                            "read": 68719476736.0,
                            "write": 8589934592.0,
                            "update": 0,
                            "leak": 0
                        },
                        "reg_file_2d": {
                            "read": 1640677507072.0,
                            "write": 1649267441664.0,
                            "update": 0,
                            "leak": 0
                        },
                        "reg_file_1d": {
                            "read": 0,
                            "write": 0,
                            "update": 0,
                            "leak": 0
                        }
                    }
                },
                "mac_instances": 256,
                "mac_utilized_instances": 256
            },
            "factors": {
                "DRAM": {
                    "B": 64,
                    "H": 1,
                    "M": 4096,
                    "N": 1,
                    "P": 64,
                    "E": 1
                },
                "L3": {
                    "B": 1,
                    "H": 8,
                    "M": 1,
                    "N": 1,
                    "P": 64,
                    "E": 64
                },
                "PE": {
                    "B": 1,
                    "H": 1,
                    "M": 1,
                    "N": 1,
                    "P": 16,
                    "E": 1
                },
                "PE_col": {
                    "B": 1,
                    "H": 1,
                    "M": 1,
                    "N": 16,
                    "P": 1,
                    "E": 1
                },
                "reg_file": {
                    "B": 1,
                    "H": 1,
                    "M": 1,
                    "N": 1,
                    "P": 1,
                    "E": 1
                }
            }
        },
        "FAV": {
            "tl_rst": {
                "comp_latency": 584.846610519149,
                "mem_latency": 0.0,
                "traffic": 0,
                "energy": 7693837013409.07,
                "traffic_energy": 7964504102737769.0,
                "traffic_energy_foreach": {
                    "DRAM": 0.0,
                    "L3": 7957492946164070.0,
                    "reg_file": 7011156573699.44,
                    "traffic": {
                        "DRAM": {
                            "read": 0.0,
                            "write": 0.0,
                            "update": 0,
                            "leak": 0
                        },
                        "L3": {
                            "read": 592697098240.0,
                            "write": 34359738368.0,
                            "update": 0,
                            "leak": 0
                        },
                        "reg_file_2d": {
                            "read": 1649133223936.0,
                            "write": 1786572177408.0,
                            "update": 0,
                            "leak": 0
                        },
                        "reg_file_1d": {
                            "read": 0,
                            "write": 0,
                            "update": 0,
                            "leak": 0
                        }
                    }
                },
                "mac_instances": 256,
                "mac_utilized_instances": 256
            },
            "factors": {
                "DRAM": {
                    "B": 64,
                    "H": 1,
                    "F": 1,
                    "P": 64,
                    "M": 4096,
                    "N": 1
                },
                "L3": {
                    "B": 1,
                    "H": 8,
                    "F": 4,
                    "P": 1024,
                    "M": 1,
                    "N": 1
                },
                "PE": {
                    "B": 1,
                    "H": 1,
                    "F": 16,
                    "P": 1,
                    "M": 1,
                    "N": 1
                },
                "PE_col": {
                    "B": 1,
                    "H": 1,
                    "F": 1,
                    "P": 1,
                    "M": 1,
                    "N": 16
                },
                "reg_file": {
                    "B": 1,
                    "H": 1,
                    "F": 1,
                    "P": 1,
                    "M": 1,
                    "N": 1
                }
            }
        }
    }
}