{
    "latency": 1197765.858343217,
    "energy": 9.242193002851414e+18,
    "energy_rsts": {
        "DRAM": 0.0,
        "L3": 4.280896021738243e+18,
        "reg_file": 1.3966689657115304e+16,
        "PE": 4.947330291456056e+18,
        "total": 9.242193002851414e+18
    },
    "tl_rsts": {
        "FQK": {
            "tl_rst": {
                "comp_latency": 598882.9291716085,
                "mem_latency": 0.0,
                "traffic": 0,
                "energy": 7878489101730889.0,
                "traffic_energy": 1.0117352167640626e+18,
                "traffic_energy_foreach": {
                    "DRAM": 0.0,
                    "L3": 1.0048146068388698e+18,
                    "reg_file": 6920609925192808.0,
                    "traffic": {
                        "DRAM": {
                            "read": 0.0,
                            "write": 0.0,
                            "update": 0,
                            "leak": 0
                        },
                        "L3": {
                            "read": 74766790688768.0,
                            "write": 4398046511104.0,
                            "update": 0,
                            "leak": 0
                        },
                        "reg_file_2d": {
                            "read": 1688849860263936.0,
                            "write": 1693247906775040.0,
                            "update": 0,
                            "leak": 0
                        },
                        "reg_file_1d": {
                            "read": 0,
                            "write": 0,
                            "update": 0,
                            "leak": 0
                        }
                    }
                },
                "mac_instances": 256,
                "mac_utilized_instances": 256
            },
            "factors": {
                "DRAM": {
                    "B": 64,
                    "H": 1,
                    "M": 65536,
                    "N": 1,
                    "P": 4096,
                    "E": 1
                },
                "L3": {
                    "B": 1,
                    "H": 16,
                    "M": 1,
                    "N": 1,
                    "P": 16,
                    "E": 128
                },
                "PE": {
                    "B": 1,
                    "H": 1,
                    "M": 1,
                    "N": 1,
                    "P": 16,
                    "E": 1
                },
                "PE_col": {
                    "B": 1,
                    "H": 1,
                    "M": 1,
                    "N": 16,
                    "P": 1,
                    "E": 1
                },
                "reg_file": {
                    "B": 1,
                    "H": 1,
                    "M": 1,
                    "N": 1,
                    "P": 1,
                    "E": 1
                }
            }
        },
        "FAV": {
            "tl_rst": {
                "comp_latency": 598882.9291716085,
                "mem_latency": 0.0,
                "traffic": 0,
                "energy": 7878489101730889.0,
                "traffic_energy": 8.100587919683665e+18,
                "traffic_energy_foreach": {
                    "DRAM": 0.0,
                    "L3": 8.093541839951742e+18,
                    "reg_file": 7046079731922496.0,
                    "traffic": {
                        "DRAM": {
                            "read": 0.0,
                            "write": 0.0,
                            "update": 0,
                            "leak": 0
                        },
                        "L3": {
                            "read": 602531835150336.0,
                            "write": 35184372088832.0,
                            "update": 0,
                            "leak": 0
                        },
                        "reg_file_2d": {
                            "read": 1688841270329344.0,
                            "write": 1759210014507008.0,
                            "update": 0,
                            "leak": 0
                        },
                        "reg_file_1d": {
                            "read": 0,
                            "write": 0,
                            "update": 0,
                            "leak": 0
                        }
                    }
                },
                "mac_instances": 256,
                "mac_utilized_instances": 256
            },
            "factors": {
                "DRAM": {
                    "B": 64,
                    "H": 1,
                    "F": 1,
                    "P": 4096,
                    "M": 65536,
                    "N": 1
                },
                "L3": {
                    "B": 1,
                    "H": 16,
                    "F": 8,
                    "P": 256,
                    "M": 1,
                    "N": 1
                },
                "PE": {
                    "B": 1,
                    "H": 1,
                    "F": 16,
                    "P": 1,
                    "M": 1,
                    "N": 1
                },
                "PE_col": {
                    "B": 1,
                    "H": 1,
                    "F": 1,
                    "P": 1,
                    "M": 1,
                    "N": 16
                },
                "reg_file": {
                    "B": 1,
                    "H": 1,
                    "F": 1,
                    "P": 1,
                    "M": 1,
                    "N": 1
                }
            }
        }
    }
}