{
    "latency": 584.846610519149,
    "energy": 4500098807739638.0,
    "energy_rsts": {
        "DRAM": 0.0,
        "L3": 2077600387056554.5,
        "reg_file": 6809801808056.156,
        "PE": 2415688618875027.5,
        "total": 4500098807739638.0
    },
    "tl_rsts": {
        "FQK": {
            "tl_rst": {
                "comp_latency": 292.4233052595745,
                "mem_latency": 0.0,
                "traffic": 0,
                "energy": 3846918506704.54,
                "traffic_energy": 467131598219469.94,
                "traffic_energy_foreach": {
                    "DRAM": 0.0,
                    "L3": 463761183525832.75,
                    "reg_file": 3370414693637.161,
                    "traffic": {
                        "DRAM": {
                            "read": 0.0,
                            "write": 0.0,
                            "update": 0,
                            "leak": 0
                        },
                        "L3": {
                            "read": 34359738368.0,
                            "write": 2147483648.0,
                            "update": 0,
                            "leak": 0
                        },
                        "reg_file_2d": {
                            "read": 822486237184.0,
                            "write": 824633720832.0,
                            "update": 0,
                            "leak": 0
                        },
                        "reg_file_1d": {
                            "read": 0,
                            "write": 0,
                            "update": 0,
                            "leak": 0
                        }
                    }
                },
                "mac_instances": 256,
                "mac_utilized_instances": 256
            },
            "factors": {
                "DRAM": {
                    "B": 64,
                    "H": 1,
                    "M": 1024,
                    "N": 1,
                    "P": 128,
                    "E": 1
                },
                "L3": {
                    "B": 1,
                    "H": 32,
                    "M": 1,
                    "N": 1,
                    "P": 8,
                    "E": 128
                },
                "PE": {
                    "B": 1,
                    "H": 1,
                    "M": 1,
                    "N": 1,
                    "P": 16,
                    "E": 1
                },
                "PE_col": {
                    "B": 1,
                    "H": 1,
                    "M": 1,
                    "N": 16,
                    "P": 1,
                    "E": 1
                },
                "reg_file": {
                    "B": 1,
                    "H": 1,
                    "M": 1,
                    "N": 1,
                    "P": 1,
                    "E": 1
                }
            }
        },
        "FAV": {
            "tl_rst": {
                "comp_latency": 292.4233052595745,
                "mem_latency": 0.0,
                "traffic": 0,
                "energy": 3846918506704.54,
                "traffic_energy": 3955157464511590.5,
                "traffic_energy_foreach": {
                    "DRAM": 0.0,
                    "L3": 3951718077397171.5,
                    "reg_file": 3439387114418.995,
                    "traffic": {
                        "DRAM": {
                            "read": 0.0,
                            "write": 0.0,
                            "update": 0,
                            "leak": 0
                        },
                        "L3": {
                            "read": 294188482560.0,
                            "write": 17179869184.0,
                            "update": 0,
                            "leak": 0
                        },
                        "reg_file_2d": {
                            "read": 824365285376.0,
                            "write": 858725023744.0,
                            "update": 0,
                            "leak": 0
                        },
                        "reg_file_1d": {
                            "read": 0,
                            "write": 0,
                            "update": 0,
                            "leak": 0
                        }
                    }
                },
                "mac_instances": 256,
                "mac_utilized_instances": 256
            },
            "factors": {
                "DRAM": {
                    "B": 64,
                    "H": 1,
                    "F": 1,
                    "P": 128,
                    "M": 1024,
                    "N": 1
                },
                "L3": {
                    "B": 1,
                    "H": 32,
                    "F": 8,
                    "P": 128,
                    "M": 1,
                    "N": 1
                },
                "PE": {
                    "B": 1,
                    "H": 1,
                    "F": 16,
                    "P": 1,
                    "M": 1,
                    "N": 1
                },
                "PE_col": {
                    "B": 1,
                    "H": 1,
                    "F": 1,
                    "P": 1,
                    "M": 1,
                    "N": 16
                },
                "reg_file": {
                    "B": 1,
                    "H": 1,
                    "F": 1,
                    "P": 1,
                    "M": 1,
                    "N": 1
                }
            }
        }
    }
}