{
    "latency": 73.10582631489362,
    "energy": 566208667368537.8,
    "energy_rsts": {
        "DRAM": 0.0,
        "L3": 263388781877462.56,
        "reg_file": 858808131696.7219,
        "PE": 301961077359378.44,
        "total": 566208667368537.8
    },
    "tl_rsts": {
        "FQK": {
            "tl_rst": {
                "comp_latency": 36.55291315744681,
                "mem_latency": 0.0,
                "traffic": 0,
                "energy": 480864813338.07,
                "traffic_energy": 62619112288326.51,
                "traffic_energy_foreach": {
                    "DRAM": 0.0,
                    "L3": 62198398442039.93,
                    "reg_file": 420713846286.5818,
                    "traffic": {
                        "DRAM": {
                            "read": 0.0,
                            "write": 0.0,
                            "update": 0,
                            "leak": 0
                        },
                        "L3": {
                            "read": 4294967296.0,
                            "write": 536870912.0,
                            "update": 0,
                            "leak": 0
                        },
                        "reg_file_2d": {
                            "read": 102542344192.0,
                            "write": 103079215104.0,
                            "update": 0,
                            "leak": 0
                        },
                        "reg_file_1d": {
                            "read": 0,
                            "write": 0,
                            "update": 0,
                            "leak": 0
                        }
                    }
                },
                "mac_instances": 256,
                "mac_utilized_instances": 256
            },
            "factors": {
                "DRAM": {
                    "B": 64,
                    "H": 1,
                    "M": 1024,
                    "N": 1,
                    "P": 16,
                    "E": 1
                },
                "L3": {
                    "B": 1,
                    "H": 8,
                    "M": 1,
                    "N": 1,
                    "P": 64,
                    "E": 64
                },
                "PE": {
                    "B": 1,
                    "H": 1,
                    "M": 1,
                    "N": 1,
                    "P": 16,
                    "E": 1
                },
                "PE_col": {
                    "B": 1,
                    "H": 1,
                    "M": 1,
                    "N": 16,
                    "P": 1,
                    "E": 1
                },
                "reg_file": {
                    "B": 1,
                    "H": 1,
                    "M": 1,
                    "N": 1,
                    "P": 1,
                    "E": 1
                }
            }
        },
        "FAV": {
            "tl_rst": {
                "comp_latency": 36.55291315744681,
                "mem_latency": 0.0,
                "traffic": 0,
                "energy": 480864813338.07,
                "traffic_energy": 497761722550020.2,
                "traffic_energy_foreach": {
                    "DRAM": 0.0,
                    "L3": 497323628264610.06,
                    "reg_file": 438094285410.14014,
                    "traffic": {
                        "DRAM": {
                            "read": 0.0,
                            "write": 0.0,
                            "update": 0,
                            "leak": 0
                        },
                        "L3": {
                            "read": 37041995776.0,
                            "write": 2147483648.0,
                            "update": 0,
                            "leak": 0
                        },
                        "reg_file_2d": {
                            "read": 103045660672.0,
                            "write": 111635595264.0,
                            "update": 0,
                            "leak": 0
                        },
                        "reg_file_1d": {
                            "read": 0,
                            "write": 0,
                            "update": 0,
                            "leak": 0
                        }
                    }
                },
                "mac_instances": 256,
                "mac_utilized_instances": 256
            },
            "factors": {
                "DRAM": {
                    "B": 64,
                    "H": 1,
                    "F": 1,
                    "P": 16,
                    "M": 1024,
                    "N": 1
                },
                "L3": {
                    "B": 1,
                    "H": 8,
                    "F": 4,
                    "P": 1024,
                    "M": 1,
                    "N": 1
                },
                "PE": {
                    "B": 1,
                    "H": 1,
                    "F": 16,
                    "P": 1,
                    "M": 1,
                    "N": 1
                },
                "PE_col": {
                    "B": 1,
                    "H": 1,
                    "F": 1,
                    "P": 1,
                    "M": 1,
                    "N": 16
                },
                "reg_file": {
                    "B": 1,
                    "H": 1,
                    "F": 1,
                    "P": 1,
                    "M": 1,
                    "N": 1
                }
            }
        }
    }
}