{
    "latency": 0.030118672340425534,
    "energy": 33005289078111.965,
    "energy_rsts": {
        "DRAM": 201114884505.59998,
        "L3": 956369270102.1112,
        "reg_file": 347545757.30688,
        "PE": 31847457377746.945,
        "total": 33005289078111.965
    },
    "tl_rsts": {
        "Q": {
            "tl_rst": {
                "comp_latency": 0.010039557446808511,
                "mem_latency": 0.00375274658203125,
                "traffic": 1611792384,
                "energy": 33810807187.83,
                "traffic_energy": 210611561777.9036,
                "traffic_energy_foreach": {
                    "DRAM": 50287922380.799995,
                    "L3": 160207790811.33466,
                    "reg_file": 115848585.76896,
                    "traffic": {
                        "DRAM": {
                            "read": 201474048.0,
                            "write": 0.0,
                            "update": 0,
                            "leak": 0
                        },
                        "L3": {
                            "read": 18874368.0,
                            "write": 6293760.0,
                            "update": 0,
                            "leak": 0
                        },
                        "reg_file_2d": {
                            "read": 28299264.0,
                            "write": 28311552.0,
                            "update": 0,
                            "leak": 0
                        },
                        "reg_file_1d": {
                            "read": 0,
                            "write": 0,
                            "update": 0,
                            "leak": 0
                        }
                    }
                },
                "mac_instances": 65536,
                "mac_utilized_instances": 65536
            },
            "factors": {
                "DRAM": {
                    "B": 64,
                    "E": 1,
                    "H": 1,
                    "P": 16,
                    "D": 1
                },
                "L3": {
                    "B": 1,
                    "E": 1,
                    "H": 3,
                    "P": 4,
                    "D": 768
                },
                "PE": {
                    "B": 1,
                    "E": 1,
                    "H": 1,
                    "P": 256,
                    "D": 1
                },
                "PE_col": {
                    "B": 1,
                    "E": 64,
                    "H": 4,
                    "P": 1,
                    "D": 1
                },
                "reg_file": {
                    "B": 1,
                    "E": 1,
                    "H": 1,
                    "P": 1,
                    "D": 1
                }
            }
        },
        "BK": {
            "tl_rst": {
                "comp_latency": 0.010039557446808511,
                "mem_latency": 0.00750274658203125,
                "traffic": 3222405120,
                "energy": 33810807187.83,
                "traffic_energy": 260862679141.1036,
                "traffic_energy_foreach": {
                    "DRAM": 100539039744.0,
                    "L3": 160207790811.33466,
                    "reg_file": 115848585.76896,
                    "traffic": {
                        "DRAM": {
                            "read": 201474048.0,
                            "write": 201326592.0,
                            "update": 0,
                            "leak": 0
                        },
                        "L3": {
                            "read": 18874368.0,
                            "write": 6293760.0,
                            "update": 0,
                            "leak": 0
                        },
                        "reg_file_2d": {
                            "read": 28299264.0,
                            "write": 28311552.0,
                            "update": 0,
                            "leak": 0
                        },
                        "reg_file_1d": {
                            "read": 0,
                            "write": 0,
                            "update": 0,
                            "leak": 0
                        }
                    }
                },
                "mac_instances": 65536,
                "mac_utilized_instances": 65536
            },
            "factors": {
                "DRAM": {
                    "B": 64,
                    "E": 1,
                    "H": 1,
                    "M": 64,
                    "N": 1,
                    "D": 1
                },
                "L3": {
                    "B": 1,
                    "E": 1,
                    "H": 3,
                    "M": 1,
                    "N": 1,
                    "D": 768
                },
                "PE": {
                    "B": 1,
                    "E": 64,
                    "H": 4,
                    "M": 1,
                    "N": 1,
                    "D": 1
                },
                "PE_col": {
                    "B": 1,
                    "E": 1,
                    "H": 1,
                    "M": 1,
                    "N": 256,
                    "D": 1
                },
                "reg_file": {
                    "B": 1,
                    "E": 1,
                    "H": 1,
                    "M": 1,
                    "N": 1,
                    "D": 1
                }
            }
        },
        "BV": {
            "tl_rst": {
                "comp_latency": 0.010039557446808511,
                "mem_latency": 0.00375274658203125,
                "traffic": 1611792384,
                "energy": 33810807187.83,
                "traffic_energy": 185817951161.33374,
                "traffic_energy_foreach": {
                    "DRAM": 50287922380.799995,
                    "L3": 135414180194.7648,
                    "reg_file": 115848585.76896,
                    "traffic": {
                        "DRAM": {
                            "read": 147456.0,
                            "write": 201326592.0,
                            "update": 0,
                            "leak": 0
                        },
                        "L3": {
                            "read": 18874368.0,
                            "write": 3148032.0,
                            "update": 0,
                            "leak": 0
                        },
                        "reg_file_2d": {
                            "read": 28299264.0,
                            "write": 28311552.0,
                            "update": 0,
                            "leak": 0
                        },
                        "reg_file_1d": {
                            "read": 0,
                            "write": 0,
                            "update": 0,
                            "leak": 0
                        }
                    }
                },
                "mac_instances": 65536,
                "mac_utilized_instances": 65536
            },
            "factors": {
                "DRAM": {
                    "B": 64,
                    "F": 1,
                    "H": 1,
                    "M": 64,
                    "N": 1,
                    "D": 1
                },
                "L3": {
                    "B": 1,
                    "F": 1,
                    "H": 3,
                    "M": 1,
                    "N": 1,
                    "D": 768
                },
                "PE": {
                    "B": 1,
                    "F": 64,
                    "H": 4,
                    "M": 1,
                    "N": 1,
                    "D": 1
                },
                "PE_col": {
                    "B": 1,
                    "F": 1,
                    "H": 1,
                    "M": 1,
                    "N": 256,