{
    "latency": 0.055697424958444146,
    "energy": 59074669034682.04,
    "energy_rsts": {
        "DRAM": 536060991897.6,
        "L3": 1920288250553.0613,
        "reg_file": 617787347.92704,
        "PE": 56617702004883.45,
        "total": 59074669034682.04
    },
    "tl_rsts": {
        "Q": {
            "tl_rst": {
                "comp_latency": 0.017848102127659575,
                "mem_latency": 0.010001220703125,
                "traffic": 4295491584,
                "energy": 60108101667.26,
                "traffic_energy": 463092434342.6826,
                "traffic_energy_foreach": {
                    "DRAM": 134019337420.8,
                    "L3": 328867167805.9069,
                    "reg_file": 205929115.97568,
                    "traffic": {
                        "DRAM": {
                            "read": 536936448.0,
                            "write": 0.0,
                            "update": 0,
                            "leak": 0
                        },
                        "L3": {
                            "read": 33554432.0,
                            "write": 16778240.0,
                            "update": 0,
                            "leak": 0
                        },
                        "reg_file_2d": {
                            "read": 50298880.0,
                            "write": 50331648.0,
                            "update": 0,
                            "leak": 0
                        },
                        "reg_file_1d": {
                            "read": 0,
                            "write": 0,
                            "update": 0,
                            "leak": 0
                        }
                    }
                },
                "mac_instances": 65536,
                "mac_utilized_instances": 65536
            },
            "factors": {
                "DRAM": {
                    "B": 64,
                    "E": 1,
                    "H": 1,
                    "P": 64,
                    "D": 1
                },
                "L3": {
                    "B": 1,
                    "E": 1,
                    "H": 2,
                    "P": 4,
                    "D": 512
                },
                "PE": {
                    "B": 1,
                    "E": 1,
                    "H": 1,
                    "P": 256,
                    "D": 1
                },
                "PE_col": {
                    "B": 1,
                    "E": 64,
                    "H": 4,
                    "P": 1,
                    "D": 1
                },
                "reg_file": {
                    "B": 1,
                    "E": 1,
                    "H": 1,
                    "P": 1,
                    "D": 1
                }
            }
        },
        "BK": {
            "tl_rst": {
                "comp_latency": 0.017848102127659575,
                "mem_latency": 0.020001220703125,
                "traffic": 8590458880,
                "energy": 60108101667.26,
                "traffic_energy": 597095413977.8827,
                "traffic_energy_foreach": {
                    "DRAM": 268022317056.0,
                    "L3": 328867167805.9069,
                    "reg_file": 205929115.97568,
                    "traffic": {
                        "DRAM": {
                            "read": 536936448.0,
                            "write": 536870912.0,
                            "update": 0,
                            "leak": 0
                        },
                        "L3": {
                            "read": 33554432.0,
                            "write": 16778240.0,
                            "update": 0,
                            "leak": 0
                        },
                        "reg_file_2d": {
                            "read": 50298880.0,
                            "write": 50331648.0,
                            "update": 0,
                            "leak": 0
                        },
                        "reg_file_1d": {
                            "read": 0,
                            "write": 0,
                            "update": 0,
                            "leak": 0
                        }
                    }
                },
                "mac_instances": 65536,
                "mac_utilized_instances": 65536
            },
            "factors": {
                "DRAM": {
                    "B": 64,
                    "E": 1,
                    "H": 1,
                    "M": 256,
                    "N": 1,
                    "D": 1
                },
                "L3": {
                    "B": 1,
                    "E": 1,
                    "H": 2,
                    "M": 1,
                    "N": 1,
                    "D": 512
                },
                "PE": {
                    "B": 1,
                    "E": 64,
                    "H": 4,
                    "M": 1,
                    "N": 1,
                    "D": 1
                },
                "PE_col": {
                    "B": 1,
                    "E": 1,
                    "H": 1,
                    "M": 1,
                    "N": 256,
                    "D": 1
                },
                "reg_file": {
                    "B": 1,
                    "E": 1,
                    "H": 1,
                    "M": 1,
                    "N": 1,
                    "D": 1
                }
            }
        },
        "BV": {
            "tl_rst": {
                "comp_latency": 0.017848102127659575,
                "mem_latency": 0.010001220703125,
                "traffic": 4295491584,
                "energy": 60108101667.26,
                "traffic_energy": 396976139365.163,
                "traffic_energy_foreach": {
                    "DRAM": 134019337420.8,
                    "L3": 262750872828.38733,
                    "reg_file": 205929115.97568,
                    "traffic": {
                        "DRAM": {
                            "read": 65536.0,
                            "write": 536870912.0,
                            "update": 0,
                            "leak": 0
                        },
                        "L3": {
                            "read": 33554432.0,
                            "write": 8389632.0,
                            "update": 0,
                            "leak": 0
                        },
                        "reg_file_2d": {
                            "read": 50298880.0,
                            "write": 50331648.0,
                            "update": 0,
                            "leak": 0
                        },
                        "reg_file_1d": {
                            "read": 0,
                            "write": 0,
                            "update": 0,
                            "leak": 0
                        }
                    }
                },
                "mac_instances": 65536,
                "mac_utilized_instances": 65536
            },
            "factors": {
                "DRAM": {
                    "B": 64,
                    "F": 1,
                    "H": 1,
                    "M": 256,
                    "N": 1,
                    "D": 1
                },
                "L3": {
                    "B": 1,
                    "F": 1,
                    "H": 2,
                    "M": 1,
                    "N": 1,
                    "D": 512
                },
                "PE": {
                    "B": 1,
                    "F": 64,
                    "H": 4,
                    "M": 1,
                    "N": 1,
                    "D": 1
                },
                "PE_col": {
                    "B": 1,
                    "F": 1,
                    "H": 1,
                    "M": 1,
                    "N": 256,
                    "D": 1
                },