{
    "latency": 66.56,
    "energy": 6.24209599329571e+16,
    "energy_rsts": {
        "DRAM": 891923832451891.2,
        "L3": 3551876081253343.0,
        "reg_file": 633166251216.0768,
        "PE": 5.797652685300066e+16,
        "total": 6.24209599329571e+16
    },
    "tl_rsts": {
        "Q": {
            "tl_rst": {
                "comp_latency": 18.276456578723405,
                "mem_latency": 21.76,
                "traffic": 9345848836096,
                "energy": 61550696107272.57,
                "traffic_energy": 866803035637484.0,
                "traffic_energy_foreach": {
                    "DRAM": 291590483686195.2,
                    "L3": 575001496534216.9,
                    "reg_file": 211055417072.0256,
                    "traffic": {
                        "DRAM": {
                            "read": 1168231104512.0,
                            "write": 0.0,
                            "update": 0,
                            "leak": 0
                        },
                        "L3": {
                            "read": 50465865728.0,
                            "write": 35433480192.0,
                            "update": 0,
                            "leak": 0
                        },
                        "reg_file_2d": {
                            "read": 51535413248.0,
                            "write": 51602522112.0,
                            "update": 0,
                            "leak": 0
                        },
                        "reg_file_1d": {
                            "read": 0,
                            "write": 0,
                            "update": 0,
                            "leak": 0
                        }
                    }
                },
                "mac_instances": 65536,
                "mac_utilized_instances": 65536
            },
            "factors": {
                "DRAM": {
                    "B": 64,
                    "E": 1,
                    "H": 1,
                    "P": 4096,
                    "D": 16
                },
                "L3": {
                    "B": 1,
                    "E": 1,
                    "H": 16,
                    "P": 1,
                    "D": 256
                },
                "PE": {
                    "B": 1,
                    "E": 1,
                    "H": 1,
                    "P": 256,
                    "D": 1
                },
                "PE_col": {
                    "B": 1,
                    "E": 128,
                    "H": 2,
                    "P": 1,
                    "D": 1
                },
                "reg_file": {
                    "B": 1,
                    "E": 1,
                    "H": 1,
                    "P": 1,
                    "D": 1
                }
            }
        },
        "BK": {
            "tl_rst": {
                "comp_latency": 18.276456578723405,
                "mem_latency": 23.04,
                "traffic": 9895604649984,
                "energy": 61550696107272.57,
                "traffic_energy": 883955417030789.8,
                "traffic_energy_foreach": {
                    "DRAM": 308742865079500.8,
                    "L3": 575001496534216.9,
                    "reg_file": 211055417072.0256,
                    "traffic": {
                        "DRAM": {
                            "read": 1168231104512.0,
                            "write": 68719476736.0,
                            "update": 0,
                            "leak": 0
                        },
                        "L3": {
                            "read": 50465865728.0,
                            "write": 35433480192.0,
                            "update": 0,
                            "leak": 0
                        },
                        "reg_file_2d": {
                            "read": 51535413248.0,
                            "write": 51602522112.0,
                            "update": 0,
                            "leak": 0
                        },
                        "reg_file_1d": {
                            "read": 0,
                            "write": 0,
                            "update": 0,
                            "leak": 0
                        }
                    }
                },
                "mac_instances": 65536,
                "mac_utilized_instances": 65536
            },
            "factors": {
                "DRAM": {
                    "B": 64,
                    "E": 1,
                    "H": 1,
                    "M": 4096,
                    "N": 1,
                    "D": 16
                },
                "L3": {
                    "B": 1,
                    "E": 1,
                    "H": 16,
                    "M": 1,
                    "N": 1,
                    "D": 256
                },
                "PE": {
                    "B": 1,
                    "E": 128,
                    "H": 2,
                    "M": 1,
                    "N": 1,
                    "D": 1
                },
                "PE_col": {
                    "B": 1,
                    "E": 1,
                    "H": 1,
                    "M": 1,
                    "N": 256,
                    "D": 1
                },
                "reg_file": {
                    "B": 1,
                    "E": 1,
                    "H": 1,
                    "M": 1,
                    "N": 1,
                    "D": 1
                }
            }
        },
        "BV": {
            "tl_rst": {
                "comp_latency": 18.276456578723405,
                "mem_latency": 21.76,
                "traffic": 9345848836096,
                "energy": 61550696107272.57,
                "traffic_energy": 858340149880361.5,
                "traffic_energy_foreach": {
                    "DRAM": 291590483686195.2,
                    "L3": 566538610777094.4,
                    "reg_file": 211055417072.0256,
                    "traffic": {
                        "DRAM": {
                            "read": 1099511627776.0,
                            "write": 68719476736.0,
                            "update": 0,
                            "leak": 0
                        },
                        "L3": {
                            "read": 50465865728.0,
                            "write": 34359738368.0,
                            "update": 0,
                            "leak": 0
                        },
                        "reg_file_2d": {
                            "read": 51535413248.0,
                            "write": 51602522112.0,
                            "update": 0,
                            "leak": 0
                        },
                        "reg_file_1d": {
                            "read": 0,
                            "write": 0,
                            "update": 0,
                            "leak": 0
                        }
                    }
                },
                "mac_instances": 65536,
                "mac_utilized_instances": 65536
            },
            "factors": {
                "DRAM": {
                    "B": 64,
                    "F": 1,
                    "H": 1,
                    "M": 4096,
                    "N": 1,
                    "D": 16
                },
                "L3": {
                    "B": 1,
                    "F": 1,
                    "H": 16,
                    "M": 1,
                    "N": 1,
                    "D": 256
                },
                "PE": {
                    "B": 1,
                    "F": 128,
                    "H": 2,
                    "M": 1,
                    "N": 1,
                    "D": 1
                },
                "PE_col": {
                    "B": 1,
                    "F": 1,
                    "H": 1,
                    "M": 1,