{
    "latency": 0.013925271766954787,
    "energy": 14768740355053.268,
    "energy_rsts": {
        "DRAM": 134052052992.0,
        "L3": 480108354003.4232,
        "reg_file": 154446836.98176,
        "PE": 14154425501220.863,
        "total": 14768740355053.268
    },
    "tl_rsts": {
        "Q": {
            "tl_rst": {
                "comp_latency": 0.004462025531914894,
                "mem_latency": 0.002501220703125,
                "traffic": 1074266112,
                "energy": 15027025416.81,
                "traffic_energy": 115791430052.46259,
                "traffic_energy_foreach": {
                    "DRAM": 33517102694.399998,
                    "L3": 82222845079.06866,
                    "reg_file": 51482278.99392,
                    "traffic": {
                        "DRAM": {
                            "read": 134283264.0,
                            "write": 0.0,
                            "update": 0,
                            "leak": 0
                        },
                        "L3": {
                            "read": 8388608.0,
                            "write": 4195328.0,
                            "update": 0,
                            "leak": 0
                        },
                        "reg_file_2d": {
                            "read": 12574720.0,
                            "write": 12582912.0,
                            "update": 0,
                            "leak": 0
                        },
                        "reg_file_1d": {
                            "read": 0,
                            "write": 0,
                            "update": 0,
                            "leak": 0
                        }
                    }
                },
                "mac_instances": 65536,
                "mac_utilized_instances": 65536
            },
            "factors": {
                "DRAM": {
                    "B": 64,
                    "E": 1,
                    "H": 1,
                    "P": 16,
                    "D": 1
                },
                "L3": {
                    "B": 1,
                    "E": 1,
                    "H": 2,
                    "P": 4,
                    "D": 512
                },
                "PE": {
                    "B": 1,
                    "E": 1,
                    "H": 1,
                    "P": 256,
                    "D": 1
                },
                "PE_col": {
                    "B": 1,
                    "E": 64,
                    "H": 4,
                    "P": 1,
                    "D": 1
                },
                "reg_file": {
                    "B": 1,
                    "E": 1,
                    "H": 1,
                    "P": 1,
                    "D": 1
                }
            }
        },
        "BK": {
            "tl_rst": {
                "comp_latency": 0.004462025531914894,
                "mem_latency": 0.005001220703125,
                "traffic": 2148007936,
                "energy": 15027025416.81,
                "traffic_energy": 149292174961.2626,
                "traffic_energy_foreach": {
                    "DRAM": 67017847603.2,
                    "L3": 82222845079.06866,
                    "reg_file": 51482278.99392,
                    "traffic": {
                        "DRAM": {
                            "read": 134283264.0,
                            "write": 134217728.0,
                            "update": 0,
                            "leak": 0
                        },
                        "L3": {
                            "read": 8388608.0,
                            "write": 4195328.0,
                            "update": 0,
                            "leak": 0
                        },
                        "reg_file_2d": {
                            "read": 12574720.0,
                            "write": 12582912.0,
                            "update": 0,
                            "leak": 0
                        },
                        "reg_file_1d": {
                            "read": 0,
                            "write": 0,
                            "update": 0,
                            "leak": 0
                        }
                    }
                },
                "mac_instances": 65536,
                "mac_utilized_instances": 65536
            },
            "factors": {
                "DRAM": {
                    "B": 64,
                    "E": 1,
                    "H": 1,
                    "M": 64,
                    "N": 1,
                    "D": 1
                },
                "L3": {
                    "B": 1,
                    "E": 1,
                    "H": 2,
                    "M": 1,
                    "N": 1,
                    "D": 512
                },
                "PE": {
                    "B": 1,
                    "E": 64,
                    "H": 4,
                    "M": 1,
                    "N": 1,
                    "D": 1
                },
                "PE_col": {
                    "B": 1,
                    "E": 1,
                    "H": 1,
                    "M": 1,
                    "N": 256,
                    "D": 1
                },
                "reg_file": {
                    "B": 1,
                    "E": 1,
                    "H": 1,
                    "M": 1,
                    "N": 1,
                    "D": 1
                }
            }
        },
        "BV": {
            "tl_rst": {
                "comp_latency": 0.004462025531914894,
                "mem_latency": 0.002501220703125,
                "traffic": 1074266112,
                "energy": 15027025416.81,
                "traffic_energy": 99262356308.08269,
                "traffic_energy_foreach": {
                    "DRAM": 33517102694.399998,
                    "L3": 65693771334.68877,
                    "reg_file": 51482278.99392,
                    "traffic": {
                        "DRAM": {
                            "read": 65536.0,
                            "write": 134217728.0,
                            "update": 0,
                            "leak": 0
                        },
                        "L3": {
                            "read": 8388608.0,
                            "write": 2098176.0,
                            "update": 0,
                            "leak": 0
                        },
                        "reg_file_2d": {
                            "read": 12574720.0,
                            "write": 12582912.0,
                            "update": 0,
                            "leak": 0
                        },
                        "reg_file_1d": {
                            "read": 0,
                            "write": 0,
                            "update": 0,
                            "leak": 0
                        }
                    }
                },
                "mac_instances": 65536,
                "mac_utilized_instances": 65536
            },
            "factors": {
                "DRAM": {
                    "B": 64,
                    "F": 1,
                    "H": 1,
                    "M": 64,
                    "N": 1,
                    "D": 1
                },
                "L3": {
                    "B": 1,
                    "F": 1,
                    "H": 2,
                    "M": 1,
                    "N": 1,
                    "D": 512
                },
                "PE": {
                    "B": 1,
                    "F": 64,
                    "H": 4,
                    "M": 1,
                    "N": 1,
                    "D": 1
                },
                "PE_col": {
                    "B": 1,
                    "F": 1,
                    "H": 1,
                    "M": 1,
                    "N": 256,
                    "D": 1
                },