{
    "latency": 0.016337025531914892,
    "energy": 15010303295045.145,
    "energy_rsts": {
        "DRAM": 201004469452.8,
        "L3": 654718802094.719,
        "reg_file": 154522276.7616,
        "PE": 14154425501220.863,
        "total": 15010303295045.145
    },
    "tl_rsts": {
        "Q": {
            "tl_rst": {
                "comp_latency": 0.004462025531914894,
                "mem_latency": 0.003125,
                "traffic": 1342177280,
                "energy": 15027025416.81,
                "traffic_energy": 137491348756.24652,
                "traffic_energy_foreach": {
                    "DRAM": 41875931136.0,
                    "L3": 95563910194.65933,
                    "reg_file": 51507425.5872,
                    "traffic": {
                        "DRAM": {
                            "read": 167772160.0,
                            "write": 0.0,
                            "update": 0,
                            "leak": 0
                        },
                        "L3": {
                            "read": 9961472.0,
                            "write": 4718592.0,
                            "update": 0,
                            "leak": 0
                        },
                        "reg_file_2d": {
                            "read": 12580864.0,
                            "write": 12589056.0,
                            "update": 0,
                            "leak": 0
                        },
                        "reg_file_1d": {
                            "read": 0,
                            "write": 0,
                            "update": 0,
                            "leak": 0
                        }
                    }
                },
                "mac_instances": 65536,
                "mac_utilized_instances": 65536
            },
            "factors": {
                "DRAM": {
                    "B": 64,
                    "E": 1,
                    "H": 1,
                    "P": 2,
                    "D": 4
                },
                "L3": {
                    "B": 1,
                    "E": 1,
                    "H": 8,
                    "P": 2,
                    "D": 512
                },
                "PE": {
                    "B": 1,
                    "E": 1,
                    "H": 1,
                    "P": 256,
                    "D": 1
                },
                "PE_col": {
                    "B": 1,
                    "E": 128,
                    "H": 2,
                    "P": 1,
                    "D": 1
                },
                "reg_file": {
                    "B": 1,
                    "E": 1,
                    "H": 1,
                    "P": 1,
                    "D": 1
                }
            }
        },
        "BK": {
            "tl_rst": {
                "comp_latency": 0.004462025531914894,
                "mem_latency": 0.00625,
                "traffic": 2684354560,
                "energy": 15027025416.81,
                "traffic_energy": 195896353636.62643,
                "traffic_energy_foreach": {
                    "DRAM": 83751862272.0,
                    "L3": 112092983939.03923,
                    "reg_file": 51507425.5872,
                    "traffic": {
                        "DRAM": {
                            "read": 301989888.0,
                            "write": 33554432.0,
                            "update": 0,
                            "leak": 0
                        },
                        "L3": {
                            "read": 9961472.0,
                            "write": 6815744.0,
                            "update": 0,
                            "leak": 0
                        },
                        "reg_file_2d": {
                            "read": 12580864.0,
                            "write": 12589056.0,
                            "update": 0,
                            "leak": 0
                        },
                        "reg_file_1d": {
                            "read": 0,
                            "write": 0,
                            "update": 0,
                            "leak": 0
                        }
                    }
                },
                "mac_instances": 65536,
                "mac_utilized_instances": 65536
            },
            "factors": {
                "DRAM": {
                    "B": 64,
                    "E": 1,
                    "H": 1,
                    "M": 4,
                    "N": 1,
                    "D": 4
                },
                "L3": {
                    "B": 1,
                    "E": 1,
                    "H": 8,
                    "M": 1,
                    "N": 1,
                    "D": 512
                },
                "PE": {
                    "B": 1,
                    "E": 128,
                    "H": 2,
                    "M": 1,
                    "N": 1,
                    "D": 1
                },
                "PE_col": {
                    "B": 1,
                    "E": 1,
                    "H": 1,
                    "M": 1,
                    "N": 256,
                    "D": 1
                },
                "reg_file": {
                    "B": 1,
                    "E": 1,
                    "H": 1,
                    "M": 1,
                    "N": 1,
                    "D": 1
                }
            }
        },
        "BV": {
            "tl_rst": {
                "comp_latency": 0.004462025531914894,
                "mem_latency": 0.005625,
                "traffic": 2415919104,
                "energy": 15027025416.81,
                "traffic_energy": 183388898973.33145,
                "traffic_energy_foreach": {
                    "DRAM": 75376676044.8,
                    "L3": 107960715502.94424,
                    "reg_file": 51507425.5872,
                    "traffic": {
                        "DRAM": {
                            "read": 268435456.0,
                            "write": 33554432.0,
                            "update": 0,
                            "leak": 0
                        },
                        "L3": {
                            "read": 9961472.0,
                            "write": 6291456.0,
                            "update": 0,
                            "leak": 0
                        },
                        "reg_file_2d": {
                            "read": 12580864.0,
                            "write": 12589056.0,
                            "update": 0,
                            "leak": 0
                        },
                        "reg_file_1d": {
                            "read": 0,
                            "write": 0,
                            "update": 0,
                            "leak": 0
                        }
                    }
                },
                "mac_instances": 65536,
                "mac_utilized_instances": 65536
            },
            "factors": {
                "DRAM": {
                    "B": 64,
                    "F": 1,
                    "H": 1,
                    "M": 4,
                    "N": 1,
                    "D": 4
                },
                "L3": {
                    "B": 1,
                    "F": 1,
                    "H": 8,
                    "M": 1,
                    "N": 1,
                    "D": 512
                },
                "PE": {
                    "B": 1,
                    "F": 128,
                    "H": 2,
                    "M": 1,
                    "N": 1,
                    "D": 1
                },
                "PE_col": {
                    "B": 1,
                    "F": 1,
                    "H": 1,
                    "M": 1,
                    "N": 256,
                    "D": 1
                },