{
    "latency": 0.22278603772440161,
    "energy": 236298383753197.12,
    "energy_rsts": {
        "DRAM": 2144096747520.0,
        "L3": 7681007836751.613,
        "reg_file": 2471149391.70816,
        "PE": 226470808019533.8,
        "total": 236298383753197.12
    },
    "tl_rsts": {
        "Q": {
            "tl_rst": {
                "comp_latency": 0.0713924085106383,
                "mem_latency": 0.040001220703125,
                "traffic": 17180393472,
                "energy": 240432406669.03,
                "traffic_energy": 1852296451503.5627,
                "traffic_energy_foreach": {
                    "DRAM": 536028276326.39996,
                    "L3": 1315444458713.26,
                    "reg_file": 823716463.90272,
                    "traffic": {
                        "DRAM": {
                            "read": 2147549184.0,
                            "write": 0.0,
                            "update": 0,
                            "leak": 0
                        },
                        "L3": {
                            "read": 134217728.0,
                            "write": 67109888.0,
                            "update": 0,
                            "leak": 0
                        },
                        "reg_file_2d": {
                            "read": 201195520.0,
                            "write": 201326592.0,
                            "update": 0,
                            "leak": 0
                        },
                        "reg_file_1d": {
                            "read": 0,
                            "write": 0,
                            "update": 0,
                            "leak": 0
                        }
                    }
                },
                "mac_instances": 65536,
                "mac_utilized_instances": 65536
            },
            "factors": {
                "DRAM": {
                    "B": 64,
                    "E": 1,
                    "H": 1,
                    "P": 256,
                    "D": 1
                },
                "L3": {
                    "B": 1,
                    "E": 1,
                    "H": 2,
                    "P": 4,
                    "D": 512
                },
                "PE": {
                    "B": 1,
                    "E": 1,
                    "H": 1,
                    "P": 256,
                    "D": 1
                },
                "PE_col": {
                    "B": 1,
                    "E": 64,
                    "H": 4,
                    "P": 1,
                    "D": 1
                },
                "reg_file": {
                    "B": 1,
                    "E": 1,
                    "H": 1,
                    "P": 1,
                    "D": 1
                }
            }
        },
        "BK": {
            "tl_rst": {
                "comp_latency": 0.0713924085106383,
                "mem_latency": 0.080001220703125,
                "traffic": 34360262656,
                "energy": 240432406669.03,
                "traffic_energy": 2388308370044.363,
                "traffic_energy_foreach": {
                    "DRAM": 1072040194867.2,
                    "L3": 1315444458713.26,
                    "reg_file": 823716463.90272,
                    "traffic": {
                        "DRAM": {
                            "read": 2147549184.0,
                            "write": 2147483648.0,
                            "update": 0,
                            "leak": 0
                        },
                        "L3": {
                            "read": 134217728.0,
                            "write": 67109888.0,
                            "update": 0,
                            "leak": 0
                        },
                        "reg_file_2d": {
                            "read": 201195520.0,
                            "write": 201326592.0,
                            "update": 0,
                            "leak": 0
                        },
                        "reg_file_1d": {
                            "read": 0,
                            "write": 0,
                            "update": 0,
                            "leak": 0
                        }
                    }
                },
                "mac_instances": 65536,
                "mac_utilized_instances": 65536
            },
            "factors": {
                "DRAM": {
                    "B": 64,
                    "E": 1,
                    "H": 1,
                    "M": 1024,
                    "N": 1,
                    "D": 1
                },
                "L3": {
                    "B": 1,
                    "E": 1,
                    "H": 2,
                    "M": 1,
                    "N": 1,
                    "D": 512
                },
                "PE": {
                    "B": 1,
                    "E": 64,
                    "H": 4,
                    "M": 1,
                    "N": 1,
                    "D": 1
                },
                "PE_col": {
                    "B": 1,
                    "E": 1,
                    "H": 1,
                    "M": 1,
                    "N": 256,
                    "D": 1
                },
                "reg_file": {
                    "B": 1,
                    "E": 1,
                    "H": 1,
                    "M": 1,
                    "N": 1,
                    "D": 1
                }
            }
        },
        "BV": {
            "tl_rst": {
                "comp_latency": 0.0713924085106383,
                "mem_latency": 0.040001220703125,
                "traffic": 17180393472,
                "energy": 240432406669.03,
                "traffic_energy": 1587831271593.4844,
                "traffic_energy_foreach": {
                    "DRAM": 536028276326.39996,
                    "L3": 1050979278803.1815,
                    "reg_file": 823716463.90272,
                    "traffic": {
                        "DRAM": {
                            "read": 65536.0,
                            "write": 2147483648.0,
                            "update": 0,
                            "leak": 0
                        },
                        "L3": {
                            "read": 134217728.0,
                            "write": 33555456.0,
                            "update": 0,
                            "leak": 0
                        },
                        "reg_file_2d": {
                            "read": 201195520.0,
                            "write": 201326592.0,
                            "update": 0,
                            "leak": 0
                        },
                        "reg_file_1d": {
                            "read": 0,
                            "write": 0,
                            "update": 0,
                            "leak": 0
                        }
                    }
                },
                "mac_instances": 65536,
                "mac_utilized_instances": 65536
            },
            "factors": {
                "DRAM": {
                    "B": 64,
                    "F": 1,
                    "H": 1,
                    "M": 1024,
                    "N": 1,
                    "D": 1
                },
                "L3": {
                    "B": 1,
                    "F": 1,
                    "H": 2,
                    "M": 1,
                    "N": 1,
                    "D": 512
                },
                "PE": {
                    "B": 1,
                    "F": 64,
                    "H": 4,
                    "M": 1,
                    "N": 1,
                    "D": 1
                },
                "PE_col": {
                    "B": 1,
                    "F": 1,
                    "H": 1,
                    "M": 1,
                    "N": 256,