{
    "latency": 0.013386076595744681,
    "energy": 14619448260079.037,
    "energy_rsts": {
        "DRAM": 67197783244.8,
        "L3": 397670501860.3274,
        "reg_file": 154473753.04704,
        "PE": 14154425501220.863,
        "total": 14619448260079.037
    },
    "tl_rsts": {
        "Q": {
            "tl_rst": {
                "comp_latency": 0.004462025531914894,
                "mem_latency": 0.0012548828125,
                "traffic": 538968064,
                "energy": 15027025416.81,
                "traffic_energy": 82585278692.8722,
                "traffic_energy_foreach": {
                    "DRAM": 16815803596.8,
                    "L3": 65717983845.05651,
                    "reg_file": 51491251.01568,
                    "traffic": {
                        "DRAM": {
                            "read": 67371008.0,
                            "write": 0.0,
                            "update": 0,
                            "leak": 0
                        },
                        "L3": {
                            "read": 8388608.0,
                            "write": 2101248.0,
                            "update": 0,
                            "leak": 0
                        },
                        "reg_file_2d": {
                            "read": 12578816.0,
                            "write": 12582912.0,
                            "update": 0,
                            "leak": 0
                        },
                        "reg_file_1d": {
                            "read": 0,
                            "write": 0,
                            "update": 0,
                            "leak": 0
                        }
                    }
                },
                "mac_instances": 65536,
                "mac_utilized_instances": 65536
            },
            "factors": {
                "DRAM": {
                    "B": 64,
                    "E": 1,
                    "H": 1,
                    "P": 8,
                    "D": 1
                },
                "L3": {
                    "B": 1,
                    "E": 1,
                    "H": 4,
                    "P": 2,
                    "D": 1024
                },
                "PE": {
                    "B": 1,
                    "E": 1,
                    "H": 1,
                    "P": 256,
                    "D": 1
                },
                "PE_col": {
                    "B": 1,
                    "E": 64,
                    "H": 4,
                    "P": 1,
                    "D": 1
                },
                "reg_file": {
                    "B": 1,
                    "E": 1,
                    "H": 1,
                    "P": 1,
                    "D": 1
                }
            }
        },
        "BK": {
            "tl_rst": {
                "comp_latency": 0.004462025531914894,
                "mem_latency": 0.0025048828125,
                "traffic": 1075838976,
                "energy": 15027025416.81,
                "traffic_energy": 99335651147.27219,
                "traffic_energy_foreach": {
                    "DRAM": 33566176051.199997,
                    "L3": 65717983845.05651,
                    "reg_file": 51491251.01568,
                    "traffic": {
                        "DRAM": {
                            "read": 67371008.0,
                            "write": 67108864.0,
                            "update": 0,
                            "leak": 0
                        },
                        "L3": {
                            "read": 8388608.0,
                            "write": 2101248.0,
                            "update": 0,
                            "leak": 0
                        },
                        "reg_file_2d": {
                            "read": 12578816.0,
                            "write": 12582912.0,
                            "update": 0,
                            "leak": 0
                        },
                        "reg_file_1d": {
                            "read": 0,
                            "write": 0,
                            "update": 0,
                            "leak": 0
                        }
                    }
                },
                "mac_instances": 65536,
                "mac_utilized_instances": 65536
            },
            "factors": {
                "DRAM": {
                    "B": 64,
                    "E": 1,
                    "H": 1,
                    "M": 16,
                    "N": 1,
                    "D": 1
                },
                "L3": {
                    "B": 1,
                    "E": 1,
                    "H": 4,
                    "M": 1,
                    "N": 1,
                    "D": 1024
                },
                "PE": {
                    "B": 1,
                    "E": 64,
                    "H": 4,
                    "M": 1,
                    "N": 1,
                    "D": 1
                },
                "PE_col": {
                    "B": 1,
                    "E": 1,
                    "H": 1,
                    "M": 1,
                    "N": 256,
                    "D": 1
                },
                "reg_file": {
                    "B": 1,
                    "E": 1,
                    "H": 1,
                    "M": 1,
                    "N": 1,
                    "D": 1
                }
            }
        },
        "BV": {
            "tl_rst": {
                "comp_latency": 0.004462025531914894,
                "mem_latency": 0.0012548828125,
                "traffic": 538968064,
                "energy": 15027025416.81,
                "traffic_energy": 74320741820.68225,
                "traffic_energy_foreach": {
                    "DRAM": 16815803596.8,
                    "L3": 57453446972.86656,
                    "reg_file": 51491251.01568,
                    "traffic": {
                        "DRAM": {
                            "read": 262144.0,
                            "write": 67108864.0,
                            "update": 0,
                            "leak": 0
                        },
                        "L3": {
                            "read": 8388608.0,
                            "write": 1052672.0,
                            "update": 0,
                            "leak": 0
                        },
                        "reg_file_2d": {
                            "read": 12578816.0,
                            "write": 12582912.0,
                            "update": 0,
                            "leak": 0
                        },
                        "reg_file_1d": {
                            "read": 0,
                            "write": 0,
                            "update": 0,
                            "leak": 0
                        }
                    }
                },
                "mac_instances": 65536,
                "mac_utilized_instances": 65536
            },
            "factors": {
                "DRAM": {
                    "B": 64,
                    "F": 1,
                    "H": 1,
                    "M": 16,
                    "N": 1,
                    "D": 1
                },
                "L3": {
                    "B": 1,
                    "F": 1,
                    "H": 4,
                    "M": 1,
                    "N": 1,
                    "D": 1024
                },
                "PE": {
                    "B": 1,
                    "F": 64,
                    "H": 4,
                    "M": 1,
                    "N": 1,
                    "D": 1
                },
                "PE_col": {
                    "B": 1,
                    "F": 1,
                    "H": 1,
                    "M": 1,
                    "N": 256,
                    "D": 1
                },