{
    "latency": 0.8911404887882314,
    "energy": 945193242627257.5,
    "energy_rsts": {
        "DRAM": 8576239770009.6,
        "L3": 30723886181545.82,
        "reg_file": 9884597566.83264,
        "PE": 905883232078135.2,
        "total": 945193242627257.5
    },
    "tl_rsts": {
        "Q": {
            "tl_rst": {
                "comp_latency": 0.2855696340425532,
                "mem_latency": 0.160001220703125,
                "traffic": 68720001024,
                "energy": 961729626676.13,
                "traffic_energy": 7409112520147.083,
                "traffic_energy_foreach": {
                    "DRAM": 2144064031948.8,
                    "L3": 5261753622342.672,
                    "reg_file": 3294865855.61088,
                    "traffic": {
                        "DRAM": {
                            "read": 8590000128.0,
                            "write": 0.0,
                            "update": 0,
                            "leak": 0
                        },
                        "L3": {
                            "read": 536870912.0,
                            "write": 268436480.0,
                            "update": 0,
                            "leak": 0
                        },
                        "reg_file_2d": {
                            "read": 804782080.0,
                            "write": 805306368.0,
                            "update": 0,
                            "leak": 0
                        },
                        "reg_file_1d": {
                            "read": 0,
                            "write": 0,
                            "update": 0,
                            "leak": 0
                        }
                    }
                },
                "mac_instances": 65536,
                "mac_utilized_instances": 65536
            },
            "factors": {
                "DRAM": {
                    "B": 64,
                    "E": 1,
                    "H": 1,
                    "P": 1024,
                    "D": 1
                },
                "L3": {
                    "B": 1,
                    "E": 1,
                    "H": 2,
                    "P": 4,
                    "D": 512
                },
                "PE": {
                    "B": 1,
                    "E": 1,
                    "H": 1,
                    "P": 256,
                    "D": 1
                },
                "PE_col": {
                    "B": 1,
                    "E": 64,
                    "H": 4,
                    "P": 1,
                    "D": 1
                },
                "reg_file": {
                    "B": 1,
                    "E": 1,
                    "H": 1,
                    "P": 1,
                    "D": 1
                }
            }
        },
        "BK": {
            "tl_rst": {
                "comp_latency": 0.2855696340425532,
                "mem_latency": 0.320001220703125,
                "traffic": 137439477760,
                "energy": 961729626676.13,
                "traffic_energy": 9553160194310.283,
                "traffic_energy_foreach": {
                    "DRAM": 4288111706112.0,
                    "L3": 5261753622342.672,
                    "reg_file": 3294865855.61088,
                    "traffic": {
                        "DRAM": {
                            "read": 8590000128.0,
                            "write": 8589934592.0,
                            "update": 0,
                            "leak": 0
                        },
                        "L3": {
                            "read": 536870912.0,
                            "write": 268436480.0,
                            "update": 0,
                            "leak": 0
                        },
                        "reg_file_2d": {
                            "read": 804782080.0,
                            "write": 805306368.0,
                            "update": 0,
                            "leak": 0
                        },
                        "reg_file_1d": {
                            "read": 0,
                            "write": 0,
                            "update": 0,
                            "leak": 0
                        }
                    }
                },
                "mac_instances": 65536,
                "mac_utilized_instances": 65536
            },
            "factors": {
                "DRAM": {
                    "B": 64,
                    "E": 1,
                    "H": 1,
                    "M": 4096,
                    "N": 1,
                    "D": 1
                },
                "L3": {
                    "B": 1,
                    "E": 1,
                    "H": 2,
                    "M": 1,
                    "N": 1,
                    "D": 512
                },
                "PE": {
                    "B": 1,
                    "E": 64,
                    "H": 4,
                    "M": 1,
                    "N": 1,
                    "D": 1
                },
                "PE_col": {
                    "B": 1,
                    "E": 1,
                    "H": 1,
                    "M": 1,
                    "N": 256,
                    "D": 1
                },
                "reg_file": {
                    "B": 1,
                    "E": 1,
                    "H": 1,
                    "M": 1,
                    "N": 1,
                    "D": 1
                }
            }
        },
        "BV": {
            "tl_rst": {
                "comp_latency": 0.2855696340425532,
                "mem_latency": 0.160001220703125,
                "traffic": 68720001024,
                "energy": 961729626676.13,
                "traffic_energy": 6351251800506.77,
                "traffic_energy_foreach": {
                    "DRAM": 2144064031948.8,
                    "L3": 4203892902702.3584,
                    "reg_file": 3294865855.61088,
                    "traffic": {
                        "DRAM": {
                            "read": 65536.0,
                            "write": 8589934592.0,
                            "update": 0,
                            "leak": 0
                        },
                        "L3": {
                            "read": 536870912.0,
                            "write": 134218752.0,
                            "update": 0,
                            "leak": 0
                        },
                        "reg_file_2d": {
                            "read": 804782080.0,
                            "write": 805306368.0,
                            "update": 0,
                            "leak": 0
                        },
                        "reg_file_1d": {
                            "read": 0,
                            "write": 0,
                            "update": 0,
                            "leak": 0
                        }
                    }
                },
                "mac_instances": 65536,
                "mac_utilized_instances": 65536
            },
            "factors": {
                "DRAM": {
                    "B": 64,
                    "F": 1,
                    "H": 1,
                    "M": 4096,
                    "N": 1,
                    "D": 1
                },
                "L3": {
                    "B": 1,
                    "F": 1,
                    "H": 2,
                    "M": 1,
                    "N": 1,
                    "D": 512
                },
                "PE": {
                    "B": 1,
                    "F": 64,
                    "H": 4,
                    "M": 1,
                    "N": 1,
                    "D": 1
                },
                "PE_col": {
                    "B": 1,
                    "F": 1,
                    "H": 1,
                    "M": 1,
                    "N": 256,