{
    "latency": 16.64,
    "energy": 1.5605239983239276e+16,
    "energy_rsts": {
        "DRAM": 222980958112972.8,
        "L3": 887969020313335.8,
        "reg_file": 158291562804.0192,
        "PE": 1.4494131713250164e+16,
        "total": 1.5605239983239276e+16
    },
    "tl_rsts": {
        "Q": {
            "tl_rst": {
                "comp_latency": 4.569114144680851,
                "mem_latency": 5.44,
                "traffic": 2336462209024,
                "energy": 15387674026818.14,
                "traffic_energy": 216700758909371.0,
                "traffic_energy_foreach": {
                    "DRAM": 72897620921548.8,
                    "L3": 143750374133554.22,
                    "reg_file": 52763854268.0064,
                    "traffic": {
                        "DRAM": {
                            "read": 292057776128.0,
                            "write": 0.0,
                            "update": 0,
                            "leak": 0
                        },
                        "L3": {
                            "read": 12616466432.0,
                            "write": 8858370048.0,
                            "update": 0,
                            "leak": 0
                        },
                        "reg_file_2d": {
                            "read": 12883853312.0,
                            "write": 12900630528.0,
                            "update": 0,
                            "leak": 0
                        },
                        "reg_file_1d": {
                            "read": 0,
                            "write": 0,
                            "update": 0,
                            "leak": 0
                        }
                    }
                },
                "mac_instances": 65536,
                "mac_utilized_instances": 65536
            },
            "factors": {
                "DRAM": {
                    "B": 64,
                    "E": 1,
                    "H": 1,
                    "P": 1024,
                    "D": 16
                },
                "L3": {
                    "B": 1,
                    "E": 1,
                    "H": 16,
                    "P": 1,
                    "D": 256
                },
                "PE": {
                    "B": 1,
                    "E": 1,
                    "H": 1,
                    "P": 256,
                    "D": 1
                },
                "PE_col": {
                    "B": 1,
                    "E": 128,
                    "H": 2,
                    "P": 1,
                    "D": 1
                },
                "reg_file": {
                    "B": 1,
                    "E": 1,
                    "H": 1,
                    "P": 1,
                    "D": 1
                }
            }
        },
        "BK": {
            "tl_rst": {
                "comp_latency": 4.569114144680851,
                "mem_latency": 5.76,
                "traffic": 2473901162496,
                "energy": 15387674026818.14,
                "traffic_energy": 220988854257697.44,
                "traffic_energy_foreach": {
                    "DRAM": 77185716269875.2,
                    "L3": 143750374133554.22,
                    "reg_file": 52763854268.0064,
                    "traffic": {
                        "DRAM": {
                            "read": 292057776128.0,
                            "write": 17179869184.0,
                            "update": 0,
                            "leak": 0
                        },
                        "L3": {
                            "read": 12616466432.0,
                            "write": 8858370048.0,
                            "update": 0,
                            "leak": 0
                        },
                        "reg_file_2d": {
                            "read": 12883853312.0,
                            "write": 12900630528.0,
                            "update": 0,
                            "leak": 0
                        },
                        "reg_file_1d": {
                            "read": 0,
                            "write": 0,
                            "update": 0,
                            "leak": 0
                        }
                    }
                },
                "mac_instances": 65536,
                "mac_utilized_instances": 65536
            },
            "factors": {
                "DRAM": {
                    "B": 64,
                    "E": 1,
                    "H": 1,
                    "M": 1024,
                    "N": 1,
                    "D": 16
                },
                "L3": {
                    "B": 1,
                    "E": 1,
                    "H": 16,
                    "M": 1,
                    "N": 1,
                    "D": 256
                },
                "PE": {
                    "B": 1,
                    "E": 128,
                    "H": 2,
                    "M": 1,
                    "N": 1,
                    "D": 1
                },
                "PE_col": {
                    "B": 1,
                    "E": 1,
                    "H": 1,
                    "M": 1,
                    "N": 256,
                    "D": 1
                },
                "reg_file": {
                    "B": 1,
                    "E": 1,
                    "H": 1,
                    "M": 1,
                    "N": 1,
                    "D": 1
                }
            }
        },
        "BV": {
            "tl_rst": {
                "comp_latency": 4.569114144680851,
                "mem_latency": 5.44,
                "traffic": 2336462209024,
                "energy": 15387674026818.14,
                "traffic_energy": 214585037470090.38,
                "traffic_energy_foreach": {
                    "DRAM": 72897620921548.8,
                    "L3": 141634652694273.6,
                    "reg_file": 52763854268.0064,
                    "traffic": {
                        "DRAM": {
                            "read": 274877906944.0,
                            "write": 17179869184.0,
                            "update": 0,
                            "leak": 0
                        },
                        "L3": {
                            "read": 12616466432.0,
                            "write": 8589934592.0,
                            "update": 0,
                            "leak": 0
                        },
                        "reg_file_2d": {
                            "read": 12883853312.0,
                            "write": 12900630528.0,
                            "update": 0,
                            "leak": 0
                        },
                        "reg_file_1d": {
                            "read": 0,
                            "write": 0,
                            "update": 0,
                            "leak": 0
                        }
                    }
                },
                "mac_instances": 65536,
                "mac_utilized_instances": 65536
            },
            "factors": {
                "DRAM": {
                    "B": 64,
                    "F": 1,
                    "H": 1,
                    "M": 1024,
                    "N": 1,
                    "D": 16
                },
                "L3": {
                    "B": 1,
                    "F": 1,
                    "H": 16,
                    "M": 1,
                    "N": 1,
                    "D": 256
                },
                "PE": {
                    "B": 1,
                    "F": 128,
                    "H": 2,
                    "M": 1,
                    "N": 1,
                    "D": 1
                },
                "PE_col": {
                    "B": 1,
                    "F": 1,
                    "H": 1,
                    "M": 1,
                    "N": 256,