{
    "latency": 54.829369736170214,
    "energy": 268322158470094.94,
    "energy_rsts": {
        "DRAM": 2144096747520.0,
        "L3": 39074639458763.82,
        "reg_file": 632614244277.289,
        "PE": 226470808019533.8,
        "total": 268322158470094.94
    },
    "tl_rsts": {
        "Q": {
            "tl_rst": {
                "comp_latency": 18.276456578723405,
                "mem_latency": 0.533349609375,
                "traffic": 17180393472,
                "energy": 240432406669.03,
                "traffic_energy": 28674927165617.957,
                "traffic_energy_foreach": {
                    "DRAM": 536028276326.39996,
                    "L3": 27928027474532.46,
                    "reg_file": 210871414759.0963,
                    "traffic": {
                        "DRAM": {
                            "read": 2147549184.0,
                            "write": 0.0,
                            "update": 0,
                            "leak": 0
                        },
                        "L3": {
                            "read": 2147483648.0,
                            "write": 67109888.0,
                            "update": 0,
                            "leak": 0
                        },
                        "reg_file_2d": {
                            "read": 51506053120.0,
                            "write": 51539607552.0,
                            "update": 0,
                            "leak": 0
                        },
                        "reg_file_1d": {
                            "read": 0,
                            "write": 0,
                            "update": 0,
                            "leak": 0
                        }
                    }
                },
                "mac_instances": 256,
                "mac_utilized_instances": 256
            },
            "factors": {
                "DRAM": {
                    "B": 64,
                    "E": 1,
                    "H": 1,
                    "P": 256,
                    "D": 1
                },
                "L3": {
                    "B": 1,
                    "E": 4,
                    "H": 8,
                    "P": 64,
                    "D": 512
                },
                "PE": {
                    "B": 1,
                    "E": 1,
                    "H": 1,
                    "P": 16,
                    "D": 1
                },
                "PE_col": {
                    "B": 1,
                    "E": 16,
                    "H": 1,
                    "P": 1,
                    "D": 1
                },
                "reg_file": {
                    "B": 1,
                    "E": 1,
                    "H": 1,
                    "P": 1,
                    "D": 1
                }
            }
        },
        "BK": {
            "tl_rst": {
                "comp_latency": 18.276456578723405,
                "mem_latency": 1.0666829427083333,
                "traffic": 34360262656,
                "energy": 240432406669.03,
                "traffic_energy": 29210939084158.758,
                "traffic_energy_foreach": {
                    "DRAM": 1072040194867.2,
                    "L3": 27928027474532.46,
                    "reg_file": 210871414759.0963,
                    "traffic": {
                        "DRAM": {
                            "read": 2147549184.0,
                            "write": 2147483648.0,
                            "update": 0,
                            "leak": 0
                        },
                        "L3": {
                            "read": 2147483648.0,
                            "write": 67109888.0,
                            "update": 0,
                            "leak": 0
                        },
                        "reg_file_2d": {
                            "read": 51506053120.0,
                            "write": 51539607552.0,
                            "update": 0,
                            "leak": 0
                        },
                        "reg_file_1d": {
                            "read": 0,
                            "write": 0,
                            "update": 0,
                            "leak": 0
                        }
                    }
                },
                "mac_instances": 256,
                "mac_utilized_instances": 256
            },
            "factors": {
                "DRAM": {
                    "B": 64,
                    "E": 1,
                    "H": 1,
                    "M": 16384,
                    "N": 1,
                    "D": 1
                },
                "L3": {
                    "B": 1,
                    "E": 4,
                    "H": 8,
                    "M": 1,
                    "N": 1,
                    "D": 512
                },
                "PE": {
                    "B": 1,
                    "E": 16,
                    "H": 1,
                    "M": 1,
                    "N": 1,
                    "D": 1
                },
                "PE_col": {
                    "B": 1,
                    "E": 1,
                    "H": 1,
                    "M": 1,
                    "N": 16,
                    "D": 1
                },
                "reg_file": {
                    "B": 1,
                    "E": 1,
                    "H": 1,
                    "M": 1,
                    "N": 1,
                    "D": 1
                }
            }
        },
        "BV": {
            "tl_rst": {
                "comp_latency": 18.276456578723405,
                "mem_latency": 0.533349609375,
                "traffic": 17180393472,
                "energy": 240432406669.03,
                "traffic_energy": 28146395852954.1,
                "traffic_energy_foreach": {
                    "DRAM": 536028276326.39996,
                    "L3": 27399496161868.605,
                    "reg_file": 210871414759.0963,
                    "traffic": {
                        "DRAM": {
                            "read": 65536.0,
                            "write": 2147483648.0,
                            "update": 0,
                            "leak": 0
                        },
                        "L3": {
                            "read": 2147483648.0,
                            "write": 33555456.0,
                            "update": 0,
                            "leak": 0
                        },
                        "reg_file_2d": {
                            "read": 51506053120.0,
                            "write": 51539607552.0,
                            "update": 0,
                            "leak": 0
                        },
                        "reg_file_1d": {
                            "read": 0,
                            "write": 0,
                            "update": 0,
                            "leak": 0
                        }
                    }
                },
                "mac_instances": 256,
                "mac_utilized_instances": 256
            },
            "factors": {
                "DRAM": {
                    "B": 64,
                    "F": 1,
                    "H": 1,
                    "M": 16384,
                    "N": 1,
                    "D": 1
                },
                "L3": {
                    "B": 1,
                    "F": 4,
                    "H": 8,
                    "M": 1,
                    "N": 1,
                    "D": 512
                },
                "PE": {
                    "B": 1,
                    "F": 16,
                    "H": 1,
                    "M": 1,
                    "N": 1,
                    "D": 1
                },
                "PE_col": {
                    "B": 1,
                    "F": 1,
                    "H": 1,
                    "M": 1,
                    "N": 16,