{
    "latency": 14036.318652459575,
    "energy": 8.322113968129926e+16,
    "energy_rsts": {
        "DRAM": 9399505003531470.0,
        "L3": 1.5682919213702534e+16,
        "reg_file": 162188611064608.84,
        "PE": 5.797652685300066e+16,
        "total": 8.322113968129926e+16
    },
    "tl_rsts": {
        "Q": {
            "tl_rst": {
                "comp_latency": 4678.772884153192,
                "mem_latency": 563.2,
                "traffic": 18141941858304,
                "energy": 61550696107272.57,
                "traffic_energy": 9014899164075800.0,
                "traffic_energy_foreach": {
                    "DRAM": 566028585979084.8,
                    "L3": 8394807707741846.0,
                    "reg_file": 54062870354869.62,
                    "traffic": {
                        "DRAM": {
                            "read": 2267742732288.0,
                            "write": 0.0,
                            "update": 0,
                            "leak": 0
                        },
                        "L3": {
                            "read": 583041810432.0,
                            "write": 69793218560.0,
                            "update": 0,
                            "leak": 0
                        },
                        "reg_file_2d": {
                            "read": 13193065791488.0,
                            "write": 13227425529856.0,
                            "update": 0,
                            "leak": 0
                        },
                        "reg_file_1d": {
                            "read": 0,
                            "write": 0,
                            "update": 0,
                            "leak": 0
                        }
                    }
                },
                "mac_instances": 256,
                "mac_utilized_instances": 256
            },
            "factors": {
                "DRAM": {
                    "B": 64,
                    "E": 1,
                    "H": 1,
                    "P": 8192,
                    "D": 32
                },
                "L3": {
                    "B": 1,
                    "E": 8,
                    "H": 32,
                    "P": 8,
                    "D": 128
                },
                "PE": {
                    "B": 1,
                    "E": 1,
                    "H": 1,
                    "P": 16,
                    "D": 1
                },
                "PE_col": {
                    "B": 1,
                    "E": 16,
                    "H": 1,
                    "P": 1,
                    "D": 1
                },
                "reg_file": {
                    "B": 1,
                    "E": 1,
                    "H": 1,
                    "P": 1,
                    "D": 1
                }
            }
        },
        "BK": {
            "tl_rst": {
                "comp_latency": 4678.772884153192,
                "mem_latency": 4403.2,
                "traffic": 141836999983104,
                "energy": 61550696107272.57,
                "traffic_energy": 1.6662697426744074e+16,
                "traffic_energy_foreach": {
                    "DRAM": 4425314399472844.5,
                    "L3": 1.218332015691636e+16,
                    "reg_file": 54062870354869.62,
                    "traffic": {
                        "DRAM": {
                            "read": 17660905521152.0,
                            "write": 68719476736.0,
                            "update": 0,
                            "leak": 0
                        },
                        "L3": {
                            "read": 583041810432.0,
                            "write": 310311387136.0,
                            "update": 0,
                            "leak": 0
                        },
                        "reg_file_2d": {
                            "read": 13193065791488.0,
                            "write": 13227425529856.0,
                            "update": 0,
                            "leak": 0
                        },
                        "reg_file_1d": {
                            "read": 0,
                            "write": 0,
                            "update": 0,
                            "leak": 0
                        }
                    }
                },
                "mac_instances": 256,
                "mac_utilized_instances": 256
            },
            "factors": {
                "DRAM": {
                    "B": 64,
                    "E": 1,
                    "H": 1,
                    "M": 65536,
                    "N": 1,
                    "D": 32
                },
                "L3": {
                    "B": 1,
                    "E": 8,
                    "H": 32,
                    "M": 1,
                    "N": 1,
                    "D": 128
                },
                "PE": {
                    "B": 1,
                    "E": 16,
                    "H": 1,
                    "M": 1,
                    "N": 1,
                    "D": 1
                },
                "PE_col": {
                    "B": 1,
                    "E": 1,
                    "H": 1,
                    "M": 1,
                    "N": 16,
                    "D": 1
                },
                "reg_file": {
                    "B": 1,
                    "E": 1,
                    "H": 1,
                    "M": 1,
                    "N": 1,
                    "D": 1
                }
            }
        },
        "BV": {
            "tl_rst": {
                "comp_latency": 4678.772884153192,
                "mem_latency": 4386.133333333333,
                "traffic": 141287244169216,
                "energy": 61550696107272.57,
                "traffic_energy": 1.6628632043345526e+16,
                "traffic_energy_foreach": {
                    "DRAM": 4408162018079539.0,
                    "L3": 1.2166407154911116e+16,
                    "reg_file": 54062870354869.62,
                    "traffic": {
                        "DRAM": {
                            "read": 17592186044416.0,
                            "write": 68719476736.0,
                            "update": 0,
                            "leak": 0
                        },
                        "L3": {
                            "read": 583041810432.0,
                            "write": 309237645312.0,
                            "update": 0,
                            "leak": 0
                        },
                        "reg_file_2d": {
                            "read": 13193065791488.0,
                            "write": 13227425529856.0,
                            "update": 0,
                            "leak": 0
                        },
                        "reg_file_1d": {
                            "read": 0,
                            "write": 0,
                            "update": 0,
                            "leak": 0
                        }
                    }
                },
                "mac_instances": 256,
                "mac_utilized_instances": 256
            },
            "factors": {
                "DRAM": {
                    "B": 64,
                    "F": 1,
                    "H": 1,
                    "M": 65536,
                    "N": 1,
                    "D": 32
                },
                "L3": {
                    "B": 1,
                    "F": 8,
                    "H": 32,
                    "M": 1,
                    "N": 1,
                    "D": 128
                },
                "PE": {
                    "B": 1,
                    "F": 16,
                    "H": 1,
                    "M": 1,
                    "N": 1,
                    "D": 1
                },
                "PE_col": {
                    "B": 1,
                    "F": 1,