{
    "latency": 219.31747894468086,
    "energy": 1073288414022778.2,
    "energy_rsts": {
        "DRAM": 8576239770009.6,
        "L3": 156298485197524.2,
        "reg_file": 2530456977109.156,
        "PE": 905883232078135.2,
        "total": 1073288414022778.2
    },
    "tl_rsts": {
        "Q": {
            "tl_rst": {
                "comp_latency": 73.10582631489362,
                "mem_latency": 2.133349609375,
                "traffic": 68720001024,
                "energy": 961729626676.13,
                "traffic_energy": 114699611200628.16,
                "traffic_energy_foreach": {
                    "DRAM": 2144064031948.8,
                    "L3": 111712061509642.97,
                    "reg_file": 843485659036.3853,
                    "traffic": {
                        "DRAM": {
                            "read": 8590000128.0,
                            "write": 0.0,
                            "update": 0,
                            "leak": 0
                        },
                        "L3": {
                            "read": 8589934592.0,
                            "write": 268436480.0,
                            "update": 0,
                            "leak": 0
                        },
                        "reg_file_2d": {
                            "read": 206024212480.0,
                            "write": 206158430208.0,
                            "update": 0,
                            "leak": 0
                        },
                        "reg_file_1d": {
                            "read": 0,
                            "write": 0,
                            "update": 0,
                            "leak": 0
                        }
                    }
                },
                "mac_instances": 256,
                "mac_utilized_instances": 256
            },
            "factors": {
                "DRAM": {
                    "B": 64,
                    "E": 1,
                    "H": 1,
                    "P": 1024,
                    "D": 1
                },
                "L3": {
                    "B": 1,
                    "E": 4,
                    "H": 8,
                    "P": 64,
                    "D": 512
                },
                "PE": {
                    "B": 1,
                    "E": 1,
                    "H": 1,
                    "P": 16,
                    "D": 1
                },
                "PE_col": {
                    "B": 1,
                    "E": 16,
                    "H": 1,
                    "P": 1,
                    "D": 1
                },
                "reg_file": {
                    "B": 1,
                    "E": 1,
                    "H": 1,
                    "P": 1,
                    "D": 1
                }
            }
        },
        "BK": {
            "tl_rst": {
                "comp_latency": 73.10582631489362,
                "mem_latency": 4.266682942708333,
                "traffic": 137439477760,
                "energy": 961729626676.13,
                "traffic_energy": 116843658874791.36,
                "traffic_energy_foreach": {
                    "DRAM": 4288111706112.0,
                    "L3": 111712061509642.97,
                    "reg_file": 843485659036.3853,
                    "traffic": {
                        "DRAM": {
                            "read": 8590000128.0,
                            "write": 8589934592.0,
                            "update": 0,
                            "leak": 0
                        },
                        "L3": {
                            "read": 8589934592.0,
                            "write": 268436480.0,
                            "update": 0,
                            "leak": 0
                        },
                        "reg_file_2d": {
                            "read": 206024212480.0,
                            "write": 206158430208.0,
                            "update": 0,
                            "leak": 0
                        },
                        "reg_file_1d": {
                            "read": 0,
                            "write": 0,
                            "update": 0,
                            "leak": 0
                        }
                    }
                },
                "mac_instances": 256,
                "mac_utilized_instances": 256
            },
            "factors": {
                "DRAM": {
                    "B": 64,
                    "E": 1,
                    "H": 1,
                    "M": 65536,
                    "N": 1,
                    "D": 1
                },
                "L3": {
                    "B": 1,
                    "E": 4,
                    "H": 8,
                    "M": 1,
                    "N": 1,
                    "D": 512
                },
                "PE": {
                    "B": 1,
                    "E": 16,
                    "H": 1,
                    "M": 1,
                    "N": 1,
                    "D": 1
                },
                "PE_col": {
                    "B": 1,
                    "E": 1,
                    "H": 1,
                    "M": 1,
                    "N": 16,
                    "D": 1
                },
                "reg_file": {
                    "B": 1,
                    "E": 1,
                    "H": 1,
                    "M": 1,
                    "N": 1,
                    "D": 1
                }
            }
        },
        "BV": {
            "tl_rst": {
                "comp_latency": 73.10582631489362,
                "mem_latency": 2.133349609375,
                "traffic": 68720001024,
                "energy": 961729626676.13,
                "traffic_energy": 112585485949972.73,
                "traffic_energy_foreach": {
                    "DRAM": 2144064031948.8,
                    "L3": 109597936258987.55,
                    "reg_file": 843485659036.3853,
                    "traffic": {
                        "DRAM": {
                            "read": 65536.0,
                            "write": 8589934592.0,
                            "update": 0,
                            "leak": 0
                        },
                        "L3": {
                            "read": 8589934592.0,
                            "write": 134218752.0,
                            "update": 0,
                            "leak": 0
                        },
                        "reg_file_2d": {
                            "read": 206024212480.0,
                            "write": 206158430208.0,
                            "update": 0,
                            "leak": 0
                        },
                        "reg_file_1d": {
                            "read": 0,
                            "write": 0,
                            "update": 0,
                            "leak": 0
                        }
                    }
                },
                "mac_instances": 256,
                "mac_utilized_instances": 256
            },
            "factors": {
                "DRAM": {
                    "B": 64,
                    "F": 1,
                    "H": 1,
                    "M": 65536,
                    "N": 1,
                    "D": 1
                },
                "L3": {
                    "B": 1,
                    "F": 4,
                    "H": 8,
                    "M": 1,
                    "N": 1,
                    "D": 512
                },
                "PE": {
                    "B": 1,
                    "F": 16,
                    "H": 1,
                    "M": 1,
                    "N": 1,
                    "D": 1
                },
                "PE_col": {
                    "B": 1,
                    "F": 1,
                    "H": 1,
                    "M": 1,
                    "N": 16,