{
    "latency": 30.841520476595747,
    "energy": 179842378904610.28,
    "energy_rsts": {
        "DRAM": 20251200297369.6,
        "L3": 31845390426254.082,
        "reg_file": 355958669998.81726,
        "PE": 127389829510987.78,
        "total": 179842378904610.28
    },
    "tl_rsts": {
        "Q": {
            "tl_rst": {
                "comp_latency": 10.280506825531916,
                "mem_latency": 0.35,
                "traffic": 11274289152,
                "energy": 135243228751.33,
                "traffic_energy": 16486013489966.48,
                "traffic_energy_foreach": {
                    "DRAM": 351757821542.39996,
                    "L3": 16015602778424.475,
                    "reg_file": 118652889999.60576,
                    "traffic": {
                        "DRAM": {
                            "read": 1409286144.0,
                            "write": 0.0,
                            "update": 0,
                            "leak": 0
                        },
                        "L3": {
                            "read": 1220542464.0,
                            "write": 47185920.0,
                            "update": 0,
                            "leak": 0
                        },
                        "reg_file_2d": {
                            "read": 28978446336.0,
                            "write": 29003612160.0,
                            "update": 0,
                            "leak": 0
                        },
                        "reg_file_1d": {
                            "read": 0,
                            "write": 0,
                            "update": 0,
                            "leak": 0
                        }
                    }
                },
                "mac_instances": 256,
                "mac_utilized_instances": 256
            },
            "factors": {
                "DRAM": {
                    "B": 64,
                    "E": 1,
                    "H": 1,
                    "P": 64,
                    "D": 2
                },
                "L3": {
                    "B": 1,
                    "E": 4,
                    "H": 12,
                    "P": 64,
                    "D": 384
                },
                "PE": {
                    "B": 1,
                    "E": 1,
                    "H": 1,
                    "P": 16,
                    "D": 1
                },
                "PE_col": {
                    "B": 1,
                    "E": 16,
                    "H": 1,
                    "P": 1,
                    "D": 1
                },
                "reg_file": {
                    "B": 1,
                    "E": 1,
                    "H": 1,
                    "P": 1,
                    "D": 1
                }
            }
        },
        "BK": {
            "tl_rst": {
                "comp_latency": 10.280506825531916,
                "mem_latency": 10.0,
                "traffic": 322122547200,
                "energy": 135243228751.33,
                "traffic_energy": 35549393337326.766,
                "traffic_energy_foreach": {
                    "DRAM": 10050223472640.0,
                    "L3": 25380516974687.156,
                    "reg_file": 118652889999.60576,
                    "traffic": {
                        "DRAM": {
                            "read": 39460012032.0,
                            "write": 805306368.0,
                            "update": 0,
                            "leak": 0
                        },
                        "L3": {
                            "read": 1220542464.0,
                            "write": 641728512.0,
                            "update": 0,
                            "leak": 0
                        },
                        "reg_file_2d": {
                            "read": 28978446336.0,
                            "write": 29003612160.0,
                            "update": 0,
                            "leak": 0
                        },
                        "reg_file_1d": {
                            "read": 0,
                            "write": 0,
                            "update": 0,
                            "leak": 0
                        }
                    }
                },
                "mac_instances": 256,
                "mac_utilized_instances": 256
            },
            "factors": {
                "DRAM": {
                    "B": 64,
                    "E": 1,
                    "H": 1,
                    "M": 4096,
                    "N": 1,
                    "D": 2
                },
                "L3": {
                    "B": 1,
                    "E": 4,
                    "H": 12,
                    "M": 1,
                    "N": 1,
                    "D": 384
                },
                "PE": {
                    "B": 1,
                    "E": 16,
                    "H": 1,
                    "M": 1,
                    "N": 1,
                    "D": 1
                },
                "PE_col": {
                    "B": 1,
                    "E": 1,
                    "H": 1,
                    "M": 1,
                    "N": 16,
                    "D": 1
                },
                "reg_file": {
                    "B": 1,
                    "E": 1,
                    "H": 1,
                    "M": 1,
                    "N": 1,
                    "D": 1
                }
            }
        },
        "BV": {
            "tl_rst": {
                "comp_latency": 10.280506825531916,
                "mem_latency": 9.8,
                "traffic": 315680096256,
                "energy": 135243228751.33,
                "traffic_energy": 35150189625625.02,
                "traffic_energy_foreach": {
                    "DRAM": 9849219003187.201,
                    "L3": 25182317732438.21,
                    "reg_file": 118652889999.60576,
                    "traffic": {
                        "DRAM": {
                            "read": 38654705664.0,
                            "write": 805306368.0,
                            "update": 0,
                            "leak": 0
                        },
                        "L3": {
                            "read": 1220542464.0,
                            "write": 629145600.0,
                            "update": 0,
                            "leak": 0
                        },
                        "reg_file_2d": {
                            "read": 28978446336.0,
                            "write": 29003612160.0,
                            "update": 0,
                            "leak": 0
                        },
                        "reg_file_1d": {
                            "read": 0,
                            "write": 0,
                            "update": 0,
                            "leak": 0
                        }
                    }
                },
                "mac_instances": 256,
                "mac_utilized_instances": 256
            },
            "factors": {
                "DRAM": {
                    "B": 64,
                    "F": 1,
                    "H": 1,
                    "M": 4096,
                    "N": 1,
                    "D": 2
                },
                "L3": {
                    "B": 1,
                    "F": 4,
                    "H": 12,
                    "M": 1,
                    "N": 1,
                    "D": 384
                },
                "PE": {
                    "B": 1,
                    "F": 16,
                    "H": 1,
                    "M": 1,
                    "N": 1,
                    "D": 1
                },
                "PE_col": {
                    "B": 1,
                    "F": 1,
                    "H": 1,
                    "M": 1,
                    "N": 16,