{
    "latency": 13.707342434042554,
    "energy": 80243756341192.03,
    "energy_rsts": {
        "DRAM": 8978199635558.398,
        "L3": 14489576013001.916,
        "reg_file": 158278687748.25983,
        "PE": 56617702004883.45,
        "total": 80243756341192.03
    },
    "tl_rsts": {
        "Q": {
            "tl_rst": {
                "comp_latency": 4.569114144680851,
                "mem_latency": 0.3,
                "traffic": 9663676416,
                "energy": 60108101667.26,
                "traffic_energy": 7817256092408.217,
                "traffic_energy_foreach": {
                    "DRAM": 301506704179.2,
                    "L3": 7462989825646.264,
                    "reg_file": 52759562582.75328,
                    "traffic": {
                        "DRAM": {
                            "read": 1207959552.0,
                            "write": 0.0,
                            "update": 0,
                            "leak": 0
                        },
                        "L3": {
                            "read": 551550976.0,
                            "write": 35651584.0,
                            "update": 0,
                            "leak": 0
                        },
                        "reg_file_2d": {
                            "read": 12882804736.0,
                            "write": 12899581952.0,
                            "update": 0,
                            "leak": 0
                        },
                        "reg_file_1d": {
                            "read": 0,
                            "write": 0,
                            "update": 0,
                            "leak": 0
                        }
                    }
                },
                "mac_instances": 256,
                "mac_utilized_instances": 256
            },
            "factors": {
                "DRAM": {
                    "B": 64,
                    "E": 1,
                    "H": 1,
                    "P": 16,
                    "D": 8
                },
                "L3": {
                    "B": 1,
                    "E": 8,
                    "H": 16,
                    "P": 16,
                    "D": 256
                },
                "PE": {
                    "B": 1,
                    "E": 1,
                    "H": 1,
                    "P": 16,
                    "D": 1
                },
                "PE_col": {
                    "B": 1,
                    "E": 16,
                    "H": 1,
                    "P": 1,
                    "D": 1
                },
                "reg_file": {
                    "B": 1,
                    "E": 1,
                    "H": 1,
                    "P": 1,
                    "D": 1
                }
            }
        },
        "BK": {
            "tl_rst": {
                "comp_latency": 4.569114144680851,
                "mem_latency": 4.333333333333333,
                "traffic": 139586437120,
                "energy": 60108101667.26,
                "traffic_energy": 15834831071351.932,
                "traffic_energy_foreach": {
                    "DRAM": 4355096838143.9995,
                    "L3": 11426974670625.178,
                    "reg_file": 52759562582.75328,
                    "traffic": {
                        "DRAM": {
                            "read": 17314086912.0,
                            "write": 134217728.0,
                            "update": 0,
                            "leak": 0
                        },
                        "L3": {
                            "read": 551550976.0,
                            "write": 287309824.0,
                            "update": 0,
                            "leak": 0
                        },
                        "reg_file_2d": {
                            "read": 12882804736.0,
                            "write": 12899581952.0,
                            "update": 0,
                            "leak": 0
                        },
                        "reg_file_1d": {
                            "read": 0,
                            "write": 0,
                            "update": 0,
                            "leak": 0
                        }
                    }
                },
                "mac_instances": 256,
                "mac_utilized_instances": 256
            },
            "factors": {
                "DRAM": {
                    "B": 64,
                    "E": 1,
                    "H": 1,
                    "M": 256,
                    "N": 1,
                    "D": 8
                },
                "L3": {
                    "B": 1,
                    "E": 8,
                    "H": 16,
                    "M": 1,
                    "N": 1,
                    "D": 256
                },
                "PE": {
                    "B": 1,
                    "E": 16,
                    "H": 1,
                    "M": 1,
                    "N": 1,
                    "D": 1
                },
                "PE_col": {
                    "B": 1,
                    "E": 1,
                    "H": 1,
                    "M": 1,
                    "N": 16,
                    "D": 1
                },
                "reg_file": {
                    "B": 1,
                    "E": 1,
                    "H": 1,
                    "M": 1,
                    "N": 1,
                    "D": 1
                }
            }
        },
        "BV": {
            "tl_rst": {
                "comp_latency": 4.569114144680851,
                "mem_latency": 4.3,
                "traffic": 138512695296,
                "energy": 60108101667.26,
                "traffic_energy": 15768297119401.64,
                "traffic_energy_foreach": {
                    "DRAM": 4321596093235.1997,
                    "L3": 11393941463583.688,
                    "reg_file": 52759562582.75328,
                    "traffic": {
                        "DRAM": {
                            "read": 17179869184.0,
                            "write": 134217728.0,
                            "update": 0,
                            "leak": 0
                        },
                        "L3": {
                            "read": 551550976.0,
                            "write": 285212672.0,
                            "update": 0,
                            "leak": 0
                        },
                        "reg_file_2d": {
                            "read": 12882804736.0,
                            "write": 12899581952.0,
                            "update": 0,
                            "leak": 0
                        },
                        "reg_file_1d": {
                            "read": 0,
                            "write": 0,
                            "update": 0,
                            "leak": 0
                        }
                    }
                },
                "mac_instances": 256,
                "mac_utilized_instances": 256
            },
            "factors": {
                "DRAM": {
                    "B": 64,
                    "F": 1,
                    "H": 1,
                    "M": 256,
                    "N": 1,
                    "D": 8
                },
                "L3": {
                    "B": 1,
                    "F": 8,
                    "H": 16,
                    "M": 1,
                    "N": 1,
                    "D": 256
                },
                "PE": {
                    "B": 1,
                    "F": 16,
                    "H": 1,
                    "M": 1,
                    "N": 1,
                    "D": 1
                },
                "PE_col": {
                    "B": 1,
                    "F": 1,
                    "H": 1,
                    "M": 1,
                    "N": 16,
                    "D": 1
                },