{
    "latency": 219.31747894468086,
    "energy": 1277247013311825.8,
    "energy_rsts": {
        "DRAM": 143651194168934.38,
        "L3": 225181306084078.38,
        "reg_file": 2531280980677.755,
        "PE": 905883232078135.2,
        "total": 1277247013311825.8
    },
    "tl_rsts": {
        "Q": {
            "tl_rst": {
                "comp_latency": 73.10582631489362,
                "mem_latency": 3.2,
                "traffic": 103079215104,
                "energy": 961729626676.13,
                "traffic_energy": 117668656991103.33,
                "traffic_energy_foreach": {
                    "DRAM": 3216071511244.8,
                    "L3": 113608825152965.95,
                    "reg_file": 843760326892.585,
                    "traffic": {
                        "DRAM": {
                            "read": 12884901888.0,
                            "write": 0.0,
                            "update": 0,
                            "leak": 0
                        },
                        "L3": {
                            "read": 8657043456.0,
                            "write": 335544320.0,
                            "update": 0,
                            "leak": 0
                        },
                        "reg_file_2d": {
                            "read": 206091321344.0,
                            "write": 206225539072.0,
                            "update": 0,
                            "leak": 0
                        },
                        "reg_file_1d": {
                            "read": 0,
                            "write": 0,
                            "update": 0,
                            "leak": 0
                        }
                    }
                },
                "mac_instances": 256,
                "mac_utilized_instances": 256
            },
            "factors": {
                "DRAM": {
                    "B": 64,
                    "E": 1,
                    "H": 1,
                    "P": 512,
                    "D": 2
                },
                "L3": {
                    "B": 1,
                    "E": 4,
                    "H": 16,
                    "P": 32,
                    "D": 512
                },
                "PE": {
                    "B": 1,
                    "E": 1,
                    "H": 1,
                    "P": 16,
                    "D": 1
                },
                "PE_col": {
                    "B": 1,
                    "E": 16,
                    "H": 1,
                    "P": 1,
                    "D": 1
                },
                "reg_file": {
                    "B": 1,
                    "E": 1,
                    "H": 1,
                    "P": 1,
                    "D": 1
                }
            }
        },
        "BK": {
            "tl_rst": {
                "comp_latency": 73.10582631489362,
                "mem_latency": 70.4,
                "traffic": 2267742732288,
                "energy": 961729626676.13,
                "traffic_energy": 250744041497562.2,
                "traffic_energy_foreach": {
                    "DRAM": 70753573247385.6,
                    "L3": 179146707923284.0,
                    "reg_file": 843760326892.585,
                    "traffic": {
                        "DRAM": {
                            "read": 279172874240.0,
                            "write": 4294967296.0,
                            "update": 0,
                            "leak": 0
                        },
                        "L3": {
                            "read": 8657043456.0,
                            "write": 4496293888.0,
                            "update": 0,
                            "leak": 0
                        },
                        "reg_file_2d": {
                            "read": 206091321344.0,
                            "write": 206225539072.0,
                            "update": 0,
                            "leak": 0
                        },
                        "reg_file_1d": {
                            "read": 0,
                            "write": 0,
                            "update": 0,
                            "leak": 0
                        }
                    }
                },
                "mac_instances": 256,
                "mac_utilized_instances": 256
            },
            "factors": {
                "DRAM": {
                    "B": 64,
                    "E": 1,
                    "H": 1,
                    "M": 16384,
                    "N": 1,
                    "D": 2
                },
                "L3": {
                    "B": 1,
                    "E": 4,
                    "H": 16,
                    "M": 1,
                    "N": 1,
                    "D": 512
                },
                "PE": {
                    "B": 1,
                    "E": 16,
                    "H": 1,
                    "M": 1,
                    "N": 1,
                    "D": 1
                },
                "PE_col": {
                    "B": 1,
                    "E": 1,
                    "H": 1,
                    "M": 1,
                    "N": 16,
                    "D": 1
                },
                "reg_file": {
                    "B": 1,
                    "E": 1,
                    "H": 1,
                    "M": 1,
                    "N": 1,
                    "D": 1
                }
            }
        },
        "BV": {
            "tl_rst": {
                "comp_latency": 73.10582631489362,
                "mem_latency": 69.33333333333333,
                "traffic": 2233382993920,
                "energy": 961729626676.13,
                "traffic_energy": 248614955035152.88,
                "traffic_energy_foreach": {
                    "DRAM": 69681549410304.0,
                    "L3": 178089645297956.28,
                    "reg_file": 843760326892.585,
                    "traffic": {
                        "DRAM": {
                            "read": 274877906944.0,
                            "write": 4294967296.0,
                            "update": 0,
                            "leak": 0
                        },
                        "L3": {
                            "read": 8657043456.0,
                            "write": 4429185024.0,
                            "update": 0,
                            "leak": 0
                        },
                        "reg_file_2d": {
                            "read": 206091321344.0,
                            "write": 206225539072.0,
                            "update": 0,
                            "leak": 0
                        },
                        "reg_file_1d": {
                            "read": 0,
                            "write": 0,
                            "update": 0,
                            "leak": 0
                        }
                    }
                },
                "mac_instances": 256,
                "mac_utilized_instances": 256
            },
            "factors": {
                "DRAM": {
                    "B": 64,
                    "F": 1,
                    "H": 1,
                    "M": 16384,
                    "N": 1,
                    "D": 2
                },
                "L3": {
                    "B": 1,
                    "F": 4,
                    "H": 16,
                    "M": 1,
                    "N": 1,
                    "D": 512
                },
                "PE": {
                    "B": 1,
                    "F": 16,
                    "H": 1,
                    "M": 1,
                    "N": 1,
                    "D": 1
                },
                "PE_col": {
                    "B": 1,
                    "F": 1,
                    "H": 1,
                    "M": 1,
                    "N": 16,