{
    "latency": 3.4268356085106384,
    "energy": 19956984582997.277,
    "energy_rsts": {
        "DRAM": 2244549908889.5996,
        "L3": 3518457907563.7246,
        "reg_file": 39551265323.08992,
        "PE": 14154425501220.863,
        "total": 19956984582997.277
    },
    "tl_rsts": {
        "Q": {
            "tl_rst": {
                "comp_latency": 1.1422785361702128,
                "mem_latency": 0.05,
                "traffic": 1610612736,
                "energy": 15027025416.81,
                "traffic_energy": 1838572765485.9895,
                "traffic_energy_foreach": {
                    "DRAM": 50251117363.2,
                    "L3": 1775137893015.093,
                    "reg_file": 13183755107.69664,
                    "traffic": {
                        "DRAM": {
                            "read": 201326592.0,
                            "write": 0.0,
                            "update": 0,
                            "leak": 0
                        },
                        "L3": {
                            "read": 135266304.0,
                            "write": 5242880.0,
                            "update": 0,
                            "leak": 0
                        },
                        "reg_file_2d": {
                            "read": 3220176896.0,
                            "write": 3222274048.0,
                            "update": 0,
                            "leak": 0
                        },
                        "reg_file_1d": {
                            "read": 0,
                            "write": 0,
                            "update": 0,
                            "leak": 0
                        }
                    }
                },
                "mac_instances": 256,
                "mac_utilized_instances": 256
            },
            "factors": {
                "DRAM": {
                    "B": 64,
                    "E": 1,
                    "H": 1,
                    "P": 8,
                    "D": 2
                },
                "L3": {
                    "B": 1,
                    "E": 4,
                    "H": 16,
                    "P": 32,
                    "D": 512
                },
                "PE": {
                    "B": 1,
                    "E": 1,
                    "H": 1,
                    "P": 16,
                    "D": 1
                },
                "PE_col": {
                    "B": 1,
                    "E": 16,
                    "H": 1,
                    "P": 1,
                    "D": 1
                },
                "reg_file": {
                    "B": 1,
                    "E": 1,
                    "H": 1,
                    "P": 1,
                    "D": 1
                }
            }
        },
        "BK": {
            "tl_rst": {
                "comp_latency": 1.1422785361702128,
                "mem_latency": 1.1,
                "traffic": 35433480192,
                "energy": 15027025416.81,
                "traffic_energy": 3917875648399.409,
                "traffic_energy_foreach": {
                    "DRAM": 1105524581990.4,
                    "L3": 2799167311301.3125,
                    "reg_file": 13183755107.69664,
                    "traffic": {
                        "DRAM": {
                            "read": 4362076160.0,
                            "write": 67108864.0,
                            "update": 0,
                            "leak": 0
                        },
                        "L3": {
                            "read": 135266304.0,
                            "write": 70254592.0,
                            "update": 0,
                            "leak": 0
                        },
                        "reg_file_2d": {
                            "read": 3220176896.0,
                            "write": 3222274048.0,
                            "update": 0,
                            "leak": 0
                        },
                        "reg_file_1d": {
                            "read": 0,
                            "write": 0,
                            "update": 0,
                            "leak": 0
                        }
                    }
                },
                "mac_instances": 256,
                "mac_utilized_instances": 256
            },
            "factors": {
                "DRAM": {
                    "B": 64,
                    "E": 1,
                    "H": 1,
                    "M": 256,
                    "N": 1,
                    "D": 2
                },
                "L3": {
                    "B": 1,
                    "E": 4,
                    "H": 16,
                    "M": 1,
                    "N": 1,
                    "D": 512
                },
                "PE": {
                    "B": 1,
                    "E": 16,
                    "H": 1,
                    "M": 1,
                    "N": 1,
                    "D": 1
                },
                "PE_col": {
                    "B": 1,
                    "E": 1,
                    "H": 1,
                    "M": 1,
                    "N": 16,
                    "D": 1
                },
                "reg_file": {
                    "B": 1,
                    "E": 1,
                    "H": 1,
                    "M": 1,
                    "N": 1,
                    "D": 1
                }
            }
        },
        "BV": {
            "tl_rst": {
                "comp_latency": 1.1422785361702128,
                "mem_latency": 1.0833333333333333,
                "traffic": 34896609280,
                "energy": 15027025416.81,
                "traffic_energy": 3884608672424.2637,
                "traffic_energy_foreach": {
                    "DRAM": 1088774209536.0,
                    "L3": 2782650707780.567,
                    "reg_file": 13183755107.69664,
                    "traffic": {
                        "DRAM": {
                            "read": 4294967296.0,
                            "write": 67108864.0,
                            "update": 0,
                            "leak": 0
                        },
                        "L3": {
                            "read": 135266304.0,
                            "write": 69206016.0,
                            "update": 0,
                            "leak": 0
                        },
                        "reg_file_2d": {
                            "read": 3220176896.0,
                            "write": 3222274048.0,
                            "update": 0,
                            "leak": 0
                        },
                        "reg_file_1d": {
                            "read": 0,
                            "write": 0,
                            "update": 0,
                            "leak": 0
                        }
                    }
                },
                "mac_instances": 256,
                "mac_utilized_instances": 256
            },
            "factors": {
                "DRAM": {
                    "B": 64,
                    "F": 1,
                    "H": 1,
                    "M": 256,
                    "N": 1,
                    "D": 2
                },
                "L3": {
                    "B": 1,
                    "F": 4,
                    "H": 16,
                    "M": 1,
                    "N": 1,
                    "D": 512
                },
                "PE": {
                    "B": 1,
                    "F": 16,
                    "H": 1,
                    "M": 1,
                    "N": 1,
                    "D": 1
                },
                "PE_col": {
                    "B": 1,
                    "F": 1,
                    "H": 1,
                    "M": 1,
                    "N": 16,
                    "D": 1
                },