{
    "latency": 7.710380119148937,
    "energy": 44960594726152.57,
    "energy_rsts": {
        "DRAM": 5062800074342.4,
        "L3": 7961347606563.5205,
        "reg_file": 88989667499.70432,
        "PE": 31847457377746.945,
        "total": 44960594726152.57
    },
    "tl_rsts": {
        "Q": {
            "tl_rst": {
                "comp_latency": 2.570126706382979,
                "mem_latency": 0.0875,
                "traffic": 2818572288,
                "energy": 33810807187.83,
                "traffic_energy": 4121503372491.62,
                "traffic_energy_foreach": {
                    "DRAM": 87939455385.59999,
                    "L3": 4003900694606.1187,
                    "reg_file": 29663222499.90144,
                    "traffic": {
                        "DRAM": {
                            "read": 352321536.0,
                            "write": 0.0,
                            "update": 0,
                            "leak": 0
                        },
                        "L3": {
                            "read": 305135616.0,
                            "write": 11796480.0,
                            "update": 0,
                            "leak": 0
                        },
                        "reg_file_2d": {
                            "read": 7244611584.0,
                            "write": 7250903040.0,
                            "update": 0,
                            "leak": 0
                        },
                        "reg_file_1d": {
                            "read": 0,
                            "write": 0,
                            "update": 0,
                            "leak": 0
                        }
                    }
                },
                "mac_instances": 256,
                "mac_utilized_instances": 256
            },
            "factors": {
                "DRAM": {
                    "B": 64,
                    "E": 1,
                    "H": 1,
                    "P": 16,
                    "D": 2
                },
                "L3": {
                    "B": 1,
                    "E": 4,
                    "H": 12,
                    "P": 64,
                    "D": 384
                },
                "PE": {
                    "B": 1,
                    "E": 1,
                    "H": 1,
                    "P": 16,
                    "D": 1
                },
                "PE_col": {
                    "B": 1,
                    "E": 16,
                    "H": 1,
                    "P": 1,
                    "D": 1
                },
                "reg_file": {
                    "B": 1,
                    "E": 1,
                    "H": 1,
                    "P": 1,
                    "D": 1
                }
            }
        },
        "BK": {
            "tl_rst": {
                "comp_latency": 2.570126706382979,
                "mem_latency": 2.5,
                "traffic": 80530636800,
                "energy": 33810807187.83,
                "traffic_energy": 8887348334331.691,
                "traffic_energy_foreach": {
                    "DRAM": 2512555868160.0,
                    "L3": 6345129243671.789,
                    "reg_file": 29663222499.90144,
                    "traffic": {
                        "DRAM": {
                            "read": 9865003008.0,
                            "write": 201326592.0,
                            "update": 0,
                            "leak": 0
                        },
                        "L3": {
                            "read": 305135616.0,
                            "write": 160432128.0,
                            "update": 0,
                            "leak": 0
                        },
                        "reg_file_2d": {
                            "read": 7244611584.0,
                            "write": 7250903040.0,
                            "update": 0,
                            "leak": 0
                        },
                        "reg_file_1d": {
                            "read": 0,
                            "write": 0,
                            "update": 0,
                            "leak": 0
                        }
                    }
                },
                "mac_instances": 256,
                "mac_utilized_instances": 256
            },
            "factors": {
                "DRAM": {
                    "B": 64,
                    "E": 1,
                    "H": 1,
                    "M": 1024,
                    "N": 1,
                    "D": 2
                },
                "L3": {
                    "B": 1,
                    "E": 4,
                    "H": 12,
                    "M": 1,
                    "N": 1,
                    "D": 384
                },
                "PE": {
                    "B": 1,
                    "E": 16,
                    "H": 1,
                    "M": 1,
                    "N": 1,
                    "D": 1
                },
                "PE_col": {
                    "B": 1,
                    "E": 1,
                    "H": 1,
                    "M": 1,
                    "N": 16,
                    "D": 1
                },
                "reg_file": {
                    "B": 1,
                    "E": 1,
                    "H": 1,
                    "M": 1,
                    "N": 1,
                    "D": 1
                }
            }
        },
        "BV": {
            "tl_rst": {
                "comp_latency": 2.570126706382979,
                "mem_latency": 2.45,
                "traffic": 78920024064,
                "energy": 33810807187.83,
                "traffic_energy": 8787547406406.255,
                "traffic_energy_foreach": {
                    "DRAM": 2462304750796.8003,
                    "L3": 6295579433109.553,
                    "reg_file": 29663222499.90144,
                    "traffic": {
                        "DRAM": {
                            "read": 9663676416.0,
                            "write": 201326592.0,
                            "update": 0,
                            "leak": 0
                        },
                        "L3": {
                            "read": 305135616.0,
                            "write": 157286400.0,
                            "update": 0,
                            "leak": 0
                        },
                        "reg_file_2d": {
                            "read": 7244611584.0,
                            "write": 7250903040.0,
                            "update": 0,
                            "leak": 0
                        },
                        "reg_file_1d": {
                            "read": 0,
                            "write": 0,
                            "update": 0,
                            "leak": 0
                        }
                    }
                },
                "mac_instances": 256,
                "mac_utilized_instances": 256
            },
            "factors": {
                "DRAM": {
                    "B": 64,
                    "F": 1,
                    "H": 1,
                    "M": 1024,
                    "N": 1,
                    "D": 2
                },
                "L3": {
                    "B": 1,
                    "F": 4,
                    "H": 12,
                    "M": 1,
                    "N": 1,
                    "D": 384
                },
                "PE": {
                    "B": 1,
                    "F": 16,
                    "H": 1,
                    "M": 1,
                    "N": 1,
                    "D": 1
                },
                "PE_col": {
                    "B": 1,
                    "F": 1,
                    "H": 1,
                    "M": 1,
                    "N": 16,
                    "D": 1
                },