{
    "latency": 493.46432762553195,
    "energy": 2877478062473764.5,
    "energy_rsts": {
        "DRAM": 324019204757913.6,
        "L3": 509526246820065.3,
        "reg_file": 5695338719981.076,
        "PE": 2038237272175804.5,
        "total": 2877478062473764.5
    },
    "tl_rsts": {
        "Q": {
            "tl_rst": {
                "comp_latency": 164.48810920851065,
                "mem_latency": 5.6,
                "traffic": 180388626432,
                "energy": 2163891660021.3,
                "traffic_energy": 263776215839463.7,
                "traffic_energy_foreach": {
                    "DRAM": 5628125144678.399,
                    "L3": 256249644454791.6,
                    "reg_file": 1898446239993.6921,
                    "traffic": {
                        "DRAM": {
                            "read": 22548578304.0,
                            "write": 0.0,
                            "update": 0,
                            "leak": 0
                        },
                        "L3": {
                            "read": 19528679424.0,
                            "write": 754974720.0,
                            "update": 0,
                            "leak": 0
                        },
                        "reg_file_2d": {
                            "read": 463655141376.0,
                            "write": 464057794560.0,
                            "update": 0,
                            "leak": 0
                        },
                        "reg_file_1d": {
                            "read": 0,
                            "write": 0,
                            "update": 0,
                            "leak": 0
                        }
                    }
                },
                "mac_instances": 256,
                "mac_utilized_instances": 256
            },
            "factors": {
                "DRAM": {
                    "B": 64,
                    "E": 1,
                    "H": 1,
                    "P": 1024,
                    "D": 2
                },
                "L3": {
                    "B": 1,
                    "E": 4,
                    "H": 12,
                    "P": 64,
                    "D": 384
                },
                "PE": {
                    "B": 1,
                    "E": 1,
                    "H": 1,
                    "P": 16,
                    "D": 1
                },
                "PE_col": {
                    "B": 1,
                    "E": 16,
                    "H": 1,
                    "P": 1,
                    "D": 1
                },
                "reg_file": {
                    "B": 1,
                    "E": 1,
                    "H": 1,
                    "P": 1,
                    "D": 1
                }
            }
        },
        "BK": {
            "tl_rst": {
                "comp_latency": 164.48810920851065,
                "mem_latency": 160.0,
                "traffic": 5153960755200,
                "energy": 2163891660021.3,
                "traffic_energy": 568790293397228.2,
                "traffic_energy_foreach": {
                    "DRAM": 160803575562240.0,
                    "L3": 406088271594994.5,
                    "reg_file": 1898446239993.6921,
                    "traffic": {
                        "DRAM": {
                            "read": 631360192512.0,
                            "write": 12884901888.0,
                            "update": 0,
                            "leak": 0
                        },
                        "L3": {
                            "read": 19528679424.0,
                            "write": 10267656192.0,
                            "update": 0,
                            "leak": 0
                        },
                        "reg_file_2d": {
                            "read": 463655141376.0,
                            "write": 464057794560.0,
                            "update": 0,
                            "leak": 0
                        },
                        "reg_file_1d": {
                            "read": 0,
                            "write": 0,
                            "update": 0,
                            "leak": 0
                        }
                    }
                },
                "mac_instances": 256,
                "mac_utilized_instances": 256
            },
            "factors": {
                "DRAM": {
                    "B": 64,
                    "E": 1,
                    "H": 1,
                    "M": 65536,
                    "N": 1,
                    "D": 2
                },
                "L3": {
                    "B": 1,
                    "E": 4,
                    "H": 12,
                    "M": 1,
                    "N": 1,
                    "D": 384
                },
                "PE": {
                    "B": 1,
                    "E": 16,
                    "H": 1,
                    "M": 1,
                    "N": 1,
                    "D": 1
                },
                "PE_col": {
                    "B": 1,
                    "E": 1,
                    "H": 1,
                    "M": 1,
                    "N": 16,
                    "D": 1
                },
                "reg_file": {
                    "B": 1,
                    "E": 1,
                    "H": 1,
                    "M": 1,
                    "N": 1,
                    "D": 1
                }
            }
        },
        "BV": {
            "tl_rst": {
                "comp_latency": 164.48810920851065,
                "mem_latency": 156.8,
                "traffic": 5050881540096,
                "energy": 2163891660021.3,
                "traffic_energy": 562403034010000.3,
                "traffic_energy_foreach": {
                    "DRAM": 157587504050995.22,
                    "L3": 402917083719011.4,
                    "reg_file": 1898446239993.6921,
                    "traffic": {
                        "DRAM": {
                            "read": 618475290624.0,
                            "write": 12884901888.0,
                            "update": 0,
                            "leak": 0
                        },
                        "L3": {
                            "read": 19528679424.0,
                            "write": 10066329600.0,
                            "update": 0,
                            "leak": 0
                        },
                        "reg_file_2d": {
                            "read": 463655141376.0,
                            "write": 464057794560.0,
                            "update": 0,
                            "leak": 0
                        },
                        "reg_file_1d": {
                            "read": 0,
                            "write": 0,
                            "update": 0,
                            "leak": 0
                        }
                    }
                },
                "mac_instances": 256,
                "mac_utilized_instances": 256
            },
            "factors": {
                "DRAM": {
                    "B": 64,
                    "F": 1,
                    "H": 1,
                    "M": 65536,
                    "N": 1,
                    "D": 2
                },
                "L3": {
                    "B": 1,
                    "F": 4,
                    "H": 12,
                    "M": 1,
                    "N": 1,
                    "D": 384
                },
                "PE": {
                    "B": 1,
                    "F": 16,
                    "H": 1,
                    "M": 1,
                    "N": 1,
                    "D": 1
                },
                "PE_col": {
                    "B": 1,
                    "F": 1,
                    "H": 1,
                    "M": 1,
                    "N": 16,