{
    "latency": 54.829369736170214,
    "energy": 320975025364768.1,
    "energy_rsts": {
        "DRAM": 35912798542233.59,
        "L3": 57958304052007.664,
        "reg_file": 633114750993.0393,
        "PE": 226470808019533.8,
        "total": 320975025364768.1
    },
    "tl_rsts": {
        "Q": {
            "tl_rst": {
                "comp_latency": 18.276456578723405,
                "mem_latency": 1.2,
                "traffic": 38654705664,
                "energy": 240432406669.03,
                "traffic_energy": 31269024369632.867,
                "traffic_energy_foreach": {
                    "DRAM": 1206026816716.8,
                    "L3": 29851959302585.055,
                    "reg_file": 211038250331.01312,
                    "traffic": {
                        "DRAM": {
                            "read": 4831838208.0,
                            "write": 0.0,
                            "update": 0,
                            "leak": 0
                        },
                        "L3": {
                            "read": 2206203904.0,
                            "write": 142606336.0,
                            "update": 0,
                            "leak": 0
                        },
                        "reg_file_2d": {
                            "read": 51531218944.0,
                            "write": 51598327808.0,
                            "update": 0,
                            "leak": 0
                        },
                        "reg_file_1d": {
                            "read": 0,
                            "write": 0,
                            "update": 0,
                            "leak": 0
                        }
                    }
                },
                "mac_instances": 256,
                "mac_utilized_instances": 256
            },
            "factors": {
                "DRAM": {
                    "B": 64,
                    "E": 1,
                    "H": 1,
                    "P": 64,
                    "D": 8
                },
                "L3": {
                    "B": 1,
                    "E": 8,
                    "H": 16,
                    "P": 16,
                    "D": 256
                },
                "PE": {
                    "B": 1,
                    "E": 1,
                    "H": 1,
                    "P": 16,
                    "D": 1
                },
                "PE_col": {
                    "B": 1,
                    "E": 16,
                    "H": 1,
                    "P": 1,
                    "D": 1
                },
                "reg_file": {
                    "B": 1,
                    "E": 1,
                    "H": 1,
                    "P": 1,
                    "D": 1
                }
            }
        },
        "BK": {
            "tl_rst": {
                "comp_latency": 18.276456578723405,
                "mem_latency": 17.333333333333332,
                "traffic": 558345748480,
                "energy": 240432406669.03,
                "traffic_energy": 63339324285407.73,
                "traffic_energy_foreach": {
                    "DRAM": 17420387352575.998,
                    "L3": 45707898682500.71,
                    "reg_file": 211038250331.01312,
                    "traffic": {
                        "DRAM": {
                            "read": 69256347648.0,
                            "write": 536870912.0,
                            "update": 0,
                            "leak": 0
                        },
                        "L3": {
                            "read": 2206203904.0,
                            "write": 1149239296.0,
                            "update": 0,
                            "leak": 0
                        },
                        "reg_file_2d": {
                            "read": 51531218944.0,
                            "write": 51598327808.0,
                            "update": 0,
                            "leak": 0
                        },
                        "reg_file_1d": {
                            "read": 0,
                            "write": 0,
                            "update": 0,
                            "leak": 0
                        }
                    }
                },
                "mac_instances": 256,
                "mac_utilized_instances": 256
            },
            "factors": {
                "DRAM": {
                    "B": 64,
                    "E": 1,
                    "H": 1,
                    "M": 1024,
                    "N": 1,
                    "D": 8
                },
                "L3": {
                    "B": 1,
                    "E": 8,
                    "H": 16,
                    "M": 1,
                    "N": 1,
                    "D": 256
                },
                "PE": {
                    "B": 1,
                    "E": 16,
                    "H": 1,
                    "M": 1,
                    "N": 1,
                    "D": 1
                },
                "PE_col": {
                    "B": 1,
                    "E": 1,
                    "H": 1,
                    "M": 1,
                    "N": 16,
                    "D": 1
                },
                "reg_file": {
                    "B": 1,
                    "E": 1,
                    "H": 1,
                    "M": 1,
                    "N": 1,
                    "D": 1
                }
            }
        },
        "BV": {
            "tl_rst": {
                "comp_latency": 18.276456578723405,
                "mem_latency": 17.2,
                "traffic": 554050781184,
                "energy": 240432406669.03,
                "traffic_energy": 63073188477606.56,
                "traffic_energy_foreach": {
                    "DRAM": 17286384372940.799,
                    "L3": 45575765854334.75,
                    "reg_file": 211038250331.01312,
                    "traffic": {
                        "DRAM": {
                            "read": 68719476736.0,
                            "write": 536870912.0,
                            "update": 0,
                            "leak": 0
                        },
                        "L3": {
                            "read": 2206203904.0,
                            "write": 1140850688.0,
                            "update": 0,
                            "leak": 0
                        },
                        "reg_file_2d": {
                            "read": 51531218944.0,
                            "write": 51598327808.0,
                            "update": 0,
                            "leak": 0
                        },
                        "reg_file_1d": {
                            "read": 0,
                            "write": 0,
                            "update": 0,
                            "leak": 0
                        }
                    }
                },
                "mac_instances": 256,
                "mac_utilized_instances": 256
            },
            "factors": {
                "DRAM": {
                    "B": 64,
                    "F": 1,
                    "H": 1,
                    "M": 1024,
                    "N": 1,
                    "D": 8
                },
                "L3": {
                    "B": 1,
                    "F": 8,
                    "H": 16,
                    "M": 1,
                    "N": 1,
                    "D": 256
                },
                "PE": {
                    "B": 1,
                    "F": 16,
                    "H": 1,
                    "M": 1,
                    "N": 1,
                    "D": 1
                },
                "PE_col": {
                    "B": 1,
                    "F": 1,
                    "H": 1,
                    "M": 1,
                    "N": 16,