{
    "latency": 0.48189875744680855,
    "energy": 2810037170384.5356,
    "energy_rsts": {
        "DRAM": 316425004646.4,
        "L3": 497584225410.22003,
        "reg_file": 5561854218.73152,
        "PE": 1990466086109.184,
        "total": 2810037170384.5356
    },
    "tl_rsts": {
        "Q": {
            "tl_rst": {
                "comp_latency": 0.16063291914893618,
                "mem_latency": 0.00546875,
                "traffic": 176160768,
                "energy": 2113175449.24,
                "traffic_energy": 257593960780.72626,
                "traffic_energy_foreach": {
                    "DRAM": 5496215961.599999,
                    "L3": 250243793412.88242,
                    "reg_file": 1853951406.24384,
                    "traffic": {
                        "DRAM": {
                            "read": 22020096.0,
                            "write": 0.0,
                            "update": 0,
                            "leak": 0
                        },
                        "L3": {
                            "read": 19070976.0,
                            "write": 737280.0,
                            "update": 0,
                            "leak": 0
                        },
                        "reg_file_2d": {
                            "read": 452788224.0,
                            "write": 453181440.0,
                            "update": 0,
                            "leak": 0
                        },
                        "reg_file_1d": {
                            "read": 0,
                            "write": 0,
                            "update": 0,
                            "leak": 0
                        }
                    }
                },
                "mac_instances": 256,
                "mac_utilized_instances": 256
            },
            "factors": {
                "DRAM": {
                    "B": 64,
                    "E": 1,
                    "H": 1,
                    "P": 1,
                    "D": 2
                },
                "L3": {
                    "B": 1,
                    "E": 4,
                    "H": 12,
                    "P": 64,
                    "D": 384
                },
                "PE": {
                    "B": 1,
                    "E": 1,
                    "H": 1,
                    "P": 16,
                    "D": 1
                },
                "PE_col": {
                    "B": 1,
                    "E": 16,
                    "H": 1,
                    "P": 1,
                    "D": 1
                },
                "reg_file": {
                    "B": 1,
                    "E": 1,
                    "H": 1,
                    "P": 1,
                    "D": 1
                }
            }
        },
        "BK": {
            "tl_rst": {
                "comp_latency": 0.16063291914893618,
                "mem_latency": 0.15625,
                "traffic": 5033164800,
                "energy": 2113175449.24,
                "traffic_energy": 555459270895.7307,
                "traffic_energy_foreach": {
                    "DRAM": 157034741760.0,
                    "L3": 396570577729.4868,
                    "reg_file": 1853951406.24384,
                    "traffic": {
                        "DRAM": {
                            "read": 616562688.0,
                            "write": 12582912.0,
                            "update": 0,
                            "leak": 0
                        },
                        "L3": {
                            "read": 19070976.0,
                            "write": 10027008.0,
                            "update": 0,
                            "leak": 0
                        },
                        "reg_file_2d": {
                            "read": 452788224.0,
                            "write": 453181440.0,
                            "update": 0,
                            "leak": 0
                        },
                        "reg_file_1d": {
                            "read": 0,
                            "write": 0,
                            "update": 0,
                            "leak": 0
                        }
                    }
                },
                "mac_instances": 256,
                "mac_utilized_instances": 256
            },
            "factors": {
                "DRAM": {
                    "B": 64,
                    "E": 1,
                    "H": 1,
                    "M": 64,
                    "N": 1,
                    "D": 2
                },
                "L3": {
                    "B": 1,
                    "E": 4,
                    "H": 12,
                    "M": 1,
                    "N": 1,
                    "D": 384
                },
                "PE": {
                    "B": 1,
                    "E": 16,
                    "H": 1,
                    "M": 1,
                    "N": 1,
                    "D": 1
                },
                "PE_col": {
                    "B": 1,
                    "E": 1,
                    "H": 1,
                    "M": 1,
                    "N": 16,
                    "D": 1
                },
                "reg_file": {
                    "B": 1,
                    "E": 1,
                    "H": 1,
                    "M": 1,
                    "N": 1,
                    "D": 1
                }
            }
        },
        "BV": {
            "tl_rst": {
                "comp_latency": 0.16063291914893618,
                "mem_latency": 0.153125,
                "traffic": 4932501504,
                "energy": 2113175449.24,
                "traffic_energy": 549221712900.3909,
                "traffic_energy_foreach": {
                    "DRAM": 153894046924.80002,
                    "L3": 393473714569.34705,
                    "reg_file": 1853951406.24384,
                    "traffic": {
                        "DRAM": {
                            "read": 603979776.0,
                            "write": 12582912.0,
                            "update": 0,
                            "leak": 0
                        },
                        "L3": {
                            "read": 19070976.0,
                            "write": 9830400.0,
                            "update": 0,
                            "leak": 0
                        },
                        "reg_file_2d": {
                            "read": 452788224.0,
                            "write": 453181440.0,
                            "update": 0,
                            "leak": 0
                        },
                        "reg_file_1d": {
                            "read": 0,
                            "write": 0,
                            "update": 0,
                            "leak": 0
                        }
                    }
                },
                "mac_instances": 256,
                "mac_utilized_instances": 256
            },
            "factors": {
                "DRAM": {
                    "B": 64,
                    "F": 1,
                    "H": 1,
                    "M": 64,
                    "N": 1,
                    "D": 2
                },
                "L3": {
                    "B": 1,
                    "F": 4,
                    "H": 12,
                    "M": 1,
                    "N": 1,
                    "D": 384
                },
                "PE": {
                    "B": 1,
                    "F": 16,
                    "H": 1,
                    "M": 1,
                    "N": 1,
                    "D": 1
                },
                "PE_col": {
                    "B": 1,
                    "F": 1,
                    "H": 1,
                    "M": 1,
                    "N": 16,
                    "D": 1
                },