{
    "latency": 54.829369736170214,
    "energy": 325082576880075.25,
    "energy_rsts": {
        "DRAM": 36716816420044.805,
        "L3": 61261403178525.52,
        "reg_file": 633549261971.1283,
        "PE": 226470808019533.8,
        "total": 325082576880075.25
    },
    "tl_rsts": {
        "Q": {
            "tl_rst": {
                "comp_latency": 18.276456578723405,
                "mem_latency": 2.2,
                "traffic": 70866960384,
                "energy": 240432406669.03,
                "traffic_energy": 35214449859671.09,
                "traffic_energy_foreach": {
                    "DRAM": 2211049163980.8,
                    "L3": 32792217608366.586,
                    "reg_file": 211183087323.70944,
                    "traffic": {
                        "DRAM": {
                            "read": 8858370048.0,
                            "write": 0.0,
                            "update": 0,
                            "leak": 0
                        },
                        "L3": {
                            "read": 2277507072.0,
                            "write": 272629760.0,
                            "update": 0,
                            "leak": 0
                        },
                        "reg_file_2d": {
                            "read": 51535413248.0,
                            "write": 51669630976.0,
                            "update": 0,
                            "leak": 0
                        },
                        "reg_file_1d": {
                            "read": 0,
                            "write": 0,
                            "update": 0,
                            "leak": 0
                        }
                    }
                },
                "mac_instances": 256,
                "mac_utilized_instances": 256
            },
            "factors": {
                "DRAM": {
                    "B": 64,
                    "E": 1,
                    "H": 1,
                    "P": 32,
                    "D": 32
                },
                "L3": {
                    "B": 1,
                    "E": 8,
                    "H": 32,
                    "P": 8,
                    "D": 128
                },
                "PE": {
                    "B": 1,
                    "E": 1,
                    "H": 1,
                    "P": 16,
                    "D": 1
                },
                "PE_col": {
                    "B": 1,
                    "E": 16,
                    "H": 1,
                    "P": 1,
                    "D": 1
                },
                "reg_file": {
                    "B": 1,
                    "E": 1,
                    "H": 1,
                    "P": 1,
                    "D": 1
                }
            }
        },
        "BK": {
            "tl_rst": {
                "comp_latency": 18.276456578723405,
                "mem_latency": 17.2,
                "traffic": 554050781184,
                "energy": 240432406669.03,
                "traffic_energy": 65088661823219.04,
                "traffic_energy_foreach": {
                    "DRAM": 17286384372940.799,
                    "L3": 47591094362954.53,
                    "reg_file": 211183087323.70944,
                    "traffic": {
                        "DRAM": {
                            "read": 68987912192.0,
                            "write": 268435456.0,
                            "update": 0,
                            "leak": 0
                        },
                        "L3": {
                            "read": 2277507072.0,
                            "write": 1212153856.0,
                            "update": 0,
                            "leak": 0
                        },
                        "reg_file_2d": {
                            "read": 51535413248.0,
                            "write": 51669630976.0,
                            "update": 0,
                            "leak": 0
                        },
                        "reg_file_1d": {
                            "read": 0,
                            "write": 0,
                            "update": 0,
                            "leak": 0
                        }
                    }
                },
                "mac_instances": 256,
                "mac_utilized_instances": 256
            },
            "factors": {
                "DRAM": {
                    "B": 64,
                    "E": 1,
                    "H": 1,
                    "M": 256,
                    "N": 1,
                    "D": 32
                },
                "L3": {
                    "B": 1,
                    "E": 8,
                    "H": 32,
                    "M": 1,
                    "N": 1,
                    "D": 128
                },
                "PE": {
                    "B": 1,
                    "E": 16,
                    "H": 1,
                    "M": 1,
                    "N": 1,
                    "D": 1
                },
                "PE_col": {
                    "B": 1,
                    "E": 1,
                    "H": 1,
                    "M": 1,
                    "N": 16,
                    "D": 1
                },
                "reg_file": {
                    "B": 1,
                    "E": 1,
                    "H": 1,
                    "M": 1,
                    "N": 1,
                    "D": 1
                }
            }
        },
        "BV": {
            "tl_rst": {
                "comp_latency": 18.276456578723405,
                "mem_latency": 17.133333333333333,
                "traffic": 551903297536,
                "energy": 240432406669.03,
                "traffic_energy": 64955593919318.46,
                "traffic_energy_foreach": {
                    "DRAM": 17219382883123.2,
                    "L3": 47525027948871.55,
                    "reg_file": 211183087323.70944,
                    "traffic": {
                        "DRAM": {
                            "read": 68719476736.0,
                            "write": 268435456.0,
                            "update": 0,
                            "leak": 0
                        },
                        "L3": {
                            "read": 2277507072.0,
                            "write": 1207959552.0,
                            "update": 0,
                            "leak": 0
                        },
                        "reg_file_2d": {
                            "read": 51535413248.0,
                            "write": 51669630976.0,
                            "update": 0,
                            "leak": 0
                        },
                        "reg_file_1d": {
                            "read": 0,
                            "write": 0,
                            "update": 0,
                            "leak": 0
                        }
                    }
                },
                "mac_instances": 256,
                "mac_utilized_instances": 256
            },
            "factors": {
                "DRAM": {
                    "B": 64,
                    "F": 1,
                    "H": 1,
                    "M": 256,
                    "N": 1,
                    "D": 32
                },
                "L3": {
                    "B": 1,
                    "F": 8,
                    "H": 32,
                    "M": 1,
                    "N": 1,
                    "D": 128
                },
                "PE": {
                    "B": 1,
                    "F": 16,
                    "H": 1,
                    "M": 1,
                    "N": 1,
                    "D": 1
                },
                "PE_col": {
                    "B": 1,
                    "F": 1,
                    "H": 1,
                    "M": 1,
                    "N": 16,