{
    "latency": 219.31747894468086,
    "energy": 1300330307520301.0,
    "energy_rsts": {
        "DRAM": 146867265680179.22,
        "L3": 245045612714102.1,
        "reg_file": 2534197047884.513,
        "PE": 905883232078135.2,
        "total": 1300330307520301.0
    },
    "tl_rsts": {
        "Q": {
            "tl_rst": {
                "comp_latency": 73.10582631489362,
                "mem_latency": 8.8,
                "traffic": 283467841536,
                "energy": 961729626676.13,
                "traffic_energy": 140857799438684.38,
                "traffic_energy_foreach": {
                    "DRAM": 8844196655923.2,
                    "L3": 131168870433466.34,
                    "reg_file": 844732349294.8378,
                    "traffic": {
                        "DRAM": {
                            "read": 35433480192.0,
                            "write": 0.0,
                            "update": 0,
                            "leak": 0
                        },
                        "L3": {
                            "read": 9110028288.0,
                            "write": 1090519040.0,
                            "update": 0,
                            "leak": 0
                        },
                        "reg_file_2d": {
                            "read": 206141652992.0,
                            "write": 206678523904.0,
                            "update": 0,
                            "leak": 0
                        },
                        "reg_file_1d": {
                            "read": 0,
                            "write": 0,
                            "update": 0,
                            "leak": 0
                        }
                    }
                },
                "mac_instances": 256,
                "mac_utilized_instances": 256
            },
            "factors": {
                "DRAM": {
                    "B": 64,
                    "E": 1,
                    "H": 1,
                    "P": 128,
                    "D": 32
                },
                "L3": {
                    "B": 1,
                    "E": 8,
                    "H": 32,
                    "P": 8,
                    "D": 128
                },
                "PE": {
                    "B": 1,
                    "E": 1,
                    "H": 1,
                    "P": 16,
                    "D": 1
                },
                "PE_col": {
                    "B": 1,
                    "E": 16,
                    "H": 1,
                    "P": 1,
                    "D": 1
                },
                "reg_file": {
                    "B": 1,
                    "E": 1,
                    "H": 1,
                    "P": 1,
                    "D": 1
                }
            }
        },
        "BK": {
            "tl_rst": {
                "comp_latency": 73.10582631489362,
                "mem_latency": 68.8,
                "traffic": 2216203124736,
                "energy": 961729626676.13,
                "traffic_energy": 260354647292876.16,
                "traffic_energy_foreach": {
                    "DRAM": 69145537491763.195,
                    "L3": 190364377451818.12,
                    "reg_file": 844732349294.8378,
                    "traffic": {
                        "DRAM": {
                            "read": 275951648768.0,
                            "write": 1073741824.0,
                            "update": 0,
                            "leak": 0
                        },
                        "L3": {
                            "read": 9110028288.0,
                            "write": 4848615424.0,
                            "update": 0,
                            "leak": 0
                        },
                        "reg_file_2d": {
                            "read": 206141652992.0,
                            "write": 206678523904.0,
                            "update": 0,
                            "leak": 0
                        },
                        "reg_file_1d": {
                            "read": 0,
                            "write": 0,
                            "update": 0,
                            "leak": 0
                        }
                    }
                },
                "mac_instances": 256,
                "mac_utilized_instances": 256
            },
            "factors": {
                "DRAM": {
                    "B": 64,
                    "E": 1,
                    "H": 1,
                    "M": 1024,
                    "N": 1,
                    "D": 32
                },
                "L3": {
                    "B": 1,
                    "E": 8,
                    "H": 32,
                    "M": 1,
                    "N": 1,
                    "D": 128
                },
                "PE": {
                    "B": 1,
                    "E": 16,
                    "H": 1,
                    "M": 1,
                    "N": 1,
                    "D": 1
                },
                "PE_col": {
                    "B": 1,
                    "E": 1,
                    "H": 1,
                    "M": 1,
                    "N": 16,
                    "D": 1
                },
                "reg_file": {
                    "B": 1,
                    "E": 1,
                    "H": 1,
                    "M": 1,
                    "N": 1,
                    "D": 1
                }
            }
        },
        "BV": {
            "tl_rst": {
                "comp_latency": 73.10582631489362,
                "mem_latency": 68.53333333333333,
                "traffic": 2207613190144,
                "energy": 961729626676.13,
                "traffic_energy": 259822375677273.84,
                "traffic_energy_foreach": {
                    "DRAM": 68877531532492.8,
                    "L3": 190100111795486.2,
                    "reg_file": 844732349294.8378,
                    "traffic": {
                        "DRAM": {
                            "read": 274877906944.0,
                            "write": 1073741824.0,
                            "update": 0,
                            "leak": 0
                        },
                        "L3": {
                            "read": 9110028288.0,
                            "write": 4831838208.0,
                            "update": 0,
                            "leak": 0
                        },
                        "reg_file_2d": {
                            "read": 206141652992.0,
                            "write": 206678523904.0,
                            "update": 0,
                            "leak": 0
                        },
                        "reg_file_1d": {
                            "read": 0,
                            "write": 0,
                            "update": 0,
                            "leak": 0
                        }
                    }
                },
                "mac_instances": 256,
                "mac_utilized_instances": 256
            },
            "factors": {
                "DRAM": {
                    "B": 64,
                    "F": 1,
                    "H": 1,
                    "M": 1024,
                    "N": 1,
                    "D": 32
                },
                "L3": {
                    "B": 1,
                    "F": 8,
                    "H": 32,
                    "M": 1,
                    "N": 1,
                    "D": 128
                },
                "PE": {
                    "B": 1,
                    "F": 16,
                    "H": 1,
                    "M": 1,
                    "N": 1,
                    "D": 1
                },
                "PE_col": {
                    "B": 1,
                    "F": 1,
                    "H": 1,
                    "M": 1,
                    "N": 16,