{
    "latency": 13.707342434042554,
    "energy": 79827938331989.11,
    "energy_rsts": {
        "DRAM": 8978199635558.398,
        "L3": 14073831630254.898,
        "reg_file": 158205061292.35968,
        "PE": 56617702004883.45,
        "total": 79827938331989.11
    },
    "tl_rsts": {
        "Q": {
            "tl_rst": {
                "comp_latency": 4.569114144680851,
                "mem_latency": 0.2,
                "traffic": 6442450944,
                "energy": 60108101667.26,
                "traffic_energy": 7354291061943.958,
                "traffic_energy_foreach": {
                    "DRAM": 201004469452.8,
                    "L3": 7100551572060.372,
                    "reg_file": 52735020430.78656,
                    "traffic": {
                        "DRAM": {
                            "read": 805306368.0,
                            "write": 0.0,
                            "update": 0,
                            "leak": 0
                        },
                        "L3": {
                            "read": 541065216.0,
                            "write": 20971520.0,
                            "update": 0,
                            "leak": 0
                        },
                        "reg_file_2d": {
                            "read": 12880707584.0,
                            "write": 12889096192.0,
                            "update": 0,
                            "leak": 0
                        },
                        "reg_file_1d": {
                            "read": 0,
                            "write": 0,
                            "update": 0,
                            "leak": 0
                        }
                    }
                },
                "mac_instances": 256,
                "mac_utilized_instances": 256
            },
            "factors": {
                "DRAM": {
                    "B": 64,
                    "E": 1,
                    "H": 1,
                    "P": 32,
                    "D": 2
                },
                "L3": {
                    "B": 1,
                    "E": 4,
                    "H": 16,
                    "P": 32,
                    "D": 512
                },
                "PE": {
                    "B": 1,
                    "E": 1,
                    "H": 1,
                    "P": 16,
                    "D": 1
                },
                "PE_col": {
                    "B": 1,
                    "E": 16,
                    "H": 1,
                    "P": 1,
                    "D": 1
                },
                "reg_file": {
                    "B": 1,
                    "E": 1,
                    "H": 1,
                    "P": 1,
                    "D": 1
                }
            }
        },
        "BK": {
            "tl_rst": {
                "comp_latency": 4.569114144680851,
                "mem_latency": 4.4,
                "traffic": 141733920768,
                "energy": 60108101667.26,
                "traffic_energy": 15671502593597.637,
                "traffic_energy_foreach": {
                    "DRAM": 4422098327961.6,
                    "L3": 11196669245205.25,
                    "reg_file": 52735020430.78656,
                    "traffic": {
                        "DRAM": {
                            "read": 17448304640.0,
                            "write": 268435456.0,
                            "update": 0,
                            "leak": 0
                        },
                        "L3": {
                            "read": 541065216.0,
                            "write": 281018368.0,
                            "update": 0,
                            "leak": 0
                        },
                        "reg_file_2d": {
                            "read": 12880707584.0,
                            "write": 12889096192.0,
                            "update": 0,
                            "leak": 0
                        },
                        "reg_file_1d": {
                            "read": 0,
                            "write": 0,
                            "update": 0,
                            "leak": 0
                        }
                    }
                },
                "mac_instances": 256,
                "mac_utilized_instances": 256
            },
            "factors": {
                "DRAM": {
                    "B": 64,
                    "E": 1,
                    "H": 1,
                    "M": 1024,
                    "N": 1,
                    "D": 2
                },
                "L3": {
                    "B": 1,
                    "E": 4,
                    "H": 16,
                    "M": 1,
                    "N": 1,
                    "D": 512
                },
                "PE": {
                    "B": 1,
                    "E": 16,
                    "H": 1,
                    "M": 1,
                    "N": 1,
                    "D": 1
                },
                "PE_col": {
                    "B": 1,
                    "E": 1,
                    "H": 1,
                    "M": 1,
                    "N": 16,
                    "D": 1
                },
                "reg_file": {
                    "B": 1,
                    "E": 1,
                    "H": 1,
                    "M": 1,
                    "N": 1,
                    "D": 1
                }
            }
        },
        "BV": {
            "tl_rst": {
                "comp_latency": 4.569114144680851,
                "mem_latency": 4.333333333333333,
                "traffic": 139586437120,
                "energy": 60108101667.26,
                "traffic_energy": 15538434689697.055,
                "traffic_energy_foreach": {
                    "DRAM": 4355096838144.0,
                    "L3": 11130602831122.268,
                    "reg_file": 52735020430.78656,
                    "traffic": {
                        "DRAM": {
                            "read": 17179869184.0,
                            "write": 268435456.0,
                            "update": 0,
                            "leak": 0
                        },
                        "L3": {
                            "read": 541065216.0,
                            "write": 276824064.0,
                            "update": 0,
                            "leak": 0
                        },
                        "reg_file_2d": {
                            "read": 12880707584.0,
                            "write": 12889096192.0,
                            "update": 0,
                            "leak": 0
                        },
                        "reg_file_1d": {
                            "read": 0,
                            "write": 0,
                            "update": 0,
                            "leak": 0
                        }
                    }
                },
                "mac_instances": 256,
                "mac_utilized_instances": 256
            },
            "factors": {
                "DRAM": {
                    "B": 64,
                    "F": 1,
                    "H": 1,
                    "M": 1024,
                    "N": 1,
                    "D": 2
                },
                "L3": {
                    "B": 1,
                    "F": 4,
                    "H": 16,
                    "M": 1,
                    "N": 1,
                    "D": 512
                },
                "PE": {
                    "B": 1,
                    "F": 16,
                    "H": 1,
                    "M": 1,
                    "N": 1,
                    "D": 1
                },
                "PE_col": {
                    "B": 1,
                    "F": 1,
                    "H": 1,
                    "M": 1,
                    "N": 16,
                    "D": 1
                },