{
    "latency": 0.8567089021276596,
    "energy": 4192605866870.7266,
    "energy_rsts": {
        "DRAM": 33549818265.6,
        "L3": 610565075733.078,
        "reg_file": 9884597566.83264,
        "PE": 3538606375305.216,
        "total": 4192605866870.7266
    },
    "tl_rsts": {
        "Q": {
            "tl_rst": {
                "comp_latency": 0.2855696340425532,
                "mem_latency": 0.008349609375,
                "traffic": 268959744,
                "energy": 3756756354.2,
                "traffic_energy": 448077716630.2372,
                "traffic_energy_foreach": {
                    "DRAM": 8391544012.8,
                    "L3": 436391306761.8263,
                    "reg_file": 3294865855.61088,
                    "traffic": {
                        "DRAM": {
                            "read": 33619968.0,
                            "write": 0.0,
                            "update": 0,
                            "leak": 0
                        },
                        "L3": {
                            "read": 33554432.0,
                            "write": 1049600.0,
                            "update": 0,
                            "leak": 0
                        },
                        "reg_file_2d": {
                            "read": 804782080.0,
                            "write": 805306368.0,
                            "update": 0,
                            "leak": 0
                        },
                        "reg_file_1d": {
                            "read": 0,
                            "write": 0,
                            "update": 0,
                            "leak": 0
                        }
                    }
                },
                "mac_instances": 256,
                "mac_utilized_instances": 256
            },
            "factors": {
                "DRAM": {
                    "B": 64,
                    "E": 1,
                    "H": 1,
                    "P": 4,
                    "D": 1
                },
                "L3": {
                    "B": 1,
                    "E": 4,
                    "H": 8,
                    "P": 64,
                    "D": 512
                },
                "PE": {
                    "B": 1,
                    "E": 1,
                    "H": 1,
                    "P": 16,
                    "D": 1
                },
                "PE_col": {
                    "B": 1,
                    "E": 16,
                    "H": 1,
                    "P": 1,
                    "D": 1
                },
                "reg_file": {
                    "B": 1,
                    "E": 1,
                    "H": 1,
                    "P": 1,
                    "D": 1
                }
            }
        },
        "BK": {
            "tl_rst": {
                "comp_latency": 0.2855696340425532,
                "mem_latency": 0.016682942708333332,
                "traffic": 537395200,
                "energy": 3756756354.2,
                "traffic_energy": 456452902857.4372,
                "traffic_energy_foreach": {
                    "DRAM": 16766730240.0,
                    "L3": 436391306761.8263,
                    "reg_file": 3294865855.61088,
                    "traffic": {
                        "DRAM": {
                            "read": 33619968.0,
                            "write": 33554432.0,
                            "update": 0,
                            "leak": 0
                        },
                        "L3": {
                            "read": 33554432.0,
                            "write": 1049600.0,
                            "update": 0,
                            "leak": 0
                        },
                        "reg_file_2d": {
                            "read": 804782080.0,
                            "write": 805306368.0,
                            "update": 0,
                            "leak": 0
                        },
                        "reg_file_1d": {
                            "read": 0,
                            "write": 0,
                            "update": 0,
                            "leak": 0
                        }
                    }
                },
                "mac_instances": 256,
                "mac_utilized_instances": 256
            },
            "factors": {
                "DRAM": {
                    "B": 64,
                    "E": 1,
                    "H": 1,
                    "M": 256,
                    "N": 1,
                    "D": 1
                },
                "L3": {
                    "B": 1,
                    "E": 4,
                    "H": 8,
                    "M": 1,
                    "N": 1,
                    "D": 512
                },
                "PE": {
                    "B": 1,
                    "E": 16,
                    "H": 1,
                    "M": 1,
                    "N": 1,
                    "D": 1
                },
                "PE_col": {
                    "B": 1,
                    "E": 1,
                    "H": 1,
                    "M": 1,
                    "N": 16,
                    "D": 1
                },
                "reg_file": {
                    "B": 1,
                    "E": 1,
                    "H": 1,
                    "M": 1,
                    "N": 1,
                    "D": 1
                }
            }
        },
        "BV": {
            "tl_rst": {
                "comp_latency": 0.2855696340425532,
                "mem_latency": 0.008349609375,
                "traffic": 268959744,
                "energy": 3756756354.2,
                "traffic_energy": 439819414869.86444,
                "traffic_energy_foreach": {
                    "DRAM": 8391544012.8,
                    "L3": 428133005001.45355,
                    "reg_file": 3294865855.61088,
                    "traffic": {
                        "DRAM": {
                            "read": 65536.0,
                            "write": 33554432.0,
                            "update": 0,
                            "leak": 0
                        },
                        "L3": {
                            "read": 33554432.0,
                            "write": 525312.0,
                            "update": 0,
                            "leak": 0
                        },
                        "reg_file_2d": {
                            "read": 804782080.0,
                            "write": 805306368.0,
                            "update": 0,
                            "leak": 0
                        },
                        "reg_file_1d": {
                            "read": 0,
                            "write": 0,
                            "update": 0,
                            "leak": 0
                        }
                    }
                },
                "mac_instances": 256,
                "mac_utilized_instances": 256
            },
            "factors": {
                "DRAM": {
                    "B": 64,
                    "F": 1,
                    "H": 1,
                    "M": 256,
                    "N": 1,
                    "D": 1
                },
                "L3": {
                    "B": 1,
                    "F": 4,
                    "H": 8,
                    "M": 1,
                    "N": 1,
                    "D": 512
                },
                "PE": {
                    "B": 1,
                    "F": 16,
                    "H": 1,
                    "M": 1,
                    "N": 1,
                    "D": 1
                },
                "PE_col": {
                    "B": 1,
                    "F": 1,
                    "H": 1,
                    "M": 1,
                    "N": 16,
                    "D": 1
                },