{
    "latency": 2.570126706382979,
    "energy": 2664962764666593.0,
    "energy_rsts": {
        "DRAM": 523768627.2,
        "L3": 249238794769113.7,
        "reg_file": 32900634574.848,
        "PE": 2415690545494277.5,
        "total": 2664962764666593.0
    },
    "tl_rsts": {
        "FFN": {
            "tl_rst": {
                "comp_latency": 1.1422785361702128,
                "mem_latency": 1.9550323486328125e-05,
                "traffic": 8396800,
                "energy": 3846918506704.54,
                "traffic_energy": 70049848489979.375,
                "traffic_energy_foreach": {
                    "DRAM": 261980160.0,
                    "L3": 70034021867748.03,
                    "reg_file": 15564642071.347198,
                    "traffic": {
                        "DRAM": {
                            "read": 1049600.0,
                            "write": 0.0,
                            "update": 0,
                            "leak": 0
                        },
                        "L3": {
                            "read": 6174539776.0,
                            "write": 4294983696.0,
                            "update": 0,
                            "leak": 0
                        },
                        "reg_file_2d": {
                            "read": 4293918720.0,
                            "write": 3237478400.0,
                            "update": 0,
                            "leak": 0
                        },
                        "reg_file_1d": {
                            "read": 0,
                            "write": 0,
                            "update": 0,
                            "leak": 0
                        }
                    }
                },
                "mac_instances": 65536,
                "mac_utilized_instances": 65536
            },
            "factors": {
                "DRAM": {
                    "B": 64,
                    "S": 2,
                    "P": 512,
                    "F": 1,
                    "H": 1
                },
                "L3": {
                    "B": 1,
                    "S": 8,
                    "P": 2,
                    "F": 64,
                    "H": 16
                },
                "PE": {
                    "B": 1,
                    "S": 1,
                    "P": 256,
                    "F": 1,
                    "H": 1
                },
                "PE_col": {
                    "B": 1,
                    "S": 256,
                    "P": 1,
                    "F": 1,
                    "H": 1
                },
                "reg_file": {
                    "B": 1,
                    "S": 1,
                    "P": 1,
                    "F": 1,
                    "H": 1
                }
            }
        },
        "AR": {
            "tl_rst": {
                "comp_latency": 0.2855696340425532,
                "mem_latency": 0.0,
                "traffic": 0,
                "energy": 3756756354.2,
                "traffic_energy": 3688733495393.2554,
                "traffic_energy_foreach": {
                    "DRAM": 0.0,
                    "L3": 3688733495393.2554,
                    "reg_file": 0.0,
                    "traffic": {
                        "DRAM": {
                            "read": 0.0,
                            "write": 0.0,
                            "update": 0,
                            "leak": 0
                        },
                        "L3": {
                            "read": 268435456.0,
                            "write": 268435456.0,
                            "update": 0,
                            "leak": 0
                        },
                        "reg_file_2d": {
                            "read": 0,
                            "write": 0,
                            "update": 0,
                            "leak": 0
                        },
                        "reg_file_1d": {
                            "read": 0.0,
                            "write": 0.0,
                            "update": 0,
                            "leak": 0
                        }
                    }
                },
                "mac_instances": 256,
                "mac_utilized_instances": 256
            },
            "factors": {
                "DRAM": {
                    "B": 64,
                    "S": 2,
                    "P": 512
                },
                "L3": {
                    "B": 1,
                    "S": 2048,
                    "P": 2
                },
                "PE": {
                    "B": 1,
                    "S": 1,
                    "P": 256
                },
                "reg_file": {
                    "B": 1,
                    "S": 1,
                    "P": 1
                }
            }
        },
        "FFNT": {
            "tl_rst": {
                "comp_latency": 1.1422785361702128,
                "mem_latency": 1.953601837158203e-05,
                "traffic": 8390656,
                "energy": 3846918506704.54,
                "traffic_energy": 45864227349060.21,
                "traffic_energy_foreach": {
                    "DRAM": 261788467.2,
                    "L3": 45846629568089.51,
                    "reg_file": 17335992503.5008,
                    "traffic": {
                        "DRAM": {
                            "read": 1048832.0,
                            "write": 0.0,
                            "update": 0,
                            "leak": 0
                        },
                        "L3": {
                            "read": 6379536384.0,
                            "write": 1073758212.0,
                            "update": 0,
                            "leak": 0
                        },
                        "reg_file_2d": {
                            "read": 4227858432.0,
                            "write": 4244635648.0,
                            "update": 0,
                            "leak": 0
                        },
                        "reg_file_1d": {
                            "read": 0,
                            "write": 0,
                            "update": 0,
                            "leak": 0
                        }
                    }
                },
                "mac_instances": 65536,
                "mac_utilized_instances": 65536
            },
            "factors": {
                "DRAM": {
                    "B": 64,
                    "F": 1,
                    "H": 1,
                    "P": 512,
                    "S": 2
                },
                "L3": {
                    "B": 1,
                    "F": 64,
                    "H": 16,
                    "P": 2,
                    "S": 8
                },
                "PE": {
                    "B": 1,
                    "F": 1,
                    "H": 1,
                    "P": 256,
                    "S": 1
                },
                "PE_col": {
                    "B": 1,
                    "F": 1,
                    "H": 1,
                    "P": 1,
                    "S": 256
                },
                "reg_file": {
                    "B": 1,
                    "F": 1,
                    "H": 1,
                    "P": 1,
                    "S": 1
                }
            }
        }
    }
}