{
    "latency": 0.17848102127659576,
    "energy": 166772254306296.22,
    "energy_rsts": {
        "DRAM": 131022028.8,
        "L3": 15789304922482.385,
        "reg_file": 2038854689.5872002,
        "PE": 150980779507095.44,
        "total": 166772254306296.22
    },
    "tl_rsts": {
        "FFN": {
            "tl_rst": {
                "comp_latency": 0.0713924085106383,
                "mem_latency": 4.892349243164062e-06,
                "traffic": 2101248,
                "energy": 240432406669.03,
                "traffic_energy": 4279875461746.047,
                "traffic_energy_foreach": {
                    "DRAM": 65558937.6,
                    "L3": 4278837380909.316,
                    "reg_file": 972521899.1308799,
                    "traffic": {
                        "DRAM": {
                            "read": 262656.0,
                            "write": 0.0,
                            "update": 0,
                            "leak": 0
                        },
                        "L3": {
                            "read": 369131520.0,
                            "write": 268439560.0,
                            "update": 0,
                            "leak": 0
                        },
                        "reg_file_2d": {
                            "read": 268304384.0,
                            "write": 202276864.0,
                            "update": 0,
                            "leak": 0
                        },
                        "reg_file_1d": {
                            "read": 0,
                            "write": 0,
                            "update": 0,
                            "leak": 0
                        }
                    }
                },
                "mac_instances": 65536,
                "mac_utilized_instances": 65536
            },
            "factors": {
                "DRAM": {
                    "B": 64,
                    "S": 1,
                    "P": 64,
                    "F": 1,
                    "H": 1
                },
                "L3": {
                    "B": 1,
                    "S": 8,
                    "P": 4,
                    "F": 64,
                    "H": 8
                },
                "PE": {
                    "B": 1,
                    "S": 1,
                    "P": 256,
                    "F": 1,
                    "H": 1
                },
                "PE_col": {
                    "B": 1,
                    "S": 256,
                    "P": 1,
                    "F": 1,
                    "H": 1
                },
                "reg_file": {
                    "B": 1,
                    "S": 1,
                    "P": 1,
                    "F": 1,
                    "H": 1
                }
            }
        },
        "AR": {
            "tl_rst": {
                "comp_latency": 0.03569620425531915,
                "mem_latency": 0.0,
                "traffic": 0,
                "energy": 469594544.28,
                "traffic_energy": 461091686924.1569,
                "traffic_energy_foreach": {
                    "DRAM": 0.0,
                    "L3": 461091686924.1569,
                    "reg_file": 0.0,
                    "traffic": {
                        "DRAM": {
                            "read": 0.0,
                            "write": 0.0,
                            "update": 0,
                            "leak": 0
                        },
                        "L3": {
                            "read": 33554432.0,
                            "write": 33554432.0,
                            "update": 0,
                            "leak": 0
                        },
                        "reg_file_2d": {
                            "read": 0,
                            "write": 0,
                            "update": 0,
                            "leak": 0
                        },
                        "reg_file_1d": {
                            "read": 0.0,
                            "write": 0.0,
                            "update": 0,
                            "leak": 0
                        }
                    }
                },
                "mac_instances": 256,
                "mac_utilized_instances": 256
            },
            "factors": {
                "DRAM": {
                    "B": 64,
                    "S": 1,
                    "P": 64
                },
                "L3": {
                    "B": 1,
                    "S": 2048,
                    "P": 4
                },
                "PE": {
                    "B": 1,
                    "S": 1,
                    "P": 256
                },
                "reg_file": {
                    "B": 1,
                    "S": 1,
                    "P": 1
                }
            }
        },
        "FFNT": {
            "tl_rst": {
                "comp_latency": 0.0713924085106383,
                "mem_latency": 4.885196685791015e-06,
                "traffic": 2098176,
                "energy": 240432406669.03,
                "traffic_energy": 2841992056813.793,
                "traffic_energy_foreach": {
                    "DRAM": 65463091.199999996,
                    "L3": 2840860260932.136,
                    "reg_file": 1066332790.45632,
                    "traffic": {
                        "DRAM": {
                            "read": 262272.0,
                            "write": 0.0,
                            "update": 0,
                            "leak": 0
                        },
                        "L3": {
                            "read": 394526720.0,
                            "write": 67112962.0,
                            "update": 0,
                            "leak": 0
                        },
                        "reg_file_2d": {
                            "read": 260046848.0,
                            "write": 261095424.0,
                            "update": 0,
                            "leak": 0
                        },
                        "reg_file_1d": {
                            "read": 0,
                            "write": 0,
                            "update": 0,
                            "leak": 0
                        }
                    }
                },
                "mac_instances": 65536,
                "mac_utilized_instances": 65536
            },
            "factors": {
                "DRAM": {
                    "B": 64,
                    "F": 1,
                    "H": 1,
                    "P": 64,
                    "S": 1
                },
                "L3": {
                    "B": 1,
                    "F": 64,
                    "H": 8,
                    "P": 4,
                    "S": 8
                },
                "PE": {
                    "B": 1,
                    "F": 1,
                    "H": 1,
                    "P": 256,
                    "S": 1
                },
                "PE_col": {
                    "B": 1,
                    "F": 1,
                    "H": 1,
                    "P": 1,
                    "S": 256
                },
                "reg_file": {
                    "B": 1,
                    "F": 1,
                    "H": 1,
                    "P": 1,
                    "S": 1
                }
            }
        }
    }
}