{
    "latency": 0.2231012765957447,
    "energy": 161338844258947.66,
    "energy_rsts": {
        "DRAM": 2094435532.8,
        "L3": 10000367082892.398,
        "reg_file": 2062981129.4207997,
        "PE": 151334319759393.03,
        "total": 161338844258947.66
    },
    "tl_rsts": {
        "FFN": {
            "tl_rst": {
                "comp_latency": 0.0713924085106383,
                "mem_latency": 7.816314697265624e-05,
                "traffic": 33570816,
                "energy": 240432406669.03,
                "traffic_energy": 2584348248914.6987,
                "traffic_energy_foreach": {
                    "DRAM": 1047409459.1999999,
                    "L3": 2582328943804.2114,
                    "reg_file": 971895651.28704,
                    "traffic": {
                        "DRAM": {
                            "read": 4196352.0,
                            "write": 0.0,
                            "update": 0,
                            "leak": 0
                        },
                        "L3": {
                            "read": 260063232.0,
                            "write": 134283296.0,
                            "update": 0,
                            "leak": 0
                        },
                        "reg_file_2d": {
                            "read": 268402688.0,
                            "write": 201834496.0,
                            "update": 0,
                            "leak": 0
                        },
                        "reg_file_1d": {
                            "read": 0,
                            "write": 0,
                            "update": 0,
                            "leak": 0
                        }
                    }
                },
                "mac_instances": 65536,
                "mac_utilized_instances": 65536
            },
            "factors": {
                "DRAM": {
                    "B": 64,
                    "S": 8,
                    "P": 8,
                    "F": 1,
                    "H": 1
                },
                "L3": {
                    "B": 1,
                    "S": 4,
                    "P": 2,
                    "F": 128,
                    "H": 16
                },
                "PE": {
                    "B": 1,
                    "S": 1,
                    "P": 256,
                    "F": 1,
                    "H": 1
                },
                "PE_col": {
                    "B": 1,
                    "S": 256,
                    "P": 1,
                    "F": 1,
                    "H": 1
                },
                "reg_file": {
                    "B": 1,
                    "S": 1,
                    "P": 1,
                    "F": 1,
                    "H": 1
                }
            }
        },
        "AR": {
            "tl_rst": {
                "comp_latency": 0.08031645957446809,
                "mem_latency": 0.0,
                "traffic": 0,
                "energy": 117398636.07,
                "traffic_energy": 115272921731.03923,
                "traffic_energy_foreach": {
                    "DRAM": 0.0,
                    "L3": 115272921731.03923,
                    "reg_file": 0.0,
                    "traffic": {
                        "DRAM": {
                            "read": 0.0,
                            "write": 0.0,
                            "update": 0,
                            "leak": 0
                        },
                        "L3": {
                            "read": 8388608.0,
                            "write": 8388608.0,
                            "update": 0,
                            "leak": 0
                        },
                        "reg_file_2d": {
                            "read": 0,
                            "write": 0,
                            "update": 0,
                            "leak": 0
                        },
                        "reg_file_1d": {
                            "read": 0.0,
                            "write": 0.0,
                            "update": 0,
                            "leak": 0
                        }
                    }
                },
                "mac_instances": 256,
                "mac_utilized_instances": 256
            },
            "factors": {
                "DRAM": {
                    "B": 64,
                    "S": 8,
                    "P": 8
                },
                "L3": {
                    "B": 1,
                    "S": 1024,
                    "P": 2
                },
                "PE": {
                    "B": 1,
                    "S": 1,
                    "P": 256
                },
                "reg_file": {
                    "B": 1,
                    "S": 1,
                    "P": 1
                }
            }
        },
        "FFNT": {
            "tl_rst": {
                "comp_latency": 0.0713924085106383,
                "mem_latency": 7.813453674316407e-05,
                "traffic": 33558528,
                "energy": 240432406669.03,
                "traffic_energy": 2093844111990.1104,
                "traffic_energy_foreach": {
                    "DRAM": 1047026073.6,
                    "L3": 2091706000438.3765,
                    "reg_file": 1091085478.13376,
                    "traffic": {
                        "DRAM": {
                            "read": 4194816.0,
                            "write": 0.0,
                            "update": 0,
                            "leak": 0
                        },
                        "L3": {
                            "read": 266600448.0,
                            "write": 67174408.0,
                            "update": 0,
                            "leak": 0
                        },
                        "reg_file_2d": {
                            "read": 266338304.0,
                            "write": 266862592.0,
                            "update": 0,
                            "leak": 0
                        },
                        "reg_file_1d": {
                            "read": 0,
                            "write": 0,
                            "update": 0,
                            "leak": 0
                        }
                    }
                },
                "mac_instances": 65536,
                "mac_utilized_instances": 65536
            },
            "factors": {
                "DRAM": {
                    "B": 64,
                    "F": 1,
                    "H": 1,
                    "P": 8,
                    "S": 8
                },
                "L3": {
                    "B": 1,
                    "F": 128,
                    "H": 16,
                    "P": 2,
                    "S": 4
                },
                "PE": {
                    "B": 1,
                    "F": 1,
                    "H": 1,
                    "P": 256,
                    "S": 1
                },
                "PE_col": {
                    "B": 1,
                    "F": 1,
                    "H": 1,
                    "P": 1,
                    "S": 256
                },
                "reg_file": {
                    "B": 1,
                    "F": 1,
                    "H": 1,
                    "P": 1,
                    "S": 1
                }
            }
        }
    }
}