{
    "latency": 0.713924085106383,
    "energy": 667088236578659.6,
    "energy_rsts": {
        "DRAM": 131022028.8,
        "L3": 63156832109490.7,
        "reg_file": 8155418758.348801,
        "PE": 603923118028381.8,
        "total": 667088236578659.6
    },
    "tl_rsts": {
        "FFN": {
            "tl_rst": {
                "comp_latency": 0.2855696340425532,
                "mem_latency": 4.892349243164062e-06,
                "traffic": 2101248,
                "energy": 961729626676.13,
                "traffic_energy": 17119208130969.678,
                "traffic_energy_foreach": {
                    "DRAM": 65558937.6,
                    "L3": 17115252484435.555,
                    "reg_file": 3890087596.5235195,
                    "traffic": {
                        "DRAM": {
                            "read": 262656.0,
                            "write": 0.0,
                            "update": 0,
                            "leak": 0
                        },
                        "L3": {
                            "read": 1476526080.0,
                            "write": 1073745928.0,
                            "update": 0,
                            "leak": 0
                        },
                        "reg_file_2d": {
                            "read": 1073217536.0,
                            "write": 809107456.0,
                            "update": 0,
                            "leak": 0
                        },
                        "reg_file_1d": {
                            "read": 0,
                            "write": 0,
                            "update": 0,
                            "leak": 0
                        }
                    }
                },
                "mac_instances": 65536,
                "mac_utilized_instances": 65536
            },
            "factors": {
                "DRAM": {
                    "B": 64,
                    "S": 1,
                    "P": 256,
                    "F": 1,
                    "H": 1
                },
                "L3": {
                    "B": 1,
                    "S": 8,
                    "P": 4,
                    "F": 64,
                    "H": 8
                },
                "PE": {
                    "B": 1,
                    "S": 1,
                    "P": 256,
                    "F": 1,
                    "H": 1
                },
                "PE_col": {
                    "B": 1,
                    "S": 256,
                    "P": 1,
                    "F": 1,
                    "H": 1
                },
                "reg_file": {
                    "B": 1,
                    "S": 1,
                    "P": 1,
                    "F": 1,
                    "H": 1
                }
            }
        },
        "AR": {
            "tl_rst": {
                "comp_latency": 0.1427848170212766,
                "mem_latency": 0.0,
                "traffic": 0,
                "energy": 1878378177.1,
                "traffic_energy": 1844366747696.6277,
                "traffic_energy_foreach": {
                    "DRAM": 0.0,
                    "L3": 1844366747696.6277,
                    "reg_file": 0.0,
                    "traffic": {
                        "DRAM": {
                            "read": 0.0,
                            "write": 0.0,
                            "update": 0,
                            "leak": 0
                        },
                        "L3": {
                            "read": 134217728.0,
                            "write": 134217728.0,
                            "update": 0,
                            "leak": 0
                        },
                        "reg_file_2d": {
                            "read": 0,
                            "write": 0,
                            "update": 0,
                            "leak": 0
                        },
                        "reg_file_1d": {
                            "read": 0.0,
                            "write": 0.0,
                            "update": 0,
                            "leak": 0
                        }
                    }
                },
                "mac_instances": 256,
                "mac_utilized_instances": 256
            },
            "factors": {
                "DRAM": {
                    "B": 64,
                    "S": 1,
                    "P": 256
                },
                "L3": {
                    "B": 1,
                    "S": 2048,
                    "P": 4
                },
                "PE": {
                    "B": 1,
                    "S": 1,
                    "P": 256
                },
                "reg_file": {
                    "B": 1,
                    "S": 1,
                    "P": 1
                }
            }
        },
        "FFNT": {
            "tl_rst": {
                "comp_latency": 0.2855696340425532,
                "mem_latency": 4.885196685791015e-06,
                "traffic": 2098176,
                "energy": 961729626676.13,
                "traffic_energy": 11367674940650.041,
                "traffic_energy_foreach": {
                    "DRAM": 65463091.199999996,
                    "L3": 11363344146397.016,
                    "reg_file": 4265331161.82528,
                    "traffic": {
                        "DRAM": {
                            "read": 262272.0,
                            "write": 0.0,
                            "update": 0,
                            "leak": 0
                        },
                        "L3": {
                            "read": 1578106880.0,
                            "write": 268439554.0,
                            "update": 0,
                            "leak": 0
                        },
                        "reg_file_2d": {
                            "read": 1040187392.0,
                            "write": 1044381696.0,
                            "update": 0,
                            "leak": 0
                        },
                        "reg_file_1d": {
                            "read": 0,
                            "write": 0,
                            "update": 0,
                            "leak": 0
                        }
                    }
                },
                "mac_instances": 65536,
                "mac_utilized_instances": 65536
            },
            "factors": {
                "DRAM": {
                    "B": 64,
                    "F": 1,
                    "H": 1,
                    "P": 256,
                    "S": 1
                },
                "L3": {
                    "B": 1,
                    "F": 64,
                    "H": 8,
                    "P": 4,
                    "S": 8
                },
                "PE": {
                    "B": 1,
                    "F": 1,
                    "H": 1,
                    "P": 256,
                    "S": 1
                },
                "PE_col": {
                    "B": 1,
                    "F": 1,
                    "H": 1,
                    "P": 1,
                    "S": 256
                },
                "reg_file": {
                    "B": 1,
                    "F": 1,
                    "H": 1,
                    "P": 1,
                    "S": 1
                }
            }
        }
    }
}