{
    "latency": 0.18294304680851065,
    "energy": 155819523913601.84,
    "energy_rsts": {
        "DRAM": 8376464179.2,
        "L3": 4651652822517.949,
        "reg_file": 2065407363.56352,
        "PE": 151157429219541.12,
        "total": 155819523913601.84
    },
    "tl_rsts": {
        "FFN": {
            "tl_rst": {
                "comp_latency": 0.0713924085106383,
                "mem_latency": 0.0003125762939453125,
                "traffic": 134250496,
                "energy": 240432406669.03,
                "traffic_energy": 826886435156.7711,
                "traffic_energy_foreach": {
                    "DRAM": 4188615475.2,
                    "L3": 821726823227.0483,
                    "reg_file": 970996454.5228801,
                    "traffic": {
                        "DRAM": {
                            "read": 16781312.0,
                            "write": 0.0,
                            "update": 0,
                            "leak": 0
                        },
                        "L3": {
                            "read": 134234112.0,
                            "write": 4456512.0,
                            "update": 0,
                            "leak": 0
                        },
                        "reg_file_2d": {
                            "read": 268419072.0,
                            "write": 201342976.0,
                            "update": 0,
                            "leak": 0
                        },
                        "reg_file_1d": {
                            "read": 0,
                            "write": 0,
                            "update": 0,
                            "leak": 0
                        }
                    }
                },
                "mac_instances": 65536,
                "mac_utilized_instances": 65536
            },
            "factors": {
                "DRAM": {
                    "B": 64,
                    "S": 32,
                    "P": 4,
                    "F": 1,
                    "H": 1
                },
                "L3": {
                    "B": 1,
                    "S": 2,
                    "P": 1,
                    "F": 128,
                    "H": 32
                },
                "PE": {
                    "B": 1,
                    "S": 1,
                    "P": 256,
                    "F": 1,
                    "H": 1
                },
                "PE_col": {
                    "B": 1,
                    "S": 256,
                    "P": 1,
                    "F": 1,
                    "H": 1
                },
                "reg_file": {
                    "B": 1,
                    "S": 1,
                    "P": 1,
                    "F": 1,
                    "H": 1
                }
            }
        },
        "AR": {
            "tl_rst": {
                "comp_latency": 0.040158229787234045,
                "mem_latency": 0.0,
                "traffic": 0,
                "energy": 58699318.03,
                "traffic_energy": 57636460865.519615,
                "traffic_energy_foreach": {
                    "DRAM": 0.0,
                    "L3": 57636460865.519615,
                    "reg_file": 0.0,
                    "traffic": {
                        "DRAM": {
                            "read": 0.0,
                            "write": 0.0,
                            "update": 0,
                            "leak": 0
                        },
                        "L3": {
                            "read": 4194304.0,
                            "write": 4194304.0,
                            "update": 0,
                            "leak": 0
                        },
                        "reg_file_2d": {
                            "read": 0,
                            "write": 0,
                            "update": 0,
                            "leak": 0
                        },
                        "reg_file_1d": {
                            "read": 0.0,
                            "write": 0.0,
                            "update": 0,
                            "leak": 0
                        }
                    }
                },
                "mac_instances": 256,
                "mac_utilized_instances": 256
            },
            "factors": {
                "DRAM": {
                    "B": 64,
                    "S": 32,
                    "P": 4
                },
                "L3": {
                    "B": 1,
                    "S": 512,
                    "P": 1
                },
                "PE": {
                    "B": 1,
                    "S": 1,
                    "P": 256
                },
                "reg_file": {
                    "B": 1,
                    "S": 1,
                    "P": 1
                }
            }
        },
        "FFNT": {
            "tl_rst": {
                "comp_latency": 0.0713924085106383,
                "mem_latency": 0.0003125190734863281,
                "traffic": 134225920,
                "energy": 240432406669.03,
                "traffic_energy": 1342754787433.001,
                "traffic_energy_foreach": {
                    "DRAM": 4187848704.0,
                    "L3": 1337472527819.9604,
                    "reg_file": 1094410909.0406399,
                    "traffic": {
                        "DRAM": {
                            "read": 16778240.0,
                            "write": 0.0,
                            "update": 0,
                            "leak": 0
                        },
                        "L3": {
                            "read": 137625600.0,
                            "write": 67371024.0,
                            "update": 0,
                            "leak": 0
                        },
                        "reg_file_2d": {
                            "read": 267386880.0,
                            "write": 267403264.0,
                            "update": 0,
                            "leak": 0
                        },
                        "reg_file_1d": {
                            "read": 0,
                            "write": 0,
                            "update": 0,
                            "leak": 0
                        }
                    }
                },
                "mac_instances": 65536,
                "mac_utilized_instances": 65536
            },
            "factors": {
                "DRAM": {
                    "B": 64,
                    "F": 1,
                    "H": 1,
                    "P": 4,
                    "S": 32
                },
                "L3": {
                    "B": 1,
                    "F": 128,
                    "H": 32,
                    "P": 1,
                    "S": 2
                },
                "PE": {
                    "B": 1,
                    "F": 1,
                    "H": 1,
                    "P": 256,
                    "S": 1
                },
                "PE_col": {
                    "B": 1,
                    "F": 1,
                    "H": 1,
                    "P": 1,
                    "S": 256
                },
                "reg_file": {
                    "B": 1,
                    "F": 1,
                    "H": 1,
                    "P": 1,
                    "S": 1
                }
            }
        }
    }
}