{
    "latency": 12.850633531914895,
    "energy": 6032659383823106.0,
    "energy_rsts": {
        "DRAM": 294679756.8,
        "L3": 563322896562902.0,
        "reg_file": 73816460069.43744,
        "PE": 5469262376120378.0,
        "total": 6032659383823106.0
    },
    "tl_rsts": {
        "FFN": {
            "tl_rst": {
                "comp_latency": 2.570126706382979,
                "mem_latency": 1.1000633239746094e-05,
                "traffic": 4724736,
                "energy": 8655566640085.21,
                "traffic_energy": 156429431731307.88,
                "traffic_energy_foreach": {
                    "DRAM": 147411763.2,
                    "L3": 156394267841715.97,
                    "reg_file": 35016477828.7104,
                    "traffic": {
                        "DRAM": {
                            "read": 590592.0,
                            "write": 0.0,
                            "update": 0,
                            "leak": 0
                        },
                        "L3": {
                            "read": 13690994688.0,
                            "write": 9663685644.0,
                            "update": 0,
                            "leak": 0
                        },
                        "reg_file_2d": {
                            "read": 9660530688.0,
                            "write": 7283146752.0,
                            "update": 0,
                            "leak": 0
                        },
                        "reg_file_1d": {
                            "read": 0,
                            "write": 0,
                            "update": 0,
                            "leak": 0
                        }
                    }
                },
                "mac_instances": 65536,
                "mac_utilized_instances": 65536
            },
            "factors": {
                "DRAM": {
                    "B": 64,
                    "S": 2,
                    "P": 1024,
                    "F": 1,
                    "H": 1
                },
                "L3": {
                    "B": 1,
                    "S": 6,
                    "P": 4,
                    "F": 64,
                    "H": 12
                },
                "PE": {
                    "B": 1,
                    "S": 1,
                    "P": 256,
                    "F": 1,
                    "H": 1
                },
                "PE_col": {
                    "B": 1,
                    "S": 256,
                    "P": 1,
                    "F": 1,
                    "H": 1
                },
                "reg_file": {
                    "B": 1,
                    "S": 1,
                    "P": 1,
                    "F": 1,
                    "H": 1
                }
            }
        },
        "AR": {
            "tl_rst": {
                "comp_latency": 7.710380119148937,
                "mem_latency": 0.0,
                "traffic": 0,
                "energy": 11270269062.61,
                "traffic_energy": 11066200486179.766,
                "traffic_energy_foreach": {
                    "DRAM": 0.0,
                    "L3": 11066200486179.766,
                    "reg_file": 0.0,
                    "traffic": {
                        "DRAM": {
                            "read": 0.0,
                            "write": 0.0,
                            "update": 0,
                            "leak": 0
                        },
                        "L3": {
                            "read": 805306368.0,
                            "write": 805306368.0,
                            "update": 0,
                            "leak": 0
                        },
                        "reg_file_2d": {
                            "read": 0,
                            "write": 0,
                            "update": 0,
                            "leak": 0
                        },
                        "reg_file_1d": {
                            "read": 0.0,
                            "write": 0.0,
                            "update": 0,
                            "leak": 0
                        }
                    }
                },
                "mac_instances": 256,
                "mac_utilized_instances": 256
            },
            "factors": {
                "DRAM": {
                    "B": 64,
                    "S": 2,
                    "P": 1024
                },
                "L3": {
                    "B": 1,
                    "S": 1536,
                    "P": 4
                },
                "PE": {
                    "B": 1,
                    "S": 1,
                    "P": 256
                },
                "reg_file": {
                    "B": 1,
                    "S": 1,
                    "P": 1
                }
            }
        },
        "FFNT": {
            "tl_rst": {
                "comp_latency": 2.570126706382979,
                "mem_latency": 1.0989904403686523e-05,
                "traffic": 4720128,
                "energy": 8655566640085.21,
                "traffic_energy": 102898706058031.25,
                "traffic_energy_foreach": {
                    "DRAM": 147267993.6,
                    "L3": 102859758807796.92,
                    "reg_file": 38799982240.72704,
                    "traffic": {
                        "DRAM": {
                            "read": 590016.0,
                            "write": 0.0,
                            "update": 0,
                            "leak": 0
                        },
                        "L3": {
                            "read": 14303625216.0,
                            "write": 2415928323.0,
                            "update": 0,
                            "leak": 0
                        },
                        "reg_file_2d": {
                            "read": 9462349824.0,
                            "write": 9500098560.0,
                            "update": 0,
                            "leak": 0
                        },
                        "reg_file_1d": {
                            "read": 0,
                            "write": 0,
                            "update": 0,
                            "leak": 0
                        }
                    }
                },
                "mac_instances": 65536,
                "mac_utilized_instances": 65536
            },
            "factors": {
                "DRAM": {
                    "B": 64,
                    "F": 1,
                    "H": 1,
                    "P": 1024,
                    "S": 2
                },
                "L3": {
                    "B": 1,
                    "F": 64,
                    "H": 12,
                    "P": 4,
                    "S": 6
                },
                "PE": {
                    "B": 1,
                    "F": 1,
                    "H": 1,
                    "P": 256,
                    "S": 1
                },
                "PE_col": {
                    "B": 1,
                    "F": 1,
                    "H": 1,
                    "P": 1,
                    "S": 256
                },
                "reg_file": {
                    "B": 1,
                    "F": 1,
                    "H": 1,
                    "P": 1,
                    "S": 1
                }
            }
        }
    }
}