{
    "latency": 0.8031645957446809,
    "energy": 377041760157959.75,
    "energy_rsts": {
        "DRAM": 294679756.8,
        "L3": 35207953441924.98,
        "reg_file": 4613528754.33984,
        "PE": 341828898507523.6,
        "total": 377041760157959.75
    },
    "tl_rsts": {
        "FFN": {
            "tl_rst": {
                "comp_latency": 0.16063291914893618,
                "mem_latency": 1.1000633239746094e-05,
                "traffic": 4724736,
                "energy": 540972915005.33,
                "traffic_energy": 9777045868089.014,
                "traffic_energy_foreach": {
                    "DRAM": 147411763.2,
                    "L3": 9774709926461.52,
                    "reg_file": 2188529864.2944,
                    "traffic": {
                        "DRAM": {
                            "read": 590592.0,
                            "write": 0.0,
                            "update": 0,
                            "leak": 0
                        },
                        "L3": {
                            "read": 855687168.0,
                            "write": 603989004.0,
                            "update": 0,
                            "leak": 0
                        },
                        "reg_file_2d": {
                            "read": 603783168.0,
                            "write": 455196672.0,
                            "update": 0,
                            "leak": 0
                        },
                        "reg_file_1d": {
                            "read": 0,
                            "write": 0,
                            "update": 0,
                            "leak": 0
                        }
                    }
                },
                "mac_instances": 65536,
                "mac_utilized_instances": 65536
            },
            "factors": {
                "DRAM": {
                    "B": 64,
                    "S": 2,
                    "P": 64,
                    "F": 1,
                    "H": 1
                },
                "L3": {
                    "B": 1,
                    "S": 6,
                    "P": 4,
                    "F": 64,
                    "H": 12
                },
                "PE": {
                    "B": 1,
                    "S": 1,
                    "P": 256,
                    "F": 1,
                    "H": 1
                },
                "PE_col": {
                    "B": 1,
                    "S": 256,
                    "P": 1,
                    "F": 1,
                    "H": 1
                },
                "reg_file": {
                    "B": 1,
                    "S": 1,
                    "P": 1,
                    "F": 1,
                    "H": 1
                }
            }
        },
        "AR": {
            "tl_rst": {
                "comp_latency": 0.48189875744680855,
                "mem_latency": 0.0,
                "traffic": 0,
                "energy": 704391816.41,
                "traffic_energy": 691637530386.2354,
                "traffic_energy_foreach": {
                    "DRAM": 0.0,
                    "L3": 691637530386.2354,
                    "reg_file": 0.0,
                    "traffic": {
                        "DRAM": {
                            "read": 0.0,
                            "write": 0.0,
                            "update": 0,
                            "leak": 0
                        },
                        "L3": {
                            "read": 50331648.0,
                            "write": 50331648.0,
                            "update": 0,
                            "leak": 0
                        },
                        "reg_file_2d": {
                            "read": 0,
                            "write": 0,
                            "update": 0,
                            "leak": 0
                        },
                        "reg_file_1d": {
                            "read": 0.0,
                            "write": 0.0,
                            "update": 0,
                            "leak": 0
                        }
                    }
                },
                "mac_instances": 256,
                "mac_utilized_instances": 256
            },
            "factors": {
                "DRAM": {
                    "B": 64,
                    "S": 2,
                    "P": 64
                },
                "L3": {
                    "B": 1,
                    "S": 1536,
                    "P": 4
                },
                "PE": {
                    "B": 1,
                    "S": 1,
                    "P": 256
                },
                "reg_file": {
                    "B": 1,
                    "S": 1,
                    "P": 1
                }
            }
        },
        "FFNT": {
            "tl_rst": {
                "comp_latency": 0.16063291914893618,
                "mem_latency": 1.0989904403686523e-05,
                "traffic": 4720128,
                "energy": 540972915005.33,
                "traffic_energy": 6431375312223.577,
                "traffic_energy_foreach": {
                    "DRAM": 147267993.6,
                    "L3": 6428803045339.932,
                    "reg_file": 2424998890.04544,
                    "traffic": {
                        "DRAM": {
                            "read": 590016.0,
                            "write": 0.0,
                            "update": 0,
                            "leak": 0
                        },
                        "L3": {
                            "read": 893976576.0,
                            "write": 151004163.0,
                            "update": 0,
                            "leak": 0
                        },
                        "reg_file_2d": {
                            "read": 591396864.0,
                            "write": 593756160.0,
                            "update": 0,
                            "leak": 0
                        },
                        "reg_file_1d": {
                            "read": 0,
                            "write": 0,
                            "update": 0,
                            "leak": 0
                        }
                    }
                },
                "mac_instances": 65536,
                "mac_utilized_instances": 65536
            },
            "factors": {
                "DRAM": {
                    "B": 64,
                    "F": 1,
                    "H": 1,
                    "P": 64,
                    "S": 2
                },
                "L3": {
                    "B": 1,
                    "F": 64,
                    "H": 12,
                    "P": 4,
                    "S": 6
                },
                "PE": {
                    "B": 1,
                    "F": 1,
                    "H": 1,
                    "P": 256,
                    "S": 1
                },
                "PE_col": {
                    "B": 1,
                    "F": 1,
                    "H": 1,
                    "P": 1,
                    "S": 256
                },
                "reg_file": {
                    "B": 1,
                    "F": 1,
                    "H": 1,
                    "P": 1,
                    "S": 1
                }
            }
        }
    }
}