{
    "latency": 0.05577531914893617,
    "energy": 40337830795510.4,
    "energy_rsts": {
        "DRAM": 2094435532.8,
        "L3": 2501640674846.987,
        "reg_file": 515745282.35519993,
        "PE": 37833579939848.26,
        "total": 40337830795510.4
    },
    "tl_rsts": {
        "FFN": {
            "tl_rst": {
                "comp_latency": 0.017848102127659575,
                "mem_latency": 7.816314697265624e-05,
                "traffic": 33570816,
                "energy": 60108101667.26,
                "traffic_energy": 647260208649.1958,
                "traffic_energy_foreach": {
                    "DRAM": 1047409459.1999999,
                    "L3": 645969825277.1741,
                    "reg_file": 242973912.82176,
                    "traffic": {
                        "DRAM": {
                            "read": 4196352.0,
                            "write": 0.0,
                            "update": 0,
                            "leak": 0
                        },
                        "L3": {
                            "read": 65015808.0,
                            "write": 33620000.0,
                            "update": 0,
                            "leak": 0
                        },
                        "reg_file_2d": {
                            "read": 67100672.0,
                            "write": 50458624.0,
                            "update": 0,
                            "leak": 0
                        },
                        "reg_file_1d": {
                            "read": 0,
                            "write": 0,
                            "update": 0,
                            "leak": 0
                        }
                    }
                },
                "mac_instances": 65536,
                "mac_utilized_instances": 65536
            },
            "factors": {
                "DRAM": {
                    "B": 64,
                    "S": 8,
                    "P": 2,
                    "F": 1,
                    "H": 1
                },
                "L3": {
                    "B": 1,
                    "S": 4,
                    "P": 2,
                    "F": 128,
                    "H": 16
                },
                "PE": {
                    "B": 1,
                    "S": 1,
                    "P": 256,
                    "F": 1,
                    "H": 1
                },
                "PE_col": {
                    "B": 1,
                    "S": 256,
                    "P": 1,
                    "F": 1,
                    "H": 1
                },
                "reg_file": {
                    "B": 1,
                    "S": 1,
                    "P": 1,
                    "F": 1,
                    "H": 1
                }
            }
        },
        "AR": {
            "tl_rst": {
                "comp_latency": 0.020079114893617023,
                "mem_latency": 0.0,
                "traffic": 0,
                "energy": 29349659.02,
                "traffic_energy": 28818230432.759808,
                "traffic_energy_foreach": {
                    "DRAM": 0.0,
                    "L3": 28818230432.759808,
                    "reg_file": 0.0,
                    "traffic": {
                        "DRAM": {
                            "read": 0.0,
                            "write": 0.0,
                            "update": 0,
                            "leak": 0
                        },
                        "L3": {
                            "read": 2097152.0,
                            "write": 2097152.0,
                            "update": 0,
                            "leak": 0
                        },
                        "reg_file_2d": {
                            "read": 0,
                            "write": 0,
                            "update": 0,
                            "leak": 0
                        },
                        "reg_file_1d": {
                            "read": 0.0,
                            "write": 0.0,
                            "update": 0,
                            "leak": 0
                        }
                    }
                },
                "mac_instances": 256,
                "mac_utilized_instances": 256
            },
            "factors": {
                "DRAM": {
                    "B": 64,
                    "S": 8,
                    "P": 2
                },
                "L3": {
                    "B": 1,
                    "S": 1024,
                    "P": 2
                },
                "PE": {
                    "B": 1,
                    "S": 1,
                    "P": 256
                },
                "reg_file": {
                    "B": 1,
                    "S": 1,
                    "P": 1
                }
            }
        },
        "FFNT": {
            "tl_rst": {
                "comp_latency": 0.017848102127659575,
                "mem_latency": 7.813453674316407e-05,
                "traffic": 33558528,
                "energy": 60108101667.26,
                "traffic_energy": 524633745008.6707,
                "traffic_energy_foreach": {
                    "DRAM": 1047026073.6,
                    "L3": 523313947565.5373,
                    "reg_file": 272771369.53344,
                    "traffic": {
                        "DRAM": {
                            "read": 4194816.0,
                            "write": 0.0,
                            "update": 0,
                            "leak": 0
                        },
                        "L3": {
                            "read": 66650112.0,
                            "write": 16842760.0,
                            "update": 0,
                            "leak": 0
                        },
                        "reg_file_2d": {
                            "read": 66584576.0,
                            "write": 66715648.0,
                            "update": 0,
                            "leak": 0
                        },
                        "reg_file_1d": {
                            "read": 0,
                            "write": 0,
                            "update": 0,
                            "leak": 0
                        }
                    }
                },
                "mac_instances": 65536,
                "mac_utilized_instances": 65536
            },
            "factors": {
                "DRAM": {
                    "B": 64,
                    "F": 1,
                    "H": 1,
                    "P": 2,
                    "S": 8
                },
                "L3": {
                    "B": 1,
                    "F": 128,
                    "H": 16,
                    "P": 2,
                    "S": 4
                },
                "PE": {
                    "B": 1,
                    "F": 1,
                    "H": 1,
                    "P": 256,
                    "S": 1
                },
                "PE_col": {
                    "B": 1,
                    "F": 1,
                    "H": 1,
                    "P": 1,
                    "S": 256
                },
                "reg_file": {
                    "B": 1,
                    "F": 1,
                    "H": 1,
                    "P": 1,
                    "S": 1
                }
            }
        }
    }
}