{
    "latency": 0.011155063829787235,
    "energy": 10423509846182.648,
    "energy_rsts": {
        "DRAM": 131022028.8,
        "L3": 986952676542.2849,
        "reg_file": 127428418.09920001,
        "PE": 9436298719193.465,
        "total": 10423509846182.648
    },
    "tl_rsts": {
        "FFN": {
            "tl_rst": {
                "comp_latency": 0.004462025531914894,
                "mem_latency": 4.892349243164062e-06,
                "traffic": 2101248,
                "energy": 15027025416.81,
                "traffic_energy": 267584002613.66177,
                "traffic_energy_foreach": {
                    "DRAM": 65558937.6,
                    "L3": 267457661057.3661,
                    "reg_file": 60782618.69567999,
                    "traffic": {
                        "DRAM": {
                            "read": 262656.0,
                            "write": 0.0,
                            "update": 0,
                            "leak": 0
                        },
                        "L3": {
                            "read": 23070720.0,
                            "write": 16781320.0,
                            "update": 0,
                            "leak": 0
                        },
                        "reg_file_2d": {
                            "read": 16769024.0,
                            "write": 12642304.0,
                            "update": 0,
                            "leak": 0
                        },
                        "reg_file_1d": {
                            "read": 0,
                            "write": 0,
                            "update": 0,
                            "leak": 0
                        }
                    }
                },
                "mac_instances": 65536,
                "mac_utilized_instances": 65536
            },
            "factors": {
                "DRAM": {
                    "B": 64,
                    "S": 1,
                    "P": 4,
                    "F": 1,
                    "H": 1
                },
                "L3": {
                    "B": 1,
                    "S": 8,
                    "P": 4,
                    "F": 64,
                    "H": 8
                },
                "PE": {
                    "B": 1,
                    "S": 1,
                    "P": 256,
                    "F": 1,
                    "H": 1
                },
                "PE_col": {
                    "B": 1,
                    "S": 256,
                    "P": 1,
                    "F": 1,
                    "H": 1
                },
                "reg_file": {
                    "B": 1,
                    "S": 1,
                    "P": 1,
                    "F": 1,
                    "H": 1
                }
            }
        },
        "AR": {
            "tl_rst": {
                "comp_latency": 0.002231012765957447,
                "mem_latency": 0.0,
                "traffic": 0,
                "energy": 29349659.02,
                "traffic_energy": 28818230432.759808,
                "traffic_energy_foreach": {
                    "DRAM": 0.0,
                    "L3": 28818230432.759808,
                    "reg_file": 0.0,
                    "traffic": {
                        "DRAM": {
                            "read": 0.0,
                            "write": 0.0,
                            "update": 0,
                            "leak": 0
                        },
                        "L3": {
                            "read": 2097152.0,
                            "write": 2097152.0,
                            "update": 0,
                            "leak": 0
                        },
                        "reg_file_2d": {
                            "read": 0,
                            "write": 0,
                            "update": 0,
                            "leak": 0
                        },
                        "reg_file_1d": {
                            "read": 0.0,
                            "write": 0.0,
                            "update": 0,
                            "leak": 0
                        }
                    }
                },
                "mac_instances": 256,
                "mac_utilized_instances": 256
            },
            "factors": {
                "DRAM": {
                    "B": 64,
                    "S": 1,
                    "P": 4
                },
                "L3": {
                    "B": 1,
                    "S": 2048,
                    "P": 4
                },
                "PE": {
                    "B": 1,
                    "S": 1,
                    "P": 256
                },
                "reg_file": {
                    "B": 1,
                    "S": 1,
                    "P": 1
                }
            }
        },
        "FFNT": {
            "tl_rst": {
                "comp_latency": 0.004462025531914894,
                "mem_latency": 4.885196685791015e-06,
                "traffic": 2098176,
                "energy": 15027025416.81,
                "traffic_energy": 177716155614.96527,
                "traffic_energy_foreach": {
                    "DRAM": 65463091.199999996,
                    "L3": 177584046724.36172,
                    "reg_file": 66645799.40352,
                    "traffic": {
                        "DRAM": {
                            "read": 262272.0,
                            "write": 0.0,
                            "update": 0,
                            "leak": 0
                        },
                        "L3": {
                            "read": 24657920.0,
                            "write": 4198402.0,
                            "update": 0,
                            "leak": 0
                        },
                        "reg_file_2d": {
                            "read": 16252928.0,
                            "write": 16318464.0,
                            "update": 0,
                            "leak": 0
                        },
                        "reg_file_1d": {
                            "read": 0,
                            "write": 0,
                            "update": 0,
                            "leak": 0
                        }
                    }
                },
                "mac_instances": 65536,
                "mac_utilized_instances": 65536
            },
            "factors": {
                "DRAM": {
                    "B": 64,
                    "F": 1,
                    "H": 1,
                    "P": 4,
                    "S": 1
                },
                "L3": {
                    "B": 1,
                    "F": 64,
                    "H": 8,
                    "P": 4,
                    "S": 8
                },
                "PE": {
                    "B": 1,
                    "F": 1,
                    "H": 1,
                    "P": 256,
                    "S": 1
                },
                "PE_col": {
                    "B": 1,
                    "F": 1,
                    "H": 1,
                    "P": 1,
                    "S": 256
                },
                "reg_file": {
                    "B": 1,
                    "F": 1,
                    "H": 1,
                    "P": 1,
                    "S": 1
                }
            }
        }
    }
}