{
    "latency": 57.11392680851064,
    "energy": 4.130168342182762e+16,
    "energy_rsts": {
        "DRAM": 2094435532.8,
        "L3": 2559567345818332.5,
        "reg_file": 528123169131.72473,
        "PE": 3.8741585858404616e+16,
        "total": 4.130168342182762e+16
    },
    "tl_rsts": {
        "FFN": {
            "tl_rst": {
                "comp_latency": 18.276456578723405,
                "mem_latency": 7.816314697265624e-05,
                "traffic": 33570816,
                "energy": 61550696107272.57,
                "traffic_energy": 661194281939185.8,
                "traffic_energy_foreach": {
                    "DRAM": 1047409459.1999999,
                    "L3": 660944429242997.0,
                    "reg_file": 248805286729.48224,
                    "traffic": {
                        "DRAM": {
                            "read": 4196352.0,
                            "write": 0.0,
                            "update": 0,
                            "leak": 0
                        },
                        "L3": {
                            "read": 66576187392.0,
                            "write": 34359803936.0,
                            "update": 0,
                            "leak": 0
                        },
                        "reg_file_2d": {
                            "read": 68711088128.0,
                            "write": 51669630976.0,
                            "update": 0,
                            "leak": 0
                        },
                        "reg_file_1d": {
                            "read": 0,
                            "write": 0,
                            "update": 0,
                            "leak": 0
                        }
                    }
                },
                "mac_instances": 65536,
                "mac_utilized_instances": 65536
            },
            "factors": {
                "DRAM": {
                    "B": 64,
                    "S": 8,
                    "P": 2048,
                    "F": 1,
                    "H": 1
                },
                "L3": {
                    "B": 1,
                    "S": 4,
                    "P": 2,
                    "F": 128,
                    "H": 16
                },
                "PE": {
                    "B": 1,
                    "S": 1,
                    "P": 256,
                    "F": 1,
                    "H": 1
                },
                "PE_col": {
                    "B": 1,
                    "S": 256,
                    "P": 1,
                    "F": 1,
                    "H": 1
                },
                "reg_file": {
                    "B": 1,
                    "S": 1,
                    "P": 1,
                    "F": 1,
                    "H": 1
                }
            }
        },
        "AR": {
            "tl_rst": {
                "comp_latency": 20.56101365106383,
                "mem_latency": 0.0,
                "traffic": 0,
                "energy": 30054050833.63,
                "traffic_energy": 29509867963146.043,
                "traffic_energy_foreach": {
                    "DRAM": 0.0,
                    "L3": 29509867963146.043,
                    "reg_file": 0.0,
                    "traffic": {
                        "DRAM": {
                            "read": 0.0,
                            "write": 0.0,
                            "update": 0,
                            "leak": 0
                        },
                        "L3": {
                            "read": 2147483648.0,
                            "write": 2147483648.0,
                            "update": 0,
                            "leak": 0
                        },
                        "reg_file_2d": {
                            "read": 0,
                            "write": 0,
                            "update": 0,
                            "leak": 0
                        },
                        "reg_file_1d": {
                            "read": 0.0,
                            "write": 0.0,
                            "update": 0,
                            "leak": 0
                        }
                    }
                },
                "mac_instances": 256,
                "mac_utilized_instances": 256
            },
            "factors": {
                "DRAM": {
                    "B": 64,
                    "S": 8,
                    "P": 2048
                },
                "L3": {
                    "B": 1,
                    "S": 1024,
                    "P": 2
                },
                "PE": {
                    "B": 1,
                    "S": 1,
                    "P": 256
                },
                "reg_file": {
                    "B": 1,
                    "S": 1,
                    "P": 1
                }
            }
        },
        "FFNT": {
            "tl_rst": {
                "comp_latency": 18.276456578723405,
                "mem_latency": 7.813453674316407e-05,
                "traffic": 33558528,
                "energy": 61550696107272.57,
                "traffic_energy": 535625368885679.5,
                "traffic_energy_foreach": {
                    "DRAM": 1047026073.6,
                    "L3": 535345003977203.6,
                    "reg_file": 279317882402.24255,
                    "traffic": {
                        "DRAM": {
                            "read": 4194816.0,
                            "write": 0.0,
                            "update": 0,
                            "leak": 0
                        },
                        "L3": {
                            "read": 68249714688.0,
                            "write": 17179934728.0,
                            "update": 0,
                            "leak": 0
                        },
                        "reg_file_2d": {
                            "read": 68182605824.0,
                            "write": 68316823552.0,
                            "update": 0,
                            "leak": 0
                        },
                        "reg_file_1d": {
                            "read": 0,
                            "write": 0,
                            "update": 0,
                            "leak": 0
                        }
                    }
                },
                "mac_instances": 65536,
                "mac_utilized_instances": 65536
            },
            "factors": {
                "DRAM": {
                    "B": 64,
                    "F": 1,
                    "H": 1,
                    "P": 2048,
                    "S": 8
                },
                "L3": {
                    "B": 1,
                    "F": 128,
                    "H": 16,
                    "P": 2,
                    "S": 4
                },
                "PE": {
                    "B": 1,
                    "F": 1,
                    "H": 1,
                    "P": 256,
                    "S": 1
                },
                "PE_col": {
                    "B": 1,
                    "F": 1,
                    "H": 1,
                    "P": 1,
                    "S": 256
                },
                "reg_file": {
                    "B": 1,
                    "F": 1,
                    "H": 1,
                    "P": 1,
                    "S": 1
                }
            }
        }
    }
}