{
    "latency": 0.16063291914893618,
    "energy": 166561148004958.72,
    "energy_rsts": {
        "DRAM": 523768627.2,
        "L3": 15577908853278.262,
        "reg_file": 2056289660.928,
        "PE": 150980659093392.34,
        "total": 166561148004958.72
    },
    "tl_rsts": {
        "FFN": {
            "tl_rst": {
                "comp_latency": 0.0713924085106383,
                "mem_latency": 1.9550323486328125e-05,
                "traffic": 8396800,
                "energy": 240432406669.03,
                "traffic_energy": 4378482317800.6978,
                "traffic_energy_foreach": {
                    "DRAM": 261980160.0,
                    "L3": 4377247547511.239,
                    "reg_file": 972790129.4591999,
                    "traffic": {
                        "DRAM": {
                            "read": 1049600.0,
                            "write": 0.0,
                            "update": 0,
                            "leak": 0
                        },
                        "L3": {
                            "read": 385908736.0,
                            "write": 268451856.0,
                            "update": 0,
                            "leak": 0
                        },
                        "reg_file_2d": {
                            "read": 268369920.0,
                            "write": 202342400.0,
                            "update": 0,
                            "leak": 0
                        },
                        "reg_file_1d": {
                            "read": 0,
                            "write": 0,
                            "update": 0,
                            "leak": 0
                        }
                    }
                },
                "mac_instances": 65536,
                "mac_utilized_instances": 65536
            },
            "factors": {
                "DRAM": {
                    "B": 64,
                    "S": 2,
                    "P": 32,
                    "F": 1,
                    "H": 1
                },
                "L3": {
                    "B": 1,
                    "S": 8,
                    "P": 2,
                    "F": 64,
                    "H": 16
                },
                "PE": {
                    "B": 1,
                    "S": 1,
                    "P": 256,
                    "F": 1,
                    "H": 1
                },
                "PE_col": {
                    "B": 1,
                    "S": 256,
                    "P": 1,
                    "F": 1,
                    "H": 1
                },
                "reg_file": {
                    "B": 1,
                    "S": 1,
                    "P": 1,
                    "F": 1,
                    "H": 1
                }
            }
        },
        "AR": {
            "tl_rst": {
                "comp_latency": 0.017848102127659575,
                "mem_latency": 0.0,
                "traffic": 0,
                "energy": 234797272.14,
                "traffic_energy": 230545843462.07846,
                "traffic_energy_foreach": {
                    "DRAM": 0.0,
                    "L3": 230545843462.07846,
                    "reg_file": 0.0,
                    "traffic": {
                        "DRAM": {
                            "read": 0.0,
                            "write": 0.0,
                            "update": 0,
                            "leak": 0
                        },
                        "L3": {
                            "read": 16777216.0,
                            "write": 16777216.0,
                            "update": 0,
                            "leak": 0
                        },
                        "reg_file_2d": {
                            "read": 0,
                            "write": 0,
                            "update": 0,
                            "leak": 0
                        },
                        "reg_file_1d": {
                            "read": 0.0,
                            "write": 0.0,
                            "update": 0,
                            "leak": 0
                        }
                    }
                },
                "mac_instances": 256,
                "mac_utilized_instances": 256
            },
            "factors": {
                "DRAM": {
                    "B": 64,
                    "S": 2,
                    "P": 32
                },
                "L3": {
                    "B": 1,
                    "S": 2048,
                    "P": 2
                },
                "PE": {
                    "B": 1,
                    "S": 1,
                    "P": 256
                },
                "reg_file": {
                    "B": 1,
                    "S": 1,
                    "P": 1
                }
            }
        },
        "FFNT": {
            "tl_rst": {
                "comp_latency": 0.0713924085106383,
                "mem_latency": 1.953601837158203e-05,
                "traffic": 8390656,
                "energy": 240432406669.03,
                "traffic_energy": 2866880728112.389,
                "traffic_energy_foreach": {
                    "DRAM": 261788467.2,
                    "L3": 2865535440113.72,
                    "reg_file": 1083499531.4688,
                    "traffic": {
                        "DRAM": {
                            "read": 1048832.0,
                            "write": 0.0,
                            "update": 0,
                            "leak": 0
                        },
                        "L3": {
                            "read": 398721024.0,
                            "write": 67125252.0,
                            "update": 0,
                            "leak": 0
                        },
                        "reg_file_2d": {
                            "read": 264241152.0,
                            "write": 265289728.0,
                            "update": 0,
                            "leak": 0
                        },
                        "reg_file_1d": {
                            "read": 0,
                            "write": 0,
                            "update": 0,
                            "leak": 0
                        }
                    }
                },
                "mac_instances": 65536,
                "mac_utilized_instances": 65536
            },
            "factors": {
                "DRAM": {
                    "B": 64,
                    "F": 1,
                    "H": 1,
                    "P": 32,
                    "S": 2
                },
                "L3": {
                    "B": 1,
                    "F": 64,
                    "H": 16,
                    "P": 2,
                    "S": 8
                },
                "PE": {
                    "B": 1,
                    "F": 1,
                    "H": 1,
                    "P": 256,
                    "S": 1
                },
                "PE_col": {
                    "B": 1,
                    "F": 1,
                    "H": 1,
                    "P": 1,
                    "S": 256
                },
                "reg_file": {
                    "B": 1,
                    "F": 1,
                    "H": 1,
                    "P": 1,
                    "S": 1
                }
            }
        }
    }
}