{
    "latency": 9.15830740425532,
    "energy": 47146557707045.74,
    "energy_rsts": {
        "DRAM": 2094435532.8,
        "L3": 9178339282643.098,
        "reg_file": 132544049021.58337,
        "PE": 37833579939848.26,
        "total": 47146557707045.74
    },
    "tl_rsts": {
        "FFN": {
            "tl_rst": {
                "comp_latency": 4.569114144680851,
                "mem_latency": 0.00104217529296875,
                "traffic": 33570816,
                "energy": 60108101667.26,
                "traffic_energy": 7704268187428.739,
                "traffic_energy_foreach": {
                    "DRAM": 1047409459.1999999,
                    "L3": 7641021201778.891,
                    "reg_file": 62199576190.648315,
                    "traffic": {
                        "DRAM": {
                            "read": 4196352.0,
                            "write": 0.0,
                            "update": 0,
                            "leak": 0
                        },
                        "L3": {
                            "read": 568336384.0,
                            "write": 33620000.0,
                            "update": 0,
                            "leak": 0
                        },
                        "reg_file_2d": {
                            "read": 17177772032.0,
                            "write": 12916490240.0,
                            "update": 0,
                            "leak": 0
                        },
                        "reg_file_1d": {
                            "read": 0,
                            "write": 0,
                            "update": 0,
                            "leak": 0
                        }
                    }
                },
                "mac_instances": 256,
                "mac_utilized_instances": 256
            },
            "factors": {
                "DRAM": {
                    "B": 64,
                    "S": 32,
                    "P": 4,
                    "F": 1,
                    "H": 1
                },
                "L3": {
                    "B": 1,
                    "S": 16,
                    "P": 16,
                    "F": 128,
                    "H": 16
                },
                "PE": {
                    "B": 1,
                    "S": 1,
                    "P": 16,
                    "F": 1,
                    "H": 1
                },
                "PE_col": {
                    "B": 1,
                    "S": 16,
                    "P": 1,
                    "F": 1,
                    "H": 1
                },
                "reg_file": {
                    "B": 1,
                    "S": 1,
                    "P": 1,
                    "F": 1,
                    "H": 1
                }
            }
        },
        "AR": {
            "tl_rst": {
                "comp_latency": 0.020079114893617023,
                "mem_latency": 0.0,
                "traffic": 0,
                "energy": 29349659.02,
                "traffic_energy": 59274367900.58189,
                "traffic_energy_foreach": {
                    "DRAM": 0.0,
                    "L3": 59274367900.58189,
                    "reg_file": 0.0,
                    "traffic": {
                        "DRAM": {
                            "read": 0.0,
                            "write": 0.0,
                            "update": 0,
                            "leak": 0
                        },
                        "L3": {
                            "read": 2097152.0,
                            "write": 2097152.0,
                            "update": 0,
                            "leak": 0
                        },
                        "reg_file_2d": {
                            "read": 0,
                            "write": 0,
                            "update": 0,
                            "leak": 0
                        },
                        "reg_file_1d": {
                            "read": 0.0,
                            "write": 0.0,
                            "update": 0,
                            "leak": 0
                        }
                    }
                },
                "mac_instances": 256,
                "mac_utilized_instances": 256
            },
            "factors": {
                "DRAM": {
                    "B": 64,
                    "S": 32,
                    "P": 4
                },
                "L3": {
                    "B": 1,
                    "S": 16,
                    "P": 16
                },
                "PE": {
                    "B": 1,
                    "S": 16,
                    "P": 16
                },
                "reg_file": {
                    "B": 1,
                    "S": 1,
                    "P": 1
                }
            }
        },
        "FFNT": {
            "tl_rst": {
                "comp_latency": 4.569114144680851,
                "mem_latency": 0.0010417938232421876,
                "traffic": 33558528,
                "energy": 60108101667.26,
                "traffic_energy": 11641639164277.799,
                "traffic_energy_foreach": {
                    "DRAM": 1047026073.6,
                    "L3": 11570247665373.264,
                    "reg_file": 70344472830.93503,
                    "traffic": {
                        "DRAM": {
                            "read": 4194816.0,
                            "write": 0.0,
                            "update": 0,
                            "leak": 0
                        },
                        "L3": {
                            "read": 586678272.0,
                            "write": 268501000.0,
                            "update": 0,
                            "leak": 0
                        },
                        "reg_file_2d": {
                            "read": 17171480576.0,
                            "write": 17205035008.0,
                            "update": 0,
                            "leak": 0
                        },
                        "reg_file_1d": {
                            "read": 0,
                            "write": 0,
                            "update": 0,
                            "leak": 0
                        }
                    }
                },
                "mac_instances": 256,
                "mac_utilized_instances": 256
            },
            "factors": {
                "DRAM": {
                    "B": 64,
                    "F": 1,
                    "H": 1,
                    "P": 4,
                    "S": 32
                },
                "L3": {
                    "B": 1,
                    "F": 128,
                    "H": 16,
                    "P": 16,
                    "S": 16
                },
                "PE": {
                    "B": 1,
                    "F": 1,
                    "H": 1,
                    "P": 16,
                    "S": 1
                },
                "PE_col": {
                    "B": 1,
                    "F": 1,
                    "H": 1,
                    "P": 1,
                    "S": 16
                },
                "reg_file": {
                    "B": 1,
                    "F": 1,
                    "H": 1,
                    "P": 1,
                    "S": 1
                }
            }
        }
    }
}