{
    "latency": 36.63322961702128,
    "energy": 188576847374456.3,
    "energy_rsts": {
        "DRAM": 2094435532.8,
        "L3": 36710256983444.13,
        "reg_file": 530176196086.3335,
        "PE": 151334319759393.03,
        "total": 188576847374456.3
    },
    "tl_rsts": {
        "FFN": {
            "tl_rst": {
                "comp_latency": 18.276456578723405,
                "mem_latency": 0.00104217529296875,
                "traffic": 33570816,
                "energy": 240432406669.03,
                "traffic_energy": 30810832146037.004,
                "traffic_energy_foreach": {
                    "DRAM": 1047409459.1999999,
                    "L3": 30560986431815.21,
                    "reg_file": 248798304762.59326,
                    "traffic": {
                        "DRAM": {
                            "read": 4196352.0,
                            "write": 0.0,
                            "update": 0,
                            "leak": 0
                        },
                        "L3": {
                            "read": 2273345536.0,
                            "write": 134283296.0,
                            "update": 0,
                            "leak": 0
                        },
                        "reg_file_2d": {
                            "read": 68711088128.0,
                            "write": 51665960960.0,
                            "update": 0,
                            "leak": 0
                        },
                        "reg_file_1d": {
                            "read": 0,
                            "write": 0,
                            "update": 0,
                            "leak": 0
                        }
                    }
                },
                "mac_instances": 256,
                "mac_utilized_instances": 256
            },
            "factors": {
                "DRAM": {
                    "B": 64,
                    "S": 32,
                    "P": 16,
                    "F": 1,
                    "H": 1
                },
                "L3": {
                    "B": 1,
                    "S": 16,
                    "P": 16,
                    "F": 128,
                    "H": 16
                },
                "PE": {
                    "B": 1,
                    "S": 1,
                    "P": 16,
                    "F": 1,
                    "H": 1
                },
                "PE_col": {
                    "B": 1,
                    "S": 16,
                    "P": 1,
                    "F": 1,
                    "H": 1
                },
                "reg_file": {
                    "B": 1,
                    "S": 1,
                    "P": 1,
                    "F": 1,
                    "H": 1
                }
            }
        },
        "AR": {
            "tl_rst": {
                "comp_latency": 0.08031645957446809,
                "mem_latency": 0.0,
                "traffic": 0,
                "energy": 117398636.07,
                "traffic_energy": 237097471602.32755,
                "traffic_energy_foreach": {
                    "DRAM": 0.0,
                    "L3": 237097471602.32755,
                    "reg_file": 0.0,
                    "traffic": {
                        "DRAM": {
                            "read": 0.0,
                            "write": 0.0,
                            "update": 0,
                            "leak": 0
                        },
                        "L3": {
                            "read": 8388608.0,
                            "write": 8388608.0,
                            "update": 0,
                            "leak": 0
                        },
                        "reg_file_2d": {
                            "read": 0,
                            "write": 0,
                            "update": 0,
                            "leak": 0
                        },
                        "reg_file_1d": {
                            "read": 0.0,
                            "write": 0.0,
                            "update": 0,
                            "leak": 0
                        }
                    }
                },
                "mac_instances": 256,
                "mac_utilized_instances": 256
            },
            "factors": {
                "DRAM": {
                    "B": 64,
                    "S": 32,
                    "P": 16
                },
                "L3": {
                    "B": 1,
                    "S": 16,
                    "P": 16
                },
                "PE": {
                    "B": 1,
                    "S": 16,
                    "P": 16
                },
                "reg_file": {
                    "B": 1,
                    "S": 1,
                    "P": 1
                }
            }
        },
        "FFNT": {
            "tl_rst": {
                "comp_latency": 18.276456578723405,
                "mem_latency": 0.0010417938232421876,
                "traffic": 33558528,
                "energy": 240432406669.03,
                "traffic_energy": 46560318337695.2,
                "traffic_energy_foreach": {
                    "DRAM": 1047026073.6,
                    "L3": 46277893420297.86,
                    "reg_file": 281377891323.7401,
                    "traffic": {
                        "DRAM": {
                            "read": 4194816.0,
                            "write": 0.0,
                            "update": 0,
                            "leak": 0
                        },
                        "L3": {
                            "read": 2346713088.0,
                            "write": 1073807368.0,
                            "update": 0,
                            "leak": 0
                        },
                        "reg_file_2d": {
                            "read": 68685922304.0,
                            "write": 68820140032.0,
                            "update": 0,
                            "leak": 0
                        },
                        "reg_file_1d": {
                            "read": 0,
                            "write": 0,
                            "update": 0,
                            "leak": 0
                        }
                    }
                },
                "mac_instances": 256,
                "mac_utilized_instances": 256
            },
            "factors": {
                "DRAM": {
                    "B": 64,
                    "F": 1,
                    "H": 1,
                    "P": 16,
                    "S": 32
                },
                "L3": {
                    "B": 1,
                    "F": 128,
                    "H": 16,
                    "P": 16,
                    "S": 16
                },
                "PE": {
                    "B": 1,
                    "F": 1,
                    "H": 1,
                    "P": 16,
                    "S": 1
                },
                "PE_col": {
                    "B": 1,
                    "F": 1,
                    "H": 1,
                    "P": 1,
                    "S": 16
                },
                "reg_file": {
                    "B": 1,
                    "F": 1,
                    "H": 1,
                    "P": 1,
                    "S": 1
                }
            }
        }
    }
}