{
    "latency": 9378.106781957447,
    "energy": 4.827487533429405e+16,
    "energy_rsts": {
        "DRAM": 2094435532.8,
        "L3": 9397562275255796.0,
        "reg_file": 135725106198101.38,
        "PE": 3.8741585858404616e+16,
        "total": 4.827487533429405e+16
    },
    "tl_rsts": {
        "FFN": {
            "tl_rst": {
                "comp_latency": 4678.772884153192,
                "mem_latency": 0.00104217529296875,
                "traffic": 33570816,
                "energy": 61550696107272.57,
                "traffic_energy": 7887042578072846.0,
                "traffic_energy_foreach": {
                    "DRAM": 1047409459.1999999,
                    "L3": 7823349164644163.0,
                    "reg_file": 63692366019223.875,
                    "traffic": {
                        "DRAM": {
                            "read": 4196352.0,
                            "write": 0.0,
                            "update": 0,
                            "leak": 0
                        },
                        "L3": {
                            "read": 581976457216.0,
                            "write": 34359803936.0,
                            "update": 0,
                            "leak": 0
                        },
                        "reg_file_2d": {
                            "read": 17590038560768.0,
                            "write": 13226486005760.0,
                            "update": 0,
                            "leak": 0
                        },
                        "reg_file_1d": {
                            "read": 0,
                            "write": 0,
                            "update": 0,
                            "leak": 0
                        }
                    }
                },
                "mac_instances": 256,
                "mac_utilized_instances": 256
            },
            "factors": {
                "DRAM": {
                    "B": 64,
                    "S": 32,
                    "P": 4096,
                    "F": 1,
                    "H": 1
                },
                "L3": {
                    "B": 1,
                    "S": 16,
                    "P": 16,
                    "F": 128,
                    "H": 16
                },
                "PE": {
                    "B": 1,
                    "S": 1,
                    "P": 16,
                    "F": 1,
                    "H": 1
                },
                "PE_col": {
                    "B": 1,
                    "S": 16,
                    "P": 1,
                    "F": 1,
                    "H": 1
                },
                "reg_file": {
                    "B": 1,
                    "S": 1,
                    "P": 1,
                    "F": 1,
                    "H": 1
                }
            }
        },
        "AR": {
            "tl_rst": {
                "comp_latency": 20.56101365106383,
                "mem_latency": 0.0,
                "traffic": 0,
                "energy": 30054050833.63,
                "traffic_energy": 60696952730195.85,
                "traffic_energy_foreach": {
                    "DRAM": 0.0,
                    "L3": 60696952730195.85,
                    "reg_file": 0.0,
                    "traffic": {
                        "DRAM": {
                            "read": 0.0,
                            "write": 0.0,
                            "update": 0,
                            "leak": 0
                        },
                        "L3": {
                            "read": 2147483648.0,
                            "write": 2147483648.0,
                            "update": 0,
                            "leak": 0
                        },
                        "reg_file_2d": {
                            "read": 0,
                            "write": 0,
                            "update": 0,
                            "leak": 0
                        },
                        "reg_file_1d": {
                            "read": 0.0,
                            "write": 0.0,
                            "update": 0,
                            "leak": 0
                        }
                    }
                },
                "mac_instances": 256,
                "mac_utilized_instances": 256
            },
            "factors": {
                "DRAM": {
                    "B": 64,
                    "S": 32,
                    "P": 4096
                },
                "L3": {
                    "B": 1,
                    "S": 16,
                    "P": 16
                },
                "PE": {
                    "B": 1,
                    "S": 16,
                    "P": 16
                },
                "reg_file": {
                    "B": 1,
                    "S": 1,
                    "P": 1
                }
            }
        },
        "FFNT": {
            "tl_rst": {
                "comp_latency": 4678.772884153192,
                "mem_latency": 0.0010417938232421876,
                "traffic": 33558528,
                "energy": 61550696107272.57,
                "traffic_energy": 1.1918911237299612e+16,
                "traffic_energy_foreach": {
                    "DRAM": 1047026073.6,
                    "L3": 1.184687745009466e+16,
                    "reg_file": 72032740178877.47,
                    "traffic": {
                        "DRAM": {
                            "read": 4194816.0,
                            "write": 0.0,
                            "update": 0,
                            "leak": 0
                        },
                        "L3": {
                            "read": 600758550528.0,
                            "write": 274877972488.0,
                            "update": 0,
                            "leak": 0
                        },
                        "reg_file_2d": {
                            "read": 17583596109824.0,
                            "write": 17617955848192.0,
                            "update": 0,
                            "leak": 0
                        },
                        "reg_file_1d": {
                            "read": 0,
                            "write": 0,
                            "update": 0,
                            "leak": 0
                        }
                    }
                },
                "mac_instances": 256,
                "mac_utilized_instances": 256
            },
            "factors": {
                "DRAM": {
                    "B": 64,
                    "F": 1,
                    "H": 1,
                    "P": 4096,
                    "S": 32
                },
                "L3": {
                    "B": 1,
                    "F": 128,
                    "H": 16,
                    "P": 16,
                    "S": 16
                },
                "PE": {
                    "B": 1,
                    "F": 1,
                    "H": 1,
                    "P": 16,
                    "S": 1
                },
                "PE_col": {
                    "B": 1,
                    "F": 1,
                    "H": 1,
                    "P": 1,
                    "S": 16
                },
                "reg_file": {
                    "B": 1,
                    "F": 1,
                    "H": 1,
                    "P": 1,
                    "S": 1
                }
            }
        }
    }
}