{
    "latency": 1323.615253787234,
    "energy": 6907828025401104.0,
    "energy_rsts": {
        "DRAM": 294679756.8,
        "L3": 1419470939039312.2,
        "reg_file": 19094415561656.895,
        "PE": 5469262376120378.0,
        "total": 6907828025401104.0
    },
    "tl_rsts": {
        "FFN": {
            "tl_rst": {
                "comp_latency": 657.9524368340426,
                "mem_latency": 0.00014667510986328126,
                "traffic": 4724736,
                "energy": 8655566640085.21,
                "traffic_energy": 1239387827878649.5,
                "traffic_energy_foreach": {
                    "DRAM": 147411763.2,
                    "L3": 1230423821215319.2,
                    "reg_file": 8963859251567.002,
                    "traffic": {
                        "DRAM": {
                            "read": 590592.0,
                            "write": 0.0,
                            "update": 0,
                            "leak": 0
                        },
                        "L3": {
                            "read": 86168567808.0,
                            "write": 9663685644.0,
                            "update": 0,
                            "leak": 0
                        },
                        "reg_file_2d": {
                            "read": 2473095856128.0,
                            "write": 1864296824832.0,
                            "update": 0,
                            "leak": 0
                        },
                        "reg_file_1d": {
                            "read": 0,
                            "write": 0,
                            "update": 0,
                            "leak": 0
                        }
                    }
                },
                "mac_instances": 256,
                "mac_utilized_instances": 256
            },
            "factors": {
                "DRAM": {
                    "B": 64,
                    "S": 8,
                    "P": 1024,
                    "F": 1,
                    "H": 1
                },
                "L3": {
                    "B": 1,
                    "S": 24,
                    "P": 64,
                    "F": 64,
                    "H": 12
                },
                "PE": {
                    "B": 1,
                    "S": 1,
                    "P": 16,
                    "F": 1,
                    "H": 1
                },
                "PE_col": {
                    "B": 1,
                    "S": 16,
                    "P": 1,
                    "F": 1,
                    "H": 1
                },
                "reg_file": {
                    "B": 1,
                    "S": 1,
                    "P": 1,
                    "F": 1,
                    "H": 1
                }
            }
        },
        "AR": {
            "tl_rst": {
                "comp_latency": 7.710380119148937,
                "mem_latency": 0.0,
                "traffic": 0,
                "energy": 11270269062.61,
                "traffic_energy": 22761357273823.445,
                "traffic_energy_foreach": {
                    "DRAM": 0.0,
                    "L3": 22761357273823.445,
                    "reg_file": 0.0,
                    "traffic": {
                        "DRAM": {
                            "read": 0.0,
                            "write": 0.0,
                            "update": 0,
                            "leak": 0
                        },
                        "L3": {
                            "read": 805306368.0,
                            "write": 805306368.0,
                            "update": 0,
                            "leak": 0
                        },
                        "reg_file_2d": {
                            "read": 0,
                            "write": 0,
                            "update": 0,
                            "leak": 0
                        },
                        "reg_file_1d": {
                            "read": 0.0,
                            "write": 0.0,
                            "update": 0,
                            "leak": 0
                        }
                    }
                },
                "mac_instances": 256,
                "mac_utilized_instances": 256
            },
            "factors": {
                "DRAM": {
                    "B": 64,
                    "S": 8,
                    "P": 1024
                },
                "L3": {
                    "B": 1,
                    "S": 24,
                    "P": 64
                },
                "PE": {
                    "B": 1,
                    "S": 16,
                    "P": 16
                },
                "reg_file": {
                    "B": 1,
                    "S": 1,
                    "P": 1
                }
            }
        },
        "FFNT": {
            "tl_rst": {
                "comp_latency": 657.9524368340426,
                "mem_latency": 0.00014653205871582032,
                "traffic": 4720128,
                "energy": 8655566640085.21,
                "traffic_energy": 1734983009994979.2,
                "traffic_energy_foreach": {
                    "DRAM": 147267993.6,
                    "L3": 1724852306416895.8,
                    "reg_file": 10130556310089.89,
                    "traffic": {
                        "DRAM": {
                            "read": 590016.0,
                            "write": 0.0,
                            "update": 0,
                            "leak": 0
                        },
                        "L3": {
                            "read": 89187680256.0,
                            "write": 38654714883.0,
                            "update": 0,
                            "leak": 0
                        },
                        "reg_file_2d": {
                            "read": 2470679937024.0,
                            "write": 2480343613440.0,
                            "update": 0,
                            "leak": 0
                        },
                        "reg_file_1d": {
                            "read": 0,
                            "write": 0,
                            "update": 0,
                            "leak": 0
                        }
                    }
                },
                "mac_instances": 256,
                "mac_utilized_instances": 256
            },
            "factors": {
                "DRAM": {
                    "B": 64,
                    "F": 1,
                    "H": 1,
                    "P": 1024,
                    "S": 8
                },
                "L3": {
                    "B": 1,
                    "F": 64,
                    "H": 12,
                    "P": 64,
                    "S": 24
                },
                "PE": {
                    "B": 1,
                    "F": 1,
                    "H": 1,
                    "P": 16,
                    "S": 1
                },
                "PE_col": {
                    "B": 1,
                    "F": 1,
                    "H": 1,
                    "P": 1,
                    "S": 16
                },
                "reg_file": {
                    "B": 1,
                    "F": 1,
                    "H": 1,
                    "P": 1,
                    "S": 1
                }
            }
        }
    }
}