{
    "latency": 5.170372085106383,
    "energy": 26984141578231.89,
    "energy_rsts": {
        "DRAM": 294679756.8,
        "L3": 5544953180967.14,
        "reg_file": 74587560787.72224,
        "PE": 21364306156720.227,
        "total": 26984141578231.89
    },
    "tl_rsts": {
        "FFN": {
            "tl_rst": {
                "comp_latency": 2.570126706382979,
                "mem_latency": 0.00014667510986328126,
                "traffic": 4724736,
                "energy": 33810807187.83,
                "traffic_energy": 4841650325274.202,
                "traffic_energy_foreach": {
                    "DRAM": 147411763.2,
                    "L3": 4806487838309.568,
                    "reg_file": 35015075201.4336,
                    "traffic": {
                        "DRAM": {
                            "read": 590592.0,
                            "write": 0.0,
                            "update": 0,
                            "leak": 0
                        },
                        "L3": {
                            "read": 336595968.0,
                            "write": 37757964.0,
                            "update": 0,
                            "leak": 0
                        },
                        "reg_file_2d": {
                            "read": 9660530688.0,
                            "write": 7282409472.0,
                            "update": 0,
                            "leak": 0
                        },
                        "reg_file_1d": {
                            "read": 0,
                            "write": 0,
                            "update": 0,
                            "leak": 0
                        }
                    }
                },
                "mac_instances": 256,
                "mac_utilized_instances": 256
            },
            "factors": {
                "DRAM": {
                    "B": 64,
                    "S": 8,
                    "P": 4,
                    "F": 1,
                    "H": 1
                },
                "L3": {
                    "B": 1,
                    "S": 24,
                    "P": 64,
                    "F": 64,
                    "H": 12
                },
                "PE": {
                    "B": 1,
                    "S": 1,
                    "P": 16,
                    "F": 1,
                    "H": 1
                },
                "PE_col": {
                    "B": 1,
                    "S": 16,
                    "P": 1,
                    "F": 1,
                    "H": 1
                },
                "reg_file": {
                    "B": 1,
                    "S": 1,
                    "P": 1,
                    "F": 1,
                    "H": 1
                }
            }
        },
        "AR": {
            "tl_rst": {
                "comp_latency": 0.030118672340425534,
                "mem_latency": 0.0,
                "traffic": 0,
                "energy": 44024488.53,
                "traffic_energy": 88911551850.87283,
                "traffic_energy_foreach": {
                    "DRAM": 0.0,
                    "L3": 88911551850.87283,
                    "reg_file": 0.0,
                    "traffic": {
                        "DRAM": {
                            "read": 0.0,
                            "write": 0.0,
                            "update": 0,
                            "leak": 0
                        },
                        "L3": {
                            "read": 3145728.0,
                            "write": 3145728.0,
                            "update": 0,
                            "leak": 0
                        },
                        "reg_file_2d": {
                            "read": 0,
                            "write": 0,
                            "update": 0,
                            "leak": 0
                        },
                        "reg_file_1d": {
                            "read": 0.0,
                            "write": 0.0,
                            "update": 0,
                            "leak": 0
                        }
                    }
                },
                "mac_instances": 256,
                "mac_utilized_instances": 256
            },
            "factors": {
                "DRAM": {
                    "B": 64,
                    "S": 8,
                    "P": 4
                },
                "L3": {
                    "B": 1,
                    "S": 24,
                    "P": 64
                },
                "PE": {
                    "B": 1,
                    "S": 16,
                    "P": 16
                },
                "reg_file": {
                    "B": 1,
                    "S": 1,
                    "P": 1
                }
            }
        },
        "FFNT": {
            "tl_rst": {
                "comp_latency": 2.570126706382979,
                "mem_latency": 0.00014653205871582032,
                "traffic": 4720128,
                "energy": 33810807187.83,
                "traffic_energy": 6777568720998.732,
                "traffic_energy_foreach": {
                    "DRAM": 147267993.6,
                    "L3": 6737848967418.844,
                    "reg_file": 39572485586.288635,
                    "traffic": {
                        "DRAM": {
                            "read": 590016.0,
                            "write": 0.0,
                            "update": 0,
                            "leak": 0
                        },
                        "L3": {
                            "read": 348389376.0,
                            "write": 151004163.0,
                            "update": 0,
                            "leak": 0
                        },
                        "reg_file_2d": {
                            "read": 9651093504.0,
                            "write": 9688842240.0,
                            "update": 0,
                            "leak": 0
                        },
                        "reg_file_1d": {
                            "read": 0,
                            "write": 0,
                            "update": 0,
                            "leak": 0
                        }
                    }
                },
                "mac_instances": 256,
                "mac_utilized_instances": 256
            },
            "factors": {
                "DRAM": {
                    "B": 64,
                    "F": 1,
                    "H": 1,
                    "P": 4,
                    "S": 8
                },
                "L3": {
                    "B": 1,
                    "F": 64,
                    "H": 12,
                    "P": 64,
                    "S": 24
                },
                "PE": {
                    "B": 1,
                    "F": 1,
                    "H": 1,
                    "P": 16,
                    "S": 1
                },
                "PE_col": {
                    "B": 1,
                    "F": 1,
                    "H": 1,
                    "P": 1,
                    "S": 16
                },
                "reg_file": {
                    "B": 1,
                    "F": 1,
                    "H": 1,
                    "P": 1,
                    "S": 1
                }
            }
        }
    }
}