{
    "latency": 36.57076125957447,
    "energy": 190905880011223.4,
    "energy_rsts": {
        "DRAM": 523768627.2,
        "L3": 39394181939520.92,
        "reg_file": 530515209682.94403,
        "PE": 150980659093392.34,
        "total": 190905880011223.4
    },
    "tl_rsts": {
        "FFN": {
            "tl_rst": {
                "comp_latency": 18.276456578723405,
                "mem_latency": 0.0002606709798177083,
                "traffic": 8396800,
                "energy": 240432406669.03,
                "traffic_energy": 34498088158146.62,
                "traffic_energy_foreach": {
                    "DRAM": 261980160.0,
                    "L3": 34248806866202.684,
                    "reg_file": 249019311783.93597,
                    "traffic": {
                        "DRAM": {
                            "read": 1049600.0,
                            "write": 0.0,
                            "update": 0,
                            "leak": 0
                        },
                        "L3": {
                            "read": 2399174656.0,
                            "write": 268451856.0,
                            "update": 0,
                            "leak": 0
                        },
                        "reg_file_2d": {
                            "read": 68702699520.0,
                            "write": 51791790080.0,
                            "update": 0,
                            "leak": 0
                        },
                        "reg_file_1d": {
                            "read": 0,
                            "write": 0,
                            "update": 0,
                            "leak": 0
                        }
                    }
                },
                "mac_instances": 256,
                "mac_utilized_instances": 256
            },
            "factors": {
                "DRAM": {
                    "B": 64,
                    "S": 8,
                    "P": 32,
                    "F": 1,
                    "H": 1
                },
                "L3": {
                    "B": 1,
                    "S": 32,
                    "P": 32,
                    "F": 64,
                    "H": 16
                },
                "PE": {
                    "B": 1,
                    "S": 1,
                    "P": 16,
                    "F": 1,
                    "H": 1
                },
                "PE_col": {
                    "B": 1,
                    "S": 16,
                    "P": 1,
                    "F": 1,
                    "H": 1
                },
                "reg_file": {
                    "B": 1,
                    "S": 1,
                    "P": 1,
                    "F": 1,
                    "H": 1
                }
            }
        },
        "AR": {
            "tl_rst": {
                "comp_latency": 0.017848102127659575,
                "mem_latency": 0.0,
                "traffic": 0,
                "energy": 234797272.14,
                "traffic_energy": 474194943204.6551,
                "traffic_energy_foreach": {
                    "DRAM": 0.0,
                    "L3": 474194943204.6551,
                    "reg_file": 0.0,
                    "traffic": {
                        "DRAM": {
                            "read": 0.0,
                            "write": 0.0,
                            "update": 0,
                            "leak": 0
                        },
                        "L3": {
                            "read": 16777216.0,
                            "write": 16777216.0,
                            "update": 0,
                            "leak": 0
                        },
                        "reg_file_2d": {
                            "read": 0,
                            "write": 0,
                            "update": 0,
                            "leak": 0
                        },
                        "reg_file_1d": {
                            "read": 0.0,
                            "write": 0.0,
                            "update": 0,
                            "leak": 0
                        }
                    }
                },
                "mac_instances": 256,
                "mac_utilized_instances": 256
            },
            "factors": {
                "DRAM": {
                    "B": 64,
                    "S": 8,
                    "P": 32
                },
                "L3": {
                    "B": 1,
                    "S": 32,
                    "P": 32
                },
                "PE": {
                    "B": 1,
                    "S": 16,
                    "P": 16
                },
                "reg_file": {
                    "B": 1,
                    "S": 1,
                    "P": 1
                }
            }
        },
        "FFNT": {
            "tl_rst": {
                "comp_latency": 18.276456578723405,
                "mem_latency": 0.0002604802449544271,
                "traffic": 8390656,
                "energy": 240432406669.03,
                "traffic_energy": 48212069961990.92,
                "traffic_energy_foreach": {
                    "DRAM": 261788467.2,
                    "L3": 47930312275624.71,
                    "reg_file": 281495897899.008,
                    "traffic": {
                        "DRAM": {
                            "read": 1048832.0,
                            "write": 0.0,
                            "update": 0,
                            "leak": 0
                        },
                        "L3": {
                            "read": 2478833664.0,
                            "write": 1073758212.0,
                            "update": 0,
                            "leak": 0
                        },
                        "reg_file_2d": {
                            "read": 68652367872.0,
                            "write": 68920803328.0,
                            "update": 0,
                            "leak": 0
                        },
                        "reg_file_1d": {
                            "read": 0,
                            "write": 0,
                            "update": 0,
                            "leak": 0
                        }
                    }
                },
                "mac_instances": 256,
                "mac_utilized_instances": 256
            },
            "factors": {
                "DRAM": {
                    "B": 64,
                    "F": 1,
                    "H": 1,
                    "P": 32,
                    "S": 8
                },
                "L3": {
                    "B": 1,
                    "F": 64,
                    "H": 16,
                    "P": 32,
                    "S": 32
                },
                "PE": {
                    "B": 1,
                    "F": 1,
                    "H": 1,
                    "P": 16,
                    "S": 1
                },
                "PE_col": {
                    "B": 1,
                    "F": 1,
                    "H": 1,
                    "P": 1,
                    "S": 16
                },
                "reg_file": {
                    "B": 1,
                    "F": 1,
                    "H": 1,
                    "P": 1,
                    "S": 1
                }
            }
        }
    }
}