{
    "latency": 82.72595336170212,
    "energy": 431739664156047.9,
    "energy_rsts": {
        "DRAM": 294679756.8,
        "L3": 88717069996163.9,
        "reg_file": 1193400972603.556,
        "PE": 341828898507523.6,
        "total": 431739664156047.9
    },
    "tl_rsts": {
        "FFN": {
            "tl_rst": {
                "comp_latency": 41.12202730212766,
                "mem_latency": 0.00014667510986328126,
                "traffic": 4724736,
                "energy": 540972915005.33,
                "traffic_energy": 77462013710766.86,
                "traffic_energy_foreach": {
                    "DRAM": 147411763.2,
                    "L3": 76901625095780.72,
                    "reg_file": 560241203222.9376,
                    "traffic": {
                        "DRAM": {
                            "read": 590592.0,
                            "write": 0.0,
                            "update": 0,
                            "leak": 0
                        },
                        "L3": {
                            "read": 5385535488.0,
                            "write": 603989004.0,
                            "update": 0,
                            "leak": 0
                        },
                        "reg_file_2d": {
                            "read": 154568491008.0,
                            "write": 116518551552.0,
                            "update": 0,
                            "leak": 0
                        },
                        "reg_file_1d": {
                            "read": 0,
                            "write": 0,
                            "update": 0,
                            "leak": 0
                        }
                    }
                },
                "mac_instances": 256,
                "mac_utilized_instances": 256
            },
            "factors": {
                "DRAM": {
                    "B": 64,
                    "S": 8,
                    "P": 64,
                    "F": 1,
                    "H": 1
                },
                "L3": {
                    "B": 1,
                    "S": 24,
                    "P": 64,
                    "F": 64,
                    "H": 12
                },
                "PE": {
                    "B": 1,
                    "S": 1,
                    "P": 16,
                    "F": 1,
                    "H": 1
                },
                "PE_col": {
                    "B": 1,
                    "S": 16,
                    "P": 1,
                    "F": 1,
                    "H": 1
                },
                "reg_file": {
                    "B": 1,
                    "S": 1,
                    "P": 1,
                    "F": 1,
                    "H": 1
                }
            }
        },
        "AR": {
            "tl_rst": {
                "comp_latency": 0.48189875744680855,
                "mem_latency": 0.0,
                "traffic": 0,
                "energy": 704391816.41,
                "traffic_energy": 1422584829613.9653,
                "traffic_energy_foreach": {
                    "DRAM": 0.0,
                    "L3": 1422584829613.9653,
                    "reg_file": 0.0,
                    "traffic": {
                        "DRAM": {
                            "read": 0.0,
                            "write": 0.0,
                            "update": 0,
                            "leak": 0
                        },
                        "L3": {
                            "read": 50331648.0,
                            "write": 50331648.0,
                            "update": 0,
                            "leak": 0
                        },
                        "reg_file_2d": {
                            "read": 0,
                            "write": 0,
                            "update": 0,
                            "leak": 0
                        },
                        "reg_file_1d": {
                            "read": 0.0,
                            "write": 0.0,
                            "update": 0,
                            "leak": 0
                        }
                    }
                },
                "mac_instances": 256,
                "mac_utilized_instances": 256
            },
            "factors": {
                "DRAM": {
                    "B": 64,
                    "S": 8,
                    "P": 64
                },
                "L3": {
                    "B": 1,
                    "S": 24,
                    "P": 64
                },
                "PE": {
                    "B": 1,
                    "S": 16,
                    "P": 16
                },
                "reg_file": {
                    "B": 1,
                    "S": 1,
                    "P": 1
                }
            }
        },
        "FFNT": {
            "tl_rst": {
                "comp_latency": 41.12202730212766,
                "mem_latency": 0.00014653205871582032,
                "traffic": 4720128,
                "energy": 540972915005.33,
                "traffic_energy": 108436712325350.53,
                "traffic_energy_foreach": {
                    "DRAM": 147267993.6,
                    "L3": 107803405287976.31,
                    "reg_file": 633159769380.6182,
                    "traffic": {
                        "DRAM": {
                            "read": 590016.0,
                            "write": 0.0,
                            "update": 0,
                            "leak": 0
                        },
                        "L3": {
                            "read": 5574230016.0,
                            "write": 2415928323.0,
                            "update": 0,
                            "leak": 0
                        },
                        "reg_file_2d": {
                            "read": 154417496064.0,
                            "write": 155021475840.0,
                            "update": 0,
                            "leak": 0
                        },
                        "reg_file_1d": {
                            "read": 0,
                            "write": 0,
                            "update": 0,
                            "leak": 0
                        }
                    }
                },
                "mac_instances": 256,
                "mac_utilized_instances": 256
            },
            "factors": {
                "DRAM": {
                    "B": 64,
                    "F": 1,
                    "H": 1,
                    "P": 64,
                    "S": 8
                },
                "L3": {
                    "B": 1,
                    "F": 64,
                    "H": 12,
                    "P": 64,
                    "S": 24
                },
                "PE": {
                    "B": 1,
                    "F": 1,
                    "H": 1,
                    "P": 16,
                    "S": 1
                },
                "PE_col": {
                    "B": 1,
                    "F": 1,
                    "H": 1,
                    "P": 1,
                    "S": 16
                },
                "reg_file": {
                    "B": 1,
                    "F": 1,
                    "H": 1,
                    "P": 1,
                    "S": 1
                }
            }
        }
    }
}